FA_SLMAS,_dta_index_FA_SLMAS_5_1026102696__K1_2,NONCLUSTERED,slname,0,0,0
FA_SLMAS,_dta_index_FA_SLMAS_5_1026102696__K1_2,NONCLUSTERED,slcode,1,0,0
FA_SLMAS,_dta_index_FA_SLMAS_5_1026102696__K1_K2_K104,NONCLUSTERED,slcode,1,0,0
FA_SLMAS,_dta_index_FA_SLMAS_5_1026102696__K1_K2_K104,NONCLUSTERED,slname,2,0,0
FA_SLMAS,_dta_index_FA_SLMAS_5_1026102696__K1_K2_K104,NONCLUSTERED,gstinno,3,0,0
FA_SLMAS,_dta_index_FA_SLMAS_65_494779899__K1_53,NONCLUSTERED,GROUPCODE,0,0,0
FA_SLMAS,_dta_index_FA_SLMAS_65_494779899__K1_53,NONCLUSTERED,slcode,1,0,0
FA_SLMAS,_dta_index_FA_SLMAS_65_494779899__K1_K34_K35_2_3_4_5_6_7_8_9_10_11_12_13_14_15_16_17_18_19_20_21_22_23_24_25_26_27_28_29_30_31_,NONCLUSTERED,slname,0,0,0
FA_SLMAS,_dta_index_FA_SLMAS_65_494779899__K1_K34_K35_2_3_4_5_6_7_8_9_10_11_12_13_14_15_16_17_18_19_20_21_22_23_24_25_26_27_28_29_30_31_,NONCLUSTERED,abbr,0,0,0
FA_SLMAS,_dta_index_FA_SLMAS_65_494779899__K1_K34_K35_2_3_4_5_6_7_8_9_10_11_12_13_14_15_16_17_18_19_20_21_22_23_24_25_26_27_28_29_30_31_,NONCLUSTERED,add1,0,0,0
FA_SLMAS,_dta_index_FA_SLMAS_65_494779899__K1_K34_K35_2_3_4_5_6_7_8_9_10_11_12_13_14_15_16_17_18_19_20_21_22_23_24_25_26_27_28_29_30_31_,NONCLUSTERED,add2,0,0,0
FA_SLMAS,_dta_index_FA_SLMAS_65_494779899__K1_K34_K35_2_3_4_5_6_7_8_9_10_11_12_13_14_15_16_17_18_19_20_21_22_23_24_25_26_27_28_29_30_31_,NONCLUSTERED,add3,0,0,0
FA_SLMAS,_dta_index_FA_SLMAS_65_494779899__K1_K34_K35_2_3_4_5_6_7_8_9_10_11_12_13_14_15_16_17_18_19_20_21_22_23_24_25_26_27_28_29_30_31_,NONCLUSTERED,city,0,0,0
FA_SLMAS,_dta_index_FA_SLMAS_65_494779899__K1_K34_K35_2_3_4_5_6_7_8_9_10_11_12_13_14_15_16_17_18_19_20_21_22_23_24_25_26_27_28_29_30_31_,NONCLUSTERED,pin,0,0,0
FA_SLMAS,_dta_index_FA_SLMAS_65_494779899__K1_K34_K35_2_3_4_5_6_7_8_9_10_11_12_13_14_15_16_17_18_19_20_21_22_23_24_25_26_27_28_29_30_31_,NONCLUSTERED,state,0,0,0
FA_SLMAS,_dta_index_FA_SLMAS_65_494779899__K1_K34_K35_2_3_4_5_6_7_8_9_10_11_12_13_14_15_16_17_18_19_20_21_22_23_24_25_26_27_28_29_30_31_,NONCLUSTERED,country,0,0,0
FA_SLMAS,_dta_index_FA_SLMAS_65_494779899__K1_K34_K35_2_3_4_5_6_7_8_9_10_11_12_13_14_15_16_17_18_19_20_21_22_23_24_25_26_27_28_29_30_31_,NONCLUSTERED,phone1,0,0,0
FA_SLMAS,_dta_index_FA_SLMAS_65_494779899__K1_K34_K35_2_3_4_5_6_7_8_9_10_11_12_13_14_15_16_17_18_19_20_21_22_23_24_25_26_27_28_29_30_31_,NONCLUSTERED,phone2,0,0,0
FA_SLMAS,_dta_index_FA_SLMAS_65_494779899__K1_K34_K35_2_3_4_5_6_7_8_9_10_11_12_13_14_15_16_17_18_19_20_21_22_23_24_25_26_27_28_29_30_31_,NONCLUSTERED,email,0,0,0
FA_SLMAS,_dta_index_FA_SLMAS_65_494779899__K1_K34_K35_2_3_4_5_6_7_8_9_10_11_12_13_14_15_16_17_18_19_20_21_22_23_24_25_26_27_28_29_30_31_,NONCLUSTERED,telegram,0,0,0
FA_SLMAS,_dta_index_FA_SLMAS_65_494779899__K1_K34_K35_2_3_4_5_6_7_8_9_10_11_12_13_14_15_16_17_18_19_20_21_22_23_24_25_26_27_28_29_30_31_,NONCLUSTERED,webaddr,0,0,0
FA_SLMAS,_dta_index_FA_SLMAS_65_494779899__K1_K34_K35_2_3_4_5_6_7_8_9_10_11_12_13_14_15_16_17_18_19_20_21_22_23_24_25_26_27_28_29_30_31_,NONCLUSTERED,fax,0,0,0
FA_SLMAS,_dta_index_FA_SLMAS_65_494779899__K1_K34_K35_2_3_4_5_6_7_8_9_10_11_12_13_14_15_16_17_18_19_20_21_22_23_24_25_26_27_28_29_30_31_,NONCLUSTERED,crlimit,0,0,0
FA_SLMAS,_dta_index_FA_SLMAS_65_494779899__K1_K34_K35_2_3_4_5_6_7_8_9_10_11_12_13_14_15_16_17_18_19_20_21_22_23_24_25_26_27_28_29_30_31_,NONCLUSTERED,bankadd1,0,0,0
FA_SLMAS,_dta_index_FA_SLMAS_65_494779899__K1_K34_K35_2_3_4_5_6_7_8_9_10_11_12_13_14_15_16_17_18_19_20_21_22_23_24_25_26_27_28_29_30_31_,NONCLUSTERED,bankadd2,0,0,0
FA_SLMAS,_dta_index_FA_SLMAS_65_494779899__K1_K34_K35_2_3_4_5_6_7_8_9_10_11_12_13_14_15_16_17_18_19_20_21_22_23_24_25_26_27_28_29_30_31_,NONCLUSTERED,carcode,0,0,0
FA_SLMAS,_dta_index_FA_SLMAS_65_494779899__K1_K34_K35_2_3_4_5_6_7_8_9_10_11_12_13_14_15_16_17_18_19_20_21_22_23_24_25_26_27_28_29_30_31_,NONCLUSTERED,areacode,0,0,0
FA_SLMAS,_dta_index_FA_SLMAS_65_494779899__K1_K34_K35_2_3_4_5_6_7_8_9_10_11_12_13_14_15_16_17_18_19_20_21_22_23_24_25_26_27_28_29_30_31_,NONCLUSTERED,pay_terms,0,0,0
FA_SLMAS,_dta_index_FA_SLMAS_65_494779899__K1_K34_K35_2_3_4_5_6_7_8_9_10_11_12_13_14_15_16_17_18_19_20_21_22_23_24_25_26_27_28_29_30_31_,NONCLUSTERED,crddays,0,0,0
FA_SLMAS,_dta_index_FA_SLMAS_65_494779899__K1_K34_K35_2_3_4_5_6_7_8_9_10_11_12_13_14_15_16_17_18_19_20_21_22_23_24_25_26_27_28_29_30_31_,NONCLUSTERED,tngst,0,0,0
FA_SLMAS,_dta_index_FA_SLMAS_65_494779899__K1_K34_K35_2_3_4_5_6_7_8_9_10_11_12_13_14_15_16_17_18_19_20_21_22_23_24_25_26_27_28_29_30_31_,NONCLUSTERED,tngstdt,0,0,0
FA_SLMAS,_dta_index_FA_SLMAS_65_494779899__K1_K34_K35_2_3_4_5_6_7_8_9_10_11_12_13_14_15_16_17_18_19_20_21_22_23_24_25_26_27_28_29_30_31_,NONCLUSTERED,cgstdt,0,0,0
FA_SLMAS,_dta_index_FA_SLMAS_65_494779899__K1_K34_K35_2_3_4_5_6_7_8_9_10_11_12_13_14_15_16_17_18_19_20_21_22_23_24_25_26_27_28_29_30_31_,NONCLUSTERED,cgst,0,0,0
FA_SLMAS,_dta_index_FA_SLMAS_65_494779899__K1_K34_K35_2_3_4_5_6_7_8_9_10_11_12_13_14_15_16_17_18_19_20_21_22_23_24_25_26_27_28_29_30_31_,NONCLUSTERED,ecc,0,0,0
FA_SLMAS,_dta_index_FA_SLMAS_65_494779899__K1_K34_K35_2_3_4_5_6_7_8_9_10_11_12_13_14_15_16_17_18_19_20_21_22_23_24_25_26_27_28_29_30_31_,NONCLUSTERED,pan,0,0,0
FA_SLMAS,_dta_index_FA_SLMAS_65_494779899__K1_K34_K35_2_3_4_5_6_7_8_9_10_11_12_13_14_15_16_17_18_19_20_21_22_23_24_25_26_27_28_29_30_31_,NONCLUSTERED,trn_debt,0,0,0
FA_SLMAS,_dta_index_FA_SLMAS_65_494779899__K1_K34_K35_2_3_4_5_6_7_8_9_10_11_12_13_14_15_16_17_18_19_20_21_22_23_24_25_26_27_28_29_30_31_,NONCLUSTERED,contper,0,0,0
FA_SLMAS,_dta_index_FA_SLMAS_65_494779899__K1_K34_K35_2_3_4_5_6_7_8_9_10_11_12_13_14_15_16_17_18_19_20_21_22_23_24_25_26_27_28_29_30_31_,NONCLUSTERED,contdesg,0,0,0
FA_SLMAS,_dta_index_FA_SLMAS_65_494779899__K1_K34_K35_2_3_4_5_6_7_8_9_10_11_12_13_14_15_16_17_18_19_20_21_22_23_24_25_26_27_28_29_30_31_,NONCLUSTERED,contphone,0,0,0
FA_SLMAS,_dta_index_FA_SLMAS_65_494779899__K1_K34_K35_2_3_4_5_6_7_8_9_10_11_12_13_14_15_16_17_18_19_20_21_22_23_24_25_26_27_28_29_30_31_,NONCLUSTERED,tax_code,0,0,0
FA_SLMAS,_dta_index_FA_SLMAS_65_494779899__K1_K34_K35_2_3_4_5_6_7_8_9_10_11_12_13_14_15_16_17_18_19_20_21_22_23_24_25_26_27_28_29_30_31_,NONCLUSTERED,insper,0,0,0
FA_SLMAS,_dta_index_FA_SLMAS_65_494779899__K1_K34_K35_2_3_4_5_6_7_8_9_10_11_12_13_14_15_16_17_18_19_20_21_22_23_24_25_26_27_28_29_30_31_,NONCLUSTERED,state_code,0,0,0
FA_SLMAS,_dta_index_FA_SLMAS_65_494779899__K1_K34_K35_2_3_4_5_6_7_8_9_10_11_12_13_14_15_16_17_18_19_20_21_22_23_24_25_26_27_28_29_30_31_,NONCLUSTERED,TINNO,0,0,0
FA_SLMAS,_dta_index_FA_SLMAS_65_494779899__K1_K34_K35_2_3_4_5_6_7_8_9_10_11_12_13_14_15_16_17_18_19_20_21_22_23_24_25_26_27_28_29_30_31_,NONCLUSTERED,CourierThrough,0,0,0
FA_SLMAS,_dta_index_FA_SLMAS_65_494779899__K1_K34_K35_2_3_4_5_6_7_8_9_10_11_12_13_14_15_16_17_18_19_20_21_22_23_24_25_26_27_28_29_30_31_,NONCLUSTERED,bankacno,0,0,0
FA_SLMAS,_dta_index_FA_SLMAS_65_494779899__K1_K34_K35_2_3_4_5_6_7_8_9_10_11_12_13_14_15_16_17_18_19_20_21_22_23_24_25_26_27_28_29_30_31_,NONCLUSTERED,ifsccode,0,0,0
FA_SLMAS,_dta_index_FA_SLMAS_65_494779899__K1_K34_K35_2_3_4_5_6_7_8_9_10_11_12_13_14_15_16_17_18_19_20_21_22_23_24_25_26_27_28_29_30_31_,NONCLUSTERED,OldSlcode,0,0,0
FA_SLMAS,_dta_index_FA_SLMAS_65_494779899__K1_K34_K35_2_3_4_5_6_7_8_9_10_11_12_13_14_15_16_17_18_19_20_21_22_23_24_25_26_27_28_29_30_31_,NONCLUSTERED,gstinno,0,0,0
FA_SLMAS,_dta_index_FA_SLMAS_65_494779899__K1_K34_K35_2_3_4_5_6_7_8_9_10_11_12_13_14_15_16_17_18_19_20_21_22_23_24_25_26_27_28_29_30_31_,NONCLUSTERED,gststatecode,0,0,0
FA_SLMAS,_dta_index_FA_SLMAS_65_494779899__K1_K34_K35_2_3_4_5_6_7_8_9_10_11_12_13_14_15_16_17_18_19_20_21_22_23_24_25_26_27_28_29_30_31_,NONCLUSTERED,supptype,0,0,0
FA_SLMAS,_dta_index_FA_SLMAS_65_494779899__K1_K34_K35_2_3_4_5_6_7_8_9_10_11_12_13_14_15_16_17_18_19_20_21_22_23_24_25_26_27_28_29_30_31_,NONCLUSTERED,slcode,1,0,0
FA_SLMAS,_dta_index_FA_SLMAS_65_494779899__K1_K34_K35_2_3_4_5_6_7_8_9_10_11_12_13_14_15_16_17_18_19_20_21_22_23_24_25_26_27_28_29_30_31_,NONCLUSTERED,prtytyp,2,0,0
FA_SLMAS,_dta_index_FA_SLMAS_65_494779899__K1_K34_K35_2_3_4_5_6_7_8_9_10_11_12_13_14_15_16_17_18_19_20_21_22_23_24_25_26_27_28_29_30_31_,NONCLUSTERED,BRCODE,3,0,0
FA_SLMAS,_dta_index_FA_SLMAS_7_494779899__K1_2_97_98,NONCLUSTERED,slname,0,0,0
FA_SLMAS,_dta_index_FA_SLMAS_7_494779899__K1_2_97_98,NONCLUSTERED,gstinno,0,0,0
FA_SLMAS,_dta_index_FA_SLMAS_7_494779899__K1_2_97_98,NONCLUSTERED,gststatecode,0,0,0
FA_SLMAS,_dta_index_FA_SLMAS_7_494779899__K1_2_97_98,NONCLUSTERED,slcode,1,0,0
FA_SLMAS,_dta_index_FA_SLMAS_7_494779899__K1_K2_K7_K55_K97_K98,NONCLUSTERED,slcode,1,0,0
FA_SLMAS,_dta_index_FA_SLMAS_7_494779899__K1_K2_K7_K55_K97_K98,NONCLUSTERED,slname,2,0,0
FA_SLMAS,_dta_index_FA_SLMAS_7_494779899__K1_K2_K7_K55_K97_K98,NONCLUSTERED,city,3,0,0
FA_SLMAS,_dta_index_FA_SLMAS_7_494779899__K1_K2_K7_K55_K97_K98,NONCLUSTERED,TINNO,4,0,0
FA_SLMAS,_dta_index_FA_SLMAS_7_494779899__K1_K2_K7_K55_K97_K98,NONCLUSTERED,gstinno,5,0,0
FA_SLMAS,_dta_index_FA_SLMAS_7_494779899__K1_K2_K7_K55_K97_K98,NONCLUSTERED,gststatecode,6,0,0
FA_SLMAS,faslmas,NONCLUSTERED,slcode,1,0,0
FA_SLMAS,faslmas,NONCLUSTERED,slname,2,0,0
FA_SLMAS,faslmas,NONCLUSTERED,add1,3,0,0
FA_SLMAS,faslmas,NONCLUSTERED,add2,4,0,0
FA_SLMAS,faslmas,NONCLUSTERED,add3,5,0,0
FA_SLMAS,faslmas,NONCLUSTERED,city,6,0,0
FA_SLMAS,faslmas,NONCLUSTERED,state,7,0,0
FA_SLMAS,faslmas,NONCLUSTERED,country,8,0,0
FA_SLMAS,faslmas,NONCLUSTERED,phone1,9,0,0
FA_SLMAS,faslmas,NONCLUSTERED,phone2,10,0,0
FA_SLMAS,faslmas,NONCLUSTERED,USERID,11,0,0
FA_SLMAS,faslmas,NONCLUSTERED,ptype,12,0,0
FA_SLMAS,faslmas,NONCLUSTERED,prtytyp,13,0,0
FA_SLMAS,faslmas,NONCLUSTERED,PARTY_TYPE,14,0,0
FA_SLMAS,faslmas,NONCLUSTERED,DIVISION,15,0,0
FA_SLMAS,faslmas1,NONCLUSTERED,slcode,1,0,0
FA_SLMAS,faslmas1,NONCLUSTERED,slname,2,0,0
FA_SLMAS,faslmas1,NONCLUSTERED,add1,3,0,0
FA_SLMAS,faslmas1,NONCLUSTERED,add2,4,0,0
FA_SLMAS,faslmas1,NONCLUSTERED,add3,5,0,0
FA_SLMAS,faslmas1,NONCLUSTERED,city,6,0,0
FA_SLMAS,faslmas1,NONCLUSTERED,state,7,0,0
FA_SLMAS,faslmas1,NONCLUSTERED,country,8,0,0
FA_SLMAS,faslmas1,NONCLUSTERED,phone1,9,0,0
FA_SLMAS,faslmas1,NONCLUSTERED,phone2,10,0,0
FA_SLMAS,faslmas1,NONCLUSTERED,USERID,11,0,0
FA_SLMAS,faslmas1,NONCLUSTERED,ptype,12,0,0
FA_SLMAS,faslmas1,NONCLUSTERED,prtytyp,13,0,0
FA_SLMAS,faslmas1,NONCLUSTERED,PARTY_TYPE,14,0,0
FA_SLMAS,faslmas1,NONCLUSTERED,DIVISION,15,0,0
FA_SLMAS,faslmas2,NONCLUSTERED,slcode,1,0,0
FA_SLMAS,faslmas2,NONCLUSTERED,slname,2,0,0
FA_SLMAS,faslmas2,NONCLUSTERED,add1,3,0,0
FA_SLMAS,faslmas2,NONCLUSTERED,add2,4,0,0
FA_SLMAS,faslmas2,NONCLUSTERED,add3,5,0,0
FA_SLMAS,faslmas2,NONCLUSTERED,city,6,0,0
FA_SLMAS,faslmas2,NONCLUSTERED,state,7,0,0
FA_SLMAS,faslmas2,NONCLUSTERED,country,8,0,0
FA_SLMAS,faslmas2,NONCLUSTERED,USERID,9,0,0
FA_SLMAS,faslmas2,NONCLUSTERED,ptype,10,0,0
FA_SLMAS,faslmas2,NONCLUSTERED,prtytyp,11,0,0
FA_SLMAS,faslmas2,NONCLUSTERED,PARTY_TYPE,12,0,0
FA_SLMAS,faslmas2,NONCLUSTERED,DIVISION,13,0,0
FA_SLMAS,faslmas3,NONCLUSTERED,slcode,1,0,0
FA_SLMAS,faslmas3,NONCLUSTERED,slname,2,0,0
FA_SLMAS,faslmas3,NONCLUSTERED,city,3,0,0
FA_SLMAS,faslmas3,NONCLUSTERED,state,4,0,0
FA_SLMAS,faslmas3,NONCLUSTERED,country,5,0,0
FA_SLMAS,faslmas3,NONCLUSTERED,USERID,6,0,0
FA_SLMAS,faslmas3,NONCLUSTERED,ptype,7,0,0
FA_SLMAS,faslmas3,NONCLUSTERED,prtytyp,8,0,0
FA_SLMAS,faslmas3,NONCLUSTERED,PARTY_TYPE,9,0,0
FA_SLMAS,faslmas3,NONCLUSTERED,DIVISION,10,0,0
FA_SLMAS,idx_slmas,CLUSTERED,slcode,1,0,0
FA_SLMAS,PK_FA_SLMAS,NONCLUSTERED,slcode,1,1,1
IG_STATE,PK_IG_STATE_1,CLUSTERED,STATE_CODE,1,1,1
PO_CAR,PK_PO_CAR,NONCLUSTERED,CARCODE,1,1,1
PP_DIVMAS,_dta_index_PP_DIVMAS_8_613577224__K1_K2_K4_K80_K81,NONCLUSTERED,DIVCODE,1,0,0
PP_DIVMAS,_dta_index_PP_DIVMAS_8_613577224__K1_K2_K4_K80_K81,NONCLUSTERED,DIVNAME,2,0,0
PP_DIVMAS,_dta_index_PP_DIVMAS_8_613577224__K1_K2_K4_K80_K81,NONCLUSTERED,ADD1,3,0,0
PP_DIVMAS,_dta_index_PP_DIVMAS_8_613577224__K1_K2_K4_K80_K81,NONCLUSTERED,div_printname,4,0,0
PP_DIVMAS,_dta_index_PP_DIVMAS_8_613577224__K1_K2_K4_K80_K81,NONCLUSTERED,div_unitname,5,0,0
PP_DIVMAS,_dta_index_PP_DIVMAS_c_5_403597322__K1,CLUSTERED,DIVCODE,1,0,0
PP_DIVMAS,PK_PP_DIVMAS,NONCLUSTERED,DIVCODE,1,1,1
PP_PASSWD,PK_PP_PASSWD,NONCLUSTERED,divcode,1,1,1
PP_PASSWD,PK_PP_PASSWD,NONCLUSTERED,user_id,2,1,1
PP_PASSWD,PK_PP_PASSWD,NONCLUSTERED,alevel,3,1,1
PP_PASSWD,PK_PP_PASSWD,NONCLUSTERED,module,4,1,1
RM_AREA,PK_RM_AREA,CLUSTERED,AREACODE,1,1,1
RM_ARRIVAL,_dta_index_RM_ARRIVAL_5_1624232407__K1_K29_K2_K3_K31_K11_K6_K21_K24_K17_K7_18_98,NONCLUSTERED,FREIGHT,0,0,0
RM_ARRIVAL,_dta_index_RM_ARRIVAL_5_1624232407__K1_K29_K2_K3_K31_K11_K6_K21_K24_K17_K7_18_98,NONCLUSTERED,loadchrgs,0,0,0
RM_ARRIVAL,_dta_index_RM_ARRIVAL_5_1624232407__K1_K29_K2_K3_K31_K11_K6_K21_K24_K17_K7_18_98,NONCLUSTERED,DIVCODE,1,0,0
RM_ARRIVAL,_dta_index_RM_ARRIVAL_5_1624232407__K1_K29_K2_K3_K31_K11_K6_K21_K24_K17_K7_18_98,NONCLUSTERED,LOTNO,2,0,0
RM_ARRIVAL,_dta_index_RM_ARRIVAL_5_1624232407__K1_K29_K2_K3_K31_K11_K6_K21_K24_K17_K7_18_98,NONCLUSTERED,ARRNO,3,0,0
RM_ARRIVAL,_dta_index_RM_ARRIVAL_5_1624232407__K1_K29_K2_K3_K31_K11_K6_K21_K24_K17_K7_18_98,NONCLUSTERED,ARRDATE,4,0,0
RM_ARRIVAL,_dta_index_RM_ARRIVAL_5_1624232407__K1_K29_K2_K3_K31_K11_K6_K21_K24_K17_K7_18_98,NONCLUSTERED,lotdt,5,0,0
RM_ARRIVAL,_dta_index_RM_ARRIVAL_5_1624232407__K1_K29_K2_K3_K31_K11_K6_K21_K24_K17_K7_18_98,NONCLUSTERED,VARCODE,6,0,0
RM_ARRIVAL,_dta_index_RM_ARRIVAL_5_1624232407__K1_K29_K2_K3_K31_K11_K6_K21_K24_K17_K7_18_98,NONCLUSTERED,SUPCD,7,0,0
RM_ARRIVAL,_dta_index_RM_ARRIVAL_5_1624232407__K1_K29_K2_K3_K31_K11_K6_K21_K24_K17_K7_18_98,NONCLUSTERED,QUANTITY,8,0,0
RM_ARRIVAL,_dta_index_RM_ARRIVAL_5_1624232407__K1_K29_K2_K3_K31_K11_K6_K21_K24_K17_K7_18_98,NONCLUSTERED,NETWT,9,0,0
RM_ARRIVAL,_dta_index_RM_ARRIVAL_5_1624232407__K1_K29_K2_K3_K31_K11_K6_K21_K24_K17_K7_18_98,NONCLUSTERED,LORRYNOS,10,0,0
RM_ARRIVAL,_dta_index_RM_ARRIVAL_5_1624232407__K1_K29_K2_K3_K31_K11_K6_K21_K24_K17_K7_18_98,NONCLUSTERED,AREACODE,11,0,0
RM_ARRIVAL,_dta_index_RM_ARRIVAL_65_298484142__K1_K3_K11_K6_2,NONCLUSTERED,ARRNO,0,0,0
RM_ARRIVAL,_dta_index_RM_ARRIVAL_65_298484142__K1_K3_K11_K6_2,NONCLUSTERED,DIVCODE,1,0,0
RM_ARRIVAL,_dta_index_RM_ARRIVAL_65_298484142__K1_K3_K11_K6_2,NONCLUSTERED,ARRDATE,2,0,0
RM_ARRIVAL,_dta_index_RM_ARRIVAL_65_298484142__K1_K3_K11_K6_2,NONCLUSTERED,VARCODE,3,0,0
RM_ARRIVAL,_dta_index_RM_ARRIVAL_65_298484142__K1_K3_K11_K6_2,NONCLUSTERED,SUPCD,4,0,0
RM_ARRIVAL,_dta_index_RM_ARRIVAL_65_298484142__K2_K1_K31_K29_K4_K5,NONCLUSTERED,ARRNO,1,0,0
RM_ARRIVAL,_dta_index_RM_ARRIVAL_65_298484142__K2_K1_K31_K29_K4_K5,NONCLUSTERED,DIVCODE,2,0,0
RM_ARRIVAL,_dta_index_RM_ARRIVAL_65_298484142__K2_K1_K31_K29_K4_K5,NONCLUSTERED,lotdt,3,0,0
RM_ARRIVAL,_dta_index_RM_ARRIVAL_65_298484142__K2_K1_K31_K29_K4_K5,NONCLUSTERED,LOTNO,4,0,0
RM_ARRIVAL,_dta_index_RM_ARRIVAL_65_298484142__K2_K1_K31_K29_K4_K5,NONCLUSTERED,CONTNO,5,0,0
RM_ARRIVAL,_dta_index_RM_ARRIVAL_65_298484142__K2_K1_K31_K29_K4_K5,NONCLUSTERED,CONTDT,6,0,0
RM_ARRIVAL,_dta_index_RM_ARRIVAL_65_298484142__K4_K5_K1,NONCLUSTERED,CONTNO,1,0,0
RM_ARRIVAL,_dta_index_RM_ARRIVAL_65_298484142__K4_K5_K1,NONCLUSTERED,CONTDT,2,0,0
RM_ARRIVAL,_dta_index_RM_ARRIVAL_65_298484142__K4_K5_K1,NONCLUSTERED,DIVCODE,3,0,0
RM_ARRIVAL,_dta_index_RM_ARRIVAL_65_298484142__K6_K1_2_3_4_5,NONCLUSTERED,ARRNO,0,0,0
RM_ARRIVAL,_dta_index_RM_ARRIVAL_65_298484142__K6_K1_2_3_4_5,NONCLUSTERED,ARRDATE,0,0,0
RM_ARRIVAL,_dta_index_RM_ARRIVAL_65_298484142__K6_K1_2_3_4_5,NONCLUSTERED,CONTNO,0,0,0
RM_ARRIVAL,_dta_index_RM_ARRIVAL_65_298484142__K6_K1_2_3_4_5,NONCLUSTERED,CONTDT,0,0,0
RM_ARRIVAL,_dta_index_RM_ARRIVAL_65_298484142__K6_K1_2_3_4_5,NONCLUSTERED,SUPCD,1,0,0
RM_ARRIVAL,_dta_index_RM_ARRIVAL_65_298484142__K6_K1_2_3_4_5,NONCLUSTERED,DIVCODE,2,0,0
RM_ARRIVAL,_dta_index_RM_ARRIVAL_8_298484142__K1_K31_K29_K4_K5_K2,NONCLUSTERED,DIVCODE,1,0,0
RM_ARRIVAL,_dta_index_RM_ARRIVAL_8_298484142__K1_K31_K29_K4_K5_K2,NONCLUSTERED,lotdt,2,0,0
RM_ARRIVAL,_dta_index_RM_ARRIVAL_8_298484142__K1_K31_K29_K4_K5_K2,NONCLUSTERED,LOTNO,3,0,0
RM_ARRIVAL,_dta_index_RM_ARRIVAL_8_298484142__K1_K31_K29_K4_K5_K2,NONCLUSTERED,CONTNO,4,0,0
RM_ARRIVAL,_dta_index_RM_ARRIVAL_8_298484142__K1_K31_K29_K4_K5_K2,NONCLUSTERED,CONTDT,5,0,0
RM_ARRIVAL,_dta_index_RM_ARRIVAL_8_298484142__K1_K31_K29_K4_K5_K2,NONCLUSTERED,ARRNO,6,0,0
RM_ARRIVAL,_dta_index_RM_ARRIVAL_c_5_1624232407__K3,CLUSTERED,ARRDATE,1,0,0
RM_ARRIVAL,KSL_RMI1,NONCLUSTERED,DIVCODE,0,0,0
RM_ARRIVAL,KSL_RMI1,NONCLUSTERED,ARRNO,0,0,0
RM_ARRIVAL,KSL_RMI1,NONCLUSTERED,CATCD,0,0,0
RM_ARRIVAL,KSL_RMI1,NONCLUSTERED,lottype,1,0,0
RM_ARRIVAL,KSL_RMI1,NONCLUSTERED,ARRDATE,2,0,0
RM_ARRIVAL,PK_RM_ARRIVAL_1,NONCLUSTERED,DIVCODE,1,1,1
RM_ARRIVAL,PK_RM_ARRIVAL_1,NONCLUSTERED,ARRNO,2,1,1
RM_ARRIVAL,PK_RM_ARRIVAL_1,NONCLUSTERED,ARRDATE,3,1,1
RM_ARRIVAL,PK_RM_ARRIVAL_1,NONCLUSTERED,CONTNO,4,1,1
RM_ARRIVAL,PK_RM_ARRIVAL_1,NONCLUSTERED,CONTDT,5,1,1
RM_ARRIVAL,PK_RM_ARRIVAL_1,NONCLUSTERED,VARCODE,6,1,1
RM_CAT,PK__RM_CAT__18F6A22A,CLUSTERED,CATCD,1,1,1
RM_CONT,_dta_index_RM_CONT_65_1959937233__K16_K2_1_3_4_5_7_13_14_15_17_18_19_20_21_22_23_27_28_29_31_32_33_34_35_36_37_38_44_45_46_57_,NONCLUSTERED,CONTNO,0,0,0
RM_CONT,_dta_index_RM_CONT_65_1959937233__K16_K2_1_3_4_5_7_13_14_15_17_18_19_20_21_22_23_27_28_29_31_32_33_34_35_36_37_38_44_45_46_57_,NONCLUSTERED,SUPCD,0,0,0
RM_CONT,_dta_index_RM_CONT_65_1959937233__K16_K2_1_3_4_5_7_13_14_15_17_18_19_20_21_22_23_27_28_29_31_32_33_34_35_36_37_38_44_45_46_57_,NONCLUSTERED,BRKCD,0,0,0
RM_CONT,_dta_index_RM_CONT_65_1959937233__K16_K2_1_3_4_5_7_13_14_15_17_18_19_20_21_22_23_27_28_29_31_32_33_34_35_36_37_38_44_45_46_57_,NONCLUSTERED,AREACODE,0,0,0
RM_CONT,_dta_index_RM_CONT_65_1959937233__K16_K2_1_3_4_5_7_13_14_15_17_18_19_20_21_22_23_27_28_29_31_32_33_34_35_36_37_38_44_45_46_57_,NONCLUSTERED,CNTCODE,0,0,0
RM_CONT,_dta_index_RM_CONT_65_1959937233__K16_K2_1_3_4_5_7_13_14_15_17_18_19_20_21_22_23_27_28_29_31_32_33_34_35_36_37_38_44_45_46_57_,NONCLUSTERED,PAYMODE,0,0,0
RM_CONT,_dta_index_RM_CONT_65_1959937233__K16_K2_1_3_4_5_7_13_14_15_17_18_19_20_21_22_23_27_28_29_31_32_33_34_35_36_37_38_44_45_46_57_,NONCLUSTERED,DLYTYPE,0,0,0
RM_CONT,_dta_index_RM_CONT_65_1959937233__K16_K2_1_3_4_5_7_13_14_15_17_18_19_20_21_22_23_27_28_29_31_32_33_34_35_36_37_38_44_45_46_57_,NONCLUSTERED,SALCNFNO,0,0,0
RM_CONT,_dta_index_RM_CONT_65_1959937233__K16_K2_1_3_4_5_7_13_14_15_17_18_19_20_21_22_23_27_28_29_31_32_33_34_35_36_37_38_44_45_46_57_,NONCLUSTERED,CARCODE,0,0,0
RM_CONT,_dta_index_RM_CONT_65_1959937233__K16_K2_1_3_4_5_7_13_14_15_17_18_19_20_21_22_23_27_28_29_31_32_33_34_35_36_37_38_44_45_46_57_,NONCLUSTERED,indentno,0,0,0
RM_CONT,_dta_index_RM_CONT_65_1959937233__K16_K2_1_3_4_5_7_13_14_15_17_18_19_20_21_22_23_27_28_29_31_32_33_34_35_36_37_38_44_45_46_57_,NONCLUSTERED,im_ind,0,0,0
RM_CONT,_dta_index_RM_CONT_65_1959937233__K16_K2_1_3_4_5_7_13_14_15_17_18_19_20_21_22_23_27_28_29_31_32_33_34_35_36_37_38_44_45_46_57_,NONCLUSTERED,duedate,0,0,0
RM_CONT,_dta_index_RM_CONT_65_1959937233__K16_K2_1_3_4_5_7_13_14_15_17_18_19_20_21_22_23_27_28_29_31_32_33_34_35_36_37_38_44_45_46_57_,NONCLUSTERED,weignment,0,0,0
RM_CONT,_dta_index_RM_CONT_65_1959937233__K16_K2_1_3_4_5_7_13_14_15_17_18_19_20_21_22_23_27_28_29_31_32_33_34_35_36_37_38_44_45_46_57_,NONCLUSTERED,GODOWN,0,0,0
RM_CONT,_dta_index_RM_CONT_65_1959937233__K16_K2_1_3_4_5_7_13_14_15_17_18_19_20_21_22_23_27_28_29_31_32_33_34_35_36_37_38_44_45_46_57_,NONCLUSTERED,COLORCODE,0,0,0
RM_CONT,_dta_index_RM_CONT_65_1959937233__K16_K2_1_3_4_5_7_13_14_15_17_18_19_20_21_22_23_27_28_29_31_32_33_34_35_36_37_38_44_45_46_57_,NONCLUSTERED,PAYTERMS,0,0,0
RM_CONT,_dta_index_RM_CONT_65_1959937233__K16_K2_1_3_4_5_7_13_14_15_17_18_19_20_21_22_23_27_28_29_31_32_33_34_35_36_37_38_44_45_46_57_,NONCLUSTERED,CROPYEAR,0,0,0
RM_CONT,_dta_index_RM_CONT_65_1959937233__K16_K2_1_3_4_5_7_13_14_15_17_18_19_20_21_22_23_27_28_29_31_32_33_34_35_36_37_38_44_45_46_57_,NONCLUSTERED,acceptance,0,0,0
RM_CONT,_dta_index_RM_CONT_65_1959937233__K16_K2_1_3_4_5_7_13_14_15_17_18_19_20_21_22_23_27_28_29_31_32_33_34_35_36_37_38_44_45_46_57_,NONCLUSTERED,PLOTNO,0,0,0
RM_CONT,_dta_index_RM_CONT_65_1959937233__K16_K2_1_3_4_5_7_13_14_15_17_18_19_20_21_22_23_27_28_29_31_32_33_34_35_36_37_38_44_45_46_57_,NONCLUSTERED,Prno,0,0,0
RM_CONT,_dta_index_RM_CONT_65_1959937233__K16_K2_1_3_4_5_7_13_14_15_17_18_19_20_21_22_23_27_28_29_31_32_33_34_35_36_37_38_44_45_46_57_,NONCLUSTERED,pressmarkno,0,0,0
RM_CONT,_dta_index_RM_CONT_65_1959937233__K16_K2_1_3_4_5_7_13_14_15_17_18_19_20_21_22_23_27_28_29_31_32_33_34_35_36_37_38_44_45_46_57_,NONCLUSTERED,rateunit,0,0,0
RM_CONT,_dta_index_RM_CONT_65_1959937233__K16_K2_1_3_4_5_7_13_14_15_17_18_19_20_21_22_23_27_28_29_31_32_33_34_35_36_37_38_44_45_46_57_,NONCLUSTERED,remarks,0,0,0
RM_CONT,_dta_index_RM_CONT_65_1959937233__K16_K2_1_3_4_5_7_13_14_15_17_18_19_20_21_22_23_27_28_29_31_32_33_34_35_36_37_38_44_45_46_57_,NONCLUSTERED,deladd,0,0,0
RM_CONT,_dta_index_RM_CONT_65_1959937233__K16_K2_1_3_4_5_7_13_14_15_17_18_19_20_21_22_23_27_28_29_31_32_33_34_35_36_37_38_44_45_46_57_,NONCLUSTERED,billadd,0,0,0
RM_CONT,_dta_index_RM_CONT_65_1959937233__K16_K2_1_3_4_5_7_13_14_15_17_18_19_20_21_22_23_27_28_29_31_32_33_34_35_36_37_38_44_45_46_57_,NONCLUSTERED,contperson,0,0,0
RM_CONT,_dta_index_RM_CONT_65_1959937233__K16_K2_1_3_4_5_7_13_14_15_17_18_19_20_21_22_23_27_28_29_31_32_33_34_35_36_37_38_44_45_46_57_,NONCLUSTERED,STAPLE,0,0,0
RM_CONT,_dta_index_RM_CONT_65_1959937233__K16_K2_1_3_4_5_7_13_14_15_17_18_19_20_21_22_23_27_28_29_31_32_33_34_35_36_37_38_44_45_46_57_,NONCLUSTERED,SEASON,0,0,0
RM_CONT,_dta_index_RM_CONT_65_1959937233__K16_K2_1_3_4_5_7_13_14_15_17_18_19_20_21_22_23_27_28_29_31_32_33_34_35_36_37_38_44_45_46_57_,NONCLUSTERED,MILLREFNO,0,0,0
RM_CONT,_dta_index_RM_CONT_65_1959937233__K16_K2_1_3_4_5_7_13_14_15_17_18_19_20_21_22_23_27_28_29_31_32_33_34_35_36_37_38_44_45_46_57_,NONCLUSTERED,arrivaltype,0,0,0
RM_CONT,_dta_index_RM_CONT_65_1959937233__K16_K2_1_3_4_5_7_13_14_15_17_18_19_20_21_22_23_27_28_29_31_32_33_34_35_36_37_38_44_45_46_57_,NONCLUSTERED,TAX_CHOICE,0,0,0
RM_CONT,_dta_index_RM_CONT_65_1959937233__K16_K2_1_3_4_5_7_13_14_15_17_18_19_20_21_22_23_27_28_29_31_32_33_34_35_36_37_38_44_45_46_57_,NONCLUSTERED,CREDITDAYS,0,0,0
RM_CONT,_dta_index_RM_CONT_65_1959937233__K16_K2_1_3_4_5_7_13_14_15_17_18_19_20_21_22_23_27_28_29_31_32_33_34_35_36_37_38_44_45_46_57_,NONCLUSTERED,INTERESTPER,0,0,0
RM_CONT,_dta_index_RM_CONT_65_1959937233__K16_K2_1_3_4_5_7_13_14_15_17_18_19_20_21_22_23_27_28_29_31_32_33_34_35_36_37_38_44_45_46_57_,NONCLUSTERED,SUPPLIERLOTNOFROM,0,0,0
RM_CONT,_dta_index_RM_CONT_65_1959937233__K16_K2_1_3_4_5_7_13_14_15_17_18_19_20_21_22_23_27_28_29_31_32_33_34_35_36_37_38_44_45_46_57_,NONCLUSTERED,SUPPLIERLOTNOTO,0,0,0
RM_CONT,_dta_index_RM_CONT_65_1959937233__K16_K2_1_3_4_5_7_13_14_15_17_18_19_20_21_22_23_27_28_29_31_32_33_34_35_36_37_38_44_45_46_57_,NONCLUSTERED,FinalWeighment,0,0,0
RM_CONT,_dta_index_RM_CONT_65_1959937233__K16_K2_1_3_4_5_7_13_14_15_17_18_19_20_21_22_23_27_28_29_31_32_33_34_35_36_37_38_44_45_46_57_,NONCLUSTERED,prefix,0,0,0
RM_CONT,_dta_index_RM_CONT_65_1959937233__K16_K2_1_3_4_5_7_13_14_15_17_18_19_20_21_22_23_27_28_29_31_32_33_34_35_36_37_38_44_45_46_57_,NONCLUSTERED,purtype,0,0,0
RM_CONT,_dta_index_RM_CONT_65_1959937233__K16_K2_1_3_4_5_7_13_14_15_17_18_19_20_21_22_23_27_28_29_31_32_33_34_35_36_37_38_44_45_46_57_,NONCLUSTERED,CommPer,0,0,0
RM_CONT,_dta_index_RM_CONT_65_1959937233__K16_K2_1_3_4_5_7_13_14_15_17_18_19_20_21_22_23_27_28_29_31_32_33_34_35_36_37_38_44_45_46_57_,NONCLUSTERED,Terms1,0,0,0
RM_CONT,_dta_index_RM_CONT_65_1959937233__K16_K2_1_3_4_5_7_13_14_15_17_18_19_20_21_22_23_27_28_29_31_32_33_34_35_36_37_38_44_45_46_57_,NONCLUSTERED,Terms1Days,0,0,0
RM_CONT,_dta_index_RM_CONT_65_1959937233__K16_K2_1_3_4_5_7_13_14_15_17_18_19_20_21_22_23_27_28_29_31_32_33_34_35_36_37_38_44_45_46_57_,NONCLUSTERED,Terms2,0,0,0
RM_CONT,_dta_index_RM_CONT_65_1959937233__K16_K2_1_3_4_5_7_13_14_15_17_18_19_20_21_22_23_27_28_29_31_32_33_34_35_36_37_38_44_45_46_57_,NONCLUSTERED,Terms2Days,0,0,0
RM_CONT,_dta_index_RM_CONT_65_1959937233__K16_K2_1_3_4_5_7_13_14_15_17_18_19_20_21_22_23_27_28_29_31_32_33_34_35_36_37_38_44_45_46_57_,NONCLUSTERED,TransPort,0,0,0
RM_CONT,_dta_index_RM_CONT_65_1959937233__K16_K2_1_3_4_5_7_13_14_15_17_18_19_20_21_22_23_27_28_29_31_32_33_34_35_36_37_38_44_45_46_57_,NONCLUSTERED,CurrCode,0,0,0
RM_CONT,_dta_index_RM_CONT_65_1959937233__K16_K2_1_3_4_5_7_13_14_15_17_18_19_20_21_22_23_27_28_29_31_32_33_34_35_36_37_38_44_45_46_57_,NONCLUSTERED,DeliveryTerms,0,0,0
RM_CONT,_dta_index_RM_CONT_65_1959937233__K16_K2_1_3_4_5_7_13_14_15_17_18_19_20_21_22_23_27_28_29_31_32_33_34_35_36_37_38_44_45_46_57_,NONCLUSTERED,prepDate,0,0,0
RM_CONT,_dta_index_RM_CONT_65_1959937233__K16_K2_1_3_4_5_7_13_14_15_17_18_19_20_21_22_23_27_28_29_31_32_33_34_35_36_37_38_44_45_46_57_,NONCLUSTERED,FTAmt,0,0,0
RM_CONT,_dta_index_RM_CONT_65_1959937233__K16_K2_1_3_4_5_7_13_14_15_17_18_19_20_21_22_23_27_28_29_31_32_33_34_35_36_37_38_44_45_46_57_,NONCLUSTERED,FTFlg,0,0,0
RM_CONT,_dta_index_RM_CONT_65_1959937233__K16_K2_1_3_4_5_7_13_14_15_17_18_19_20_21_22_23_27_28_29_31_32_33_34_35_36_37_38_44_45_46_57_,NONCLUSTERED,Paycode,0,0,0
RM_CONT,_dta_index_RM_CONT_65_1959937233__K16_K2_1_3_4_5_7_13_14_15_17_18_19_20_21_22_23_27_28_29_31_32_33_34_35_36_37_38_44_45_46_57_,NONCLUSTERED,Line_No,0,0,0
RM_CONT,_dta_index_RM_CONT_65_1959937233__K16_K2_1_3_4_5_7_13_14_15_17_18_19_20_21_22_23_27_28_29_31_32_33_34_35_36_37_38_44_45_46_57_,NONCLUSTERED,PlCode,0,0,0
RM_CONT,_dta_index_RM_CONT_65_1959937233__K16_K2_1_3_4_5_7_13_14_15_17_18_19_20_21_22_23_27_28_29_31_32_33_34_35_36_37_38_44_45_46_57_,NONCLUSTERED,SusCatType,0,0,0
RM_CONT,_dta_index_RM_CONT_65_1959937233__K16_K2_1_3_4_5_7_13_14_15_17_18_19_20_21_22_23_27_28_29_31_32_33_34_35_36_37_38_44_45_46_57_,NONCLUSTERED,DIVCODE,1,0,0
RM_CONT,_dta_index_RM_CONT_65_1959937233__K16_K2_1_3_4_5_7_13_14_15_17_18_19_20_21_22_23_27_28_29_31_32_33_34_35_36_37_38_44_45_46_57_,NONCLUSTERED,CONTDT,2,0,0
RM_CONT,_dta_index_RM_CONT_65_1959937233__K16_K2_K1,NONCLUSTERED,DIVCODE,1,0,0
RM_CONT,_dta_index_RM_CONT_65_1959937233__K16_K2_K1,NONCLUSTERED,CONTDT,2,0,0
RM_CONT,_dta_index_RM_CONT_65_1959937233__K16_K2_K1,NONCLUSTERED,CONTNO,3,0,0
RM_CONT,_dta_index_RM_CONT_65_1959937233__K3,NONCLUSTERED,SUPCD,1,0,0
RM_CONT,_dta_index_RM_CONT_65_1959937233__K3_K16_K1_K2_K14_107_108,NONCLUSTERED,FTAmt,0,0,0
RM_CONT,_dta_index_RM_CONT_65_1959937233__K3_K16_K1_K2_K14_107_108,NONCLUSTERED,FTFlg,0,0,0
RM_CONT,_dta_index_RM_CONT_65_1959937233__K3_K16_K1_K2_K14_107_108,NONCLUSTERED,SUPCD,1,0,0
RM_CONT,_dta_index_RM_CONT_65_1959937233__K3_K16_K1_K2_K14_107_108,NONCLUSTERED,DIVCODE,2,0,0
RM_CONT,_dta_index_RM_CONT_65_1959937233__K3_K16_K1_K2_K14_107_108,NONCLUSTERED,CONTNO,3,0,0
RM_CONT,_dta_index_RM_CONT_65_1959937233__K3_K16_K1_K2_K14_107_108,NONCLUSTERED,CONTDT,4,0,0
RM_CONT,_dta_index_RM_CONT_65_1959937233__K3_K16_K1_K2_K14_107_108,NONCLUSTERED,DLYTYPE,5,0,0
RM_CONT,_dta_index_RM_CONT_65_1959937233__K71_K16_K2_K6_K1_K3,NONCLUSTERED,prefix,1,0,0
RM_CONT,_dta_index_RM_CONT_65_1959937233__K71_K16_K2_K6_K1_K3,NONCLUSTERED,DIVCODE,2,0,0
RM_CONT,_dta_index_RM_CONT_65_1959937233__K71_K16_K2_K6_K1_K3,NONCLUSTERED,CONTDT,3,0,0
RM_CONT,_dta_index_RM_CONT_65_1959937233__K71_K16_K2_K6_K1_K3,NONCLUSTERED,VARCODE,4,0,0
RM_CONT,_dta_index_RM_CONT_65_1959937233__K71_K16_K2_K6_K1_K3,NONCLUSTERED,CONTNO,5,0,0
RM_CONT,_dta_index_RM_CONT_65_1959937233__K71_K16_K2_K6_K1_K3,NONCLUSTERED,SUPCD,6,0,0
RM_CONT,_dta_index_RM_CONT_65_1959937233__K71_K3_K16_K2_K1_K6_K11_K34_K57_9_10_39_58_59,NONCLUSTERED,ORDQTY,0,0,0
RM_CONT,_dta_index_RM_CONT_65_1959937233__K71_K3_K16_K2_K1_K6_K11_K34_K57_9_10_39_58_59,NONCLUSTERED,RECQTY,0,0,0
RM_CONT,_dta_index_RM_CONT_65_1959937233__K71_K3_K16_K2_K1_K6_K11_K34_K57_9_10_39_58_59,NONCLUSTERED,CancelBales,0,0,0
RM_CONT,_dta_index_RM_CONT_65_1959937233__K71_K3_K16_K2_K1_K6_K11_K34_K57_9_10_39_58_59,NONCLUSTERED,ORDKGS,0,0,0
RM_CONT,_dta_index_RM_CONT_65_1959937233__K71_K3_K16_K2_K1_K6_K11_K34_K57_9_10_39_58_59,NONCLUSTERED,RCDKGS,0,0,0
RM_CONT,_dta_index_RM_CONT_65_1959937233__K71_K3_K16_K2_K1_K6_K11_K34_K57_9_10_39_58_59,NONCLUSTERED,prefix,1,0,0
RM_CONT,_dta_index_RM_CONT_65_1959937233__K71_K3_K16_K2_K1_K6_K11_K34_K57_9_10_39_58_59,NONCLUSTERED,SUPCD,2,0,0
RM_CONT,_dta_index_RM_CONT_65_1959937233__K71_K3_K16_K2_K1_K6_K11_K34_K57_9_10_39_58_59,NONCLUSTERED,DIVCODE,3,0,0
RM_CONT,_dta_index_RM_CONT_65_1959937233__K71_K3_K16_K2_K1_K6_K11_K34_K57_9_10_39_58_59,NONCLUSTERED,CONTDT,4,0,0
RM_CONT,_dta_index_RM_CONT_65_1959937233__K71_K3_K16_K2_K1_K6_K11_K34_K57_9_10_39_58_59,NONCLUSTERED,CONTNO,5,0,0
RM_CONT,_dta_index_RM_CONT_65_1959937233__K71_K3_K16_K2_K1_K6_K11_K34_K57_9_10_39_58_59,NONCLUSTERED,VARCODE,6,0,0
RM_CONT,_dta_index_RM_CONT_65_1959937233__K71_K3_K16_K2_K1_K6_K11_K34_K57_9_10_39_58_59,NONCLUSTERED,CANDYRATE,7,0,0
RM_CONT,_dta_index_RM_CONT_65_1959937233__K71_K3_K16_K2_K1_K6_K11_K34_K57_9_10_39_58_59,NONCLUSTERED,rateunit,8,0,0
RM_CONT,_dta_index_RM_CONT_65_1959937233__K71_K3_K16_K2_K1_K6_K11_K34_K57_9_10_39_58_59,NONCLUSTERED,arrivaltype,9,0,0
RM_CONT,_dta_index_RM_CONT_8_1959937233__K1_K2_14,NONCLUSTERED,DLYTYPE,0,0,0
RM_CONT,_dta_index_RM_CONT_8_1959937233__K1_K2_14,NONCLUSTERED,CONTNO,1,0,0
RM_CONT,_dta_index_RM_CONT_8_1959937233__K1_K2_14,NONCLUSTERED,CONTDT,2,0,0
RM_CONT,PK_RM_cont,CLUSTERED,DIVCODE,1,1,1
RM_CONT,PK_RM_cont,CLUSTERED,CONTNO,2,1,1
RM_CONT,PK_RM_cont,CLUSTERED,CONTDT,3,1,1
RM_CONT,PK_RM_cont,CLUSTERED,VARCODE,4,1,1
RM_DespatchDT,PK__RM_Despa__23B4AF655896EAD2,CLUSTERED,DivCode,1,1,1
RM_DespatchDT,PK__RM_Despa__23B4AF655896EAD2,CLUSTERED,DocNo,2,1,1
RM_DespatchDT,PK__RM_Despa__23B4AF655896EAD2,CLUSTERED,DocDate,3,1,1
RM_DespatchDT,PK__RM_Despa__23B4AF655896EAD2,CLUSTERED,VarCode,4,1,1
RM_LOT,_dta_index_RM_LOT_5_1720232749__K1_K4_K3_K9_K5_K2_K74_K72_K73_6_7_8_10_11_12_13_14_15_16_17_18_19_20_21_22_23_24_25_26_27_28_,NONCLUSTERED,SupFileName,0,0,0
RM_LOT,_dta_index_RM_LOT_5_1720232749__K1_K4_K3_K9_K5_K2_K74_K72_K73_6_7_8_10_11_12_13_14_15_16_17_18_19_20_21_22_23_24_25_26_27_28_,NONCLUSTERED,DPDocDate,0,0,0
RM_LOT,_dta_index_RM_LOT_5_1720232749__K1_K4_K3_K9_K5_K2_K74_K72_K73_6_7_8_10_11_12_13_14_15_16_17_18_19_20_21_22_23_24_25_26_27_28_,NONCLUSTERED,DPDocno,0,0,0
RM_LOT,_dta_index_RM_LOT_5_1720232749__K1_K4_K3_K9_K5_K2_K74_K72_K73_6_7_8_10_11_12_13_14_15_16_17_18_19_20_21_22_23_24_25_26_27_28_,NONCLUSTERED,AntyDumperkg,0,0,0
RM_LOT,_dta_index_RM_LOT_5_1720232749__K1_K4_K3_K9_K5_K2_K74_K72_K73_6_7_8_10_11_12_13_14_15_16_17_18_19_20_21_22_23_24_25_26_27_28_,NONCLUSTERED,AntyDumAmt,0,0,0
RM_LOT,_dta_index_RM_LOT_5_1720232749__K1_K4_K3_K9_K5_K2_K74_K72_K73_6_7_8_10_11_12_13_14_15_16_17_18_19_20_21_22_23_24_25_26_27_28_,NONCLUSTERED,purSecondappruser,0,0,0
RM_LOT,_dta_index_RM_LOT_5_1720232749__K1_K4_K3_K9_K5_K2_K74_K72_K73_6_7_8_10_11_12_13_14_15_16_17_18_19_20_21_22_23_24_25_26_27_28_,NONCLUSTERED,purSecondappdate,0,0,0
RM_LOT,_dta_index_RM_LOT_5_1720232749__K1_K4_K3_K9_K5_K2_K74_K72_K73_6_7_8_10_11_12_13_14_15_16_17_18_19_20_21_22_23_24_25_26_27_28_,NONCLUSTERED,purpreparedby,0,0,0
RM_LOT,_dta_index_RM_LOT_5_1720232749__K1_K4_K3_K9_K5_K2_K74_K72_K73_6_7_8_10_11_12_13_14_15_16_17_18_19_20_21_22_23_24_25_26_27_28_,NONCLUSTERED,purpredate,0,0,0
RM_LOT,_dta_index_RM_LOT_5_1720232749__K1_K4_K3_K9_K5_K2_K74_K72_K73_6_7_8_10_11_12_13_14_15_16_17_18_19_20_21_22_23_24_25_26_27_28_,NONCLUSTERED,ContNum,0,0,0
RM_LOT,_dta_index_RM_LOT_5_1720232749__K1_K4_K3_K9_K5_K2_K74_K72_K73_6_7_8_10_11_12_13_14_15_16_17_18_19_20_21_22_23_24_25_26_27_28_,NONCLUSTERED,Contdate,0,0,0
RM_LOT,_dta_index_RM_LOT_5_1720232749__K1_K4_K3_K9_K5_K2_K74_K72_K73_6_7_8_10_11_12_13_14_15_16_17_18_19_20_21_22_23_24_25_26_27_28_,NONCLUSTERED,TotDiscRate,0,0,0
RM_LOT,_dta_index_RM_LOT_5_1720232749__K1_K4_K3_K9_K5_K2_K74_K72_K73_6_7_8_10_11_12_13_14_15_16_17_18_19_20_21_22_23_24_25_26_27_28_,NONCLUSTERED,TotDiscAmt,0,0,0
RM_LOT,_dta_index_RM_LOT_5_1720232749__K1_K4_K3_K9_K5_K2_K74_K72_K73_6_7_8_10_11_12_13_14_15_16_17_18_19_20_21_22_23_24_25_26_27_28_,NONCLUSTERED,ACGSTAMT,0,0,0
RM_LOT,_dta_index_RM_LOT_5_1720232749__K1_K4_K3_K9_K5_K2_K74_K72_K73_6_7_8_10_11_12_13_14_15_16_17_18_19_20_21_22_23_24_25_26_27_28_,NONCLUSTERED,ASGSTAMT,0,0,0
RM_LOT,_dta_index_RM_LOT_5_1720232749__K1_K4_K3_K9_K5_K2_K74_K72_K73_6_7_8_10_11_12_13_14_15_16_17_18_19_20_21_22_23_24_25_26_27_28_,NONCLUSTERED,AIGSTAMT,0,0,0
RM_LOT,_dta_index_RM_LOT_5_1720232749__K1_K4_K3_K9_K5_K2_K74_K72_K73_6_7_8_10_11_12_13_14_15_16_17_18_19_20_21_22_23_24_25_26_27_28_,NONCLUSTERED,purappruser,0,0,0
RM_LOT,_dta_index_RM_LOT_5_1720232749__K1_K4_K3_K9_K5_K2_K74_K72_K73_6_7_8_10_11_12_13_14_15_16_17_18_19_20_21_22_23_24_25_26_27_28_,NONCLUSTERED,purappdate,0,0,0
RM_LOT,_dta_index_RM_LOT_5_1720232749__K1_K4_K3_K9_K5_K2_K74_K72_K73_6_7_8_10_11_12_13_14_15_16_17_18_19_20_21_22_23_24_25_26_27_28_,NONCLUSTERED,purappflg,0,0,0
RM_LOT,_dta_index_RM_LOT_5_1720232749__K1_K4_K3_K9_K5_K2_K74_K72_K73_6_7_8_10_11_12_13_14_15_16_17_18_19_20_21_22_23_24_25_26_27_28_,NONCLUSTERED,ModUSERNAME,0,0,0
RM_LOT,_dta_index_RM_LOT_5_1720232749__K1_K4_K3_K9_K5_K2_K74_K72_K73_6_7_8_10_11_12_13_14_15_16_17_18_19_20_21_22_23_24_25_26_27_28_,NONCLUSTERED,faflag,0,0,0
RM_LOT,_dta_index_RM_LOT_5_1720232749__K1_K4_K3_K9_K5_K2_K74_K72_K73_6_7_8_10_11_12_13_14_15_16_17_18_19_20_21_22_23_24_25_26_27_28_,NONCLUSTERED,IDPer,0,0,0
RM_LOT,_dta_index_RM_LOT_5_1720232749__K1_K4_K3_K9_K5_K2_K74_K72_K73_6_7_8_10_11_12_13_14_15_16_17_18_19_20_21_22_23_24_25_26_27_28_,NONCLUSTERED,welfarePer,0,0,0
RM_LOT,_dta_index_RM_LOT_5_1720232749__K1_K4_K3_K9_K5_K2_K74_K72_K73_6_7_8_10_11_12_13_14_15_16_17_18_19_20_21_22_23_24_25_26_27_28_,NONCLUSTERED,duty_Wt,0,0,0
RM_LOT,_dta_index_RM_LOT_5_1720232749__K1_K4_K3_K9_K5_K2_K74_K72_K73_6_7_8_10_11_12_13_14_15_16_17_18_19_20_21_22_23_24_25_26_27_28_,NONCLUSTERED,DutyValue,0,0,0
RM_LOT,_dta_index_RM_LOT_5_1720232749__K1_K4_K3_K9_K5_K2_K74_K72_K73_6_7_8_10_11_12_13_14_15_16_17_18_19_20_21_22_23_24_25_26_27_28_,NONCLUSTERED,IDAmt,0,0,0
RM_LOT,_dta_index_RM_LOT_5_1720232749__K1_K4_K3_K9_K5_K2_K74_K72_K73_6_7_8_10_11_12_13_14_15_16_17_18_19_20_21_22_23_24_25_26_27_28_,NONCLUSTERED,welfareAmt,0,0,0
RM_LOT,_dta_index_RM_LOT_5_1720232749__K1_K4_K3_K9_K5_K2_K74_K72_K73_6_7_8_10_11_12_13_14_15_16_17_18_19_20_21_22_23_24_25_26_27_28_,NONCLUSTERED,trash_et,0,0,0
RM_LOT,_dta_index_RM_LOT_5_1720232749__K1_K4_K3_K9_K5_K2_K74_K72_K73_6_7_8_10_11_12_13_14_15_16_17_18_19_20_21_22_23_24_25_26_27_28_,NONCLUSTERED,Gdivcode,0,0,0
RM_LOT,_dta_index_RM_LOT_5_1720232749__K1_K4_K3_K9_K5_K2_K74_K72_K73_6_7_8_10_11_12_13_14_15_16_17_18_19_20_21_22_23_24_25_26_27_28_,NONCLUSTERED,STAPLEN5,0,0,0
RM_LOT,_dta_index_RM_LOT_5_1720232749__K1_K4_K3_K9_K5_K2_K74_K72_K73_6_7_8_10_11_12_13_14_15_16_17_18_19_20_21_22_23_24_25_26_27_28_,NONCLUSTERED,ADDUSERNAME,0,0,0
RM_LOT,_dta_index_RM_LOT_5_1720232749__K1_K4_K3_K9_K5_K2_K74_K72_K73_6_7_8_10_11_12_13_14_15_16_17_18_19_20_21_22_23_24_25_26_27_28_,NONCLUSTERED,SuppBillvalue,0,0,0
RM_LOT,_dta_index_RM_LOT_5_1720232749__K1_K4_K3_K9_K5_K2_K74_K72_K73_6_7_8_10_11_12_13_14_15_16_17_18_19_20_21_22_23_24_25_26_27_28_,NONCLUSTERED,be_no,0,0,0
RM_LOT,_dta_index_RM_LOT_5_1720232749__K1_K4_K3_K9_K5_K2_K74_K72_K73_6_7_8_10_11_12_13_14_15_16_17_18_19_20_21_22_23_24_25_26_27_28_,NONCLUSTERED,be_date,0,0,0
RM_LOT,_dta_index_RM_LOT_5_1720232749__K1_K4_K3_K9_K5_K2_K74_K72_K73_6_7_8_10_11_12_13_14_15_16_17_18_19_20_21_22_23_24_25_26_27_28_,NONCLUSTERED,potype,0,0,0
RM_LOT,_dta_index_RM_LOT_5_1720232749__K1_K4_K3_K9_K5_K2_K74_K72_K73_6_7_8_10_11_12_13_14_15_16_17_18_19_20_21_22_23_24_25_26_27_28_,NONCLUSTERED,Advanceamt,0,0,0
RM_LOT,_dta_index_RM_LOT_5_1720232749__K1_K4_K3_K9_K5_K2_K74_K72_K73_6_7_8_10_11_12_13_14_15_16_17_18_19_20_21_22_23_24_25_26_27_28_,NONCLUSTERED,Advance_amt,0,0,0
RM_LOT,_dta_index_RM_LOT_5_1720232749__K1_K4_K3_K9_K5_K2_K74_K72_K73_6_7_8_10_11_12_13_14_15_16_17_18_19_20_21_22_23_24_25_26_27_28_,NONCLUSTERED,CertificateDT,0,0,0
RM_LOT,_dta_index_RM_LOT_5_1720232749__K1_K4_K3_K9_K5_K2_K74_K72_K73_6_7_8_10_11_12_13_14_15_16_17_18_19_20_21_22_23_24_25_26_27_28_,NONCLUSTERED,CertificateNo2,0,0,0
RM_LOT,_dta_index_RM_LOT_5_1720232749__K1_K4_K3_K9_K5_K2_K74_K72_K73_6_7_8_10_11_12_13_14_15_16_17_18_19_20_21_22_23_24_25_26_27_28_,NONCLUSTERED,CertificateDT2,0,0,0
RM_LOT,_dta_index_RM_LOT_5_1720232749__K1_K4_K3_K9_K5_K2_K74_K72_K73_6_7_8_10_11_12_13_14_15_16_17_18_19_20_21_22_23_24_25_26_27_28_,NONCLUSTERED,CertificateNo3,0,0,0
RM_LOT,_dta_index_RM_LOT_5_1720232749__K1_K4_K3_K9_K5_K2_K74_K72_K73_6_7_8_10_11_12_13_14_15_16_17_18_19_20_21_22_23_24_25_26_27_28_,NONCLUSTERED,CertificateDT3,0,0,0
RM_LOT,_dta_index_RM_LOT_5_1720232749__K1_K4_K3_K9_K5_K2_K74_K72_K73_6_7_8_10_11_12_13_14_15_16_17_18_19_20_21_22_23_24_25_26_27_28_,NONCLUSTERED,yr_flg,0,0,0
RM_LOT,_dta_index_RM_LOT_5_1720232749__K1_K4_K3_K9_K5_K2_K74_K72_K73_6_7_8_10_11_12_13_14_15_16_17_18_19_20_21_22_23_24_25_26_27_28_,NONCLUSTERED,ExchangeRate,0,0,0
RM_LOT,_dta_index_RM_LOT_5_1720232749__K1_K4_K3_K9_K5_K2_K74_K72_K73_6_7_8_10_11_12_13_14_15_16_17_18_19_20_21_22_23_24_25_26_27_28_,NONCLUSTERED,BillCurrency,0,0,0
RM_LOT,_dta_index_RM_LOT_5_1720232749__K1_K4_K3_K9_K5_K2_K74_K72_K73_6_7_8_10_11_12_13_14_15_16_17_18_19_20_21_22_23_24_25_26_27_28_,NONCLUSTERED,SPOTPasser,0,0,0
RM_LOT,_dta_index_RM_LOT_5_1720232749__K1_K4_K3_K9_K5_K2_K74_K72_K73_6_7_8_10_11_12_13_14_15_16_17_18_19_20_21_22_23_24_25_26_27_28_,NONCLUSTERED,OILCODE1,0,0,0
RM_LOT,_dta_index_RM_LOT_5_1720232749__K1_K4_K3_K9_K5_K2_K74_K72_K73_6_7_8_10_11_12_13_14_15_16_17_18_19_20_21_22_23_24_25_26_27_28_,NONCLUSTERED,OILWT1,0,0,0
RM_LOT,_dta_index_RM_LOT_5_1720232749__K1_K4_K3_K9_K5_K2_K74_K72_K73_6_7_8_10_11_12_13_14_15_16_17_18_19_20_21_22_23_24_25_26_27_28_,NONCLUSTERED,CertificateNo,0,0,0
RM_LOT,_dta_index_RM_LOT_5_1720232749__K1_K4_K3_K9_K5_K2_K74_K72_K73_6_7_8_10_11_12_13_14_15_16_17_18_19_20_21_22_23_24_25_26_27_28_,NONCLUSTERED,invisweight,0,0,0
RM_LOT,_dta_index_RM_LOT_5_1720232749__K1_K4_K3_K9_K5_K2_K74_K72_K73_6_7_8_10_11_12_13_14_15_16_17_18_19_20_21_22_23_24_25_26_27_28_,NONCLUSTERED,SICAAmt,0,0,0
RM_LOT,_dta_index_RM_LOT_5_1720232749__K1_K4_K3_K9_K5_K2_K74_K72_K73_6_7_8_10_11_12_13_14_15_16_17_18_19_20_21_22_23_24_25_26_27_28_,NONCLUSTERED,Line_No,0,0,0
RM_LOT,_dta_index_RM_LOT_5_1720232749__K1_K4_K3_K9_K5_K2_K74_K72_K73_6_7_8_10_11_12_13_14_15_16_17_18_19_20_21_22_23_24_25_26_27_28_,NONCLUSTERED,PlCode,0,0,0
RM_LOT,_dta_index_RM_LOT_5_1720232749__K1_K4_K3_K9_K5_K2_K74_K72_K73_6_7_8_10_11_12_13_14_15_16_17_18_19_20_21_22_23_24_25_26_27_28_,NONCLUSTERED,ComWt_Flg,0,0,0
RM_LOT,_dta_index_RM_LOT_5_1720232749__K1_K4_K3_K9_K5_K2_K74_K72_K73_6_7_8_10_11_12_13_14_15_16_17_18_19_20_21_22_23_24_25_26_27_28_,NONCLUSTERED,Comm_Wt,0,0,0
RM_LOT,_dta_index_RM_LOT_5_1720232749__K1_K4_K3_K9_K5_K2_K74_K72_K73_6_7_8_10_11_12_13_14_15_16_17_18_19_20_21_22_23_24_25_26_27_28_,NONCLUSTERED,sgstper,0,0,0
RM_LOT,_dta_index_RM_LOT_5_1720232749__K1_K4_K3_K9_K5_K2_K74_K72_K73_6_7_8_10_11_12_13_14_15_16_17_18_19_20_21_22_23_24_25_26_27_28_,NONCLUSTERED,sgstamt,0,0,0
RM_LOT,_dta_index_RM_LOT_5_1720232749__K1_K4_K3_K9_K5_K2_K74_K72_K73_6_7_8_10_11_12_13_14_15_16_17_18_19_20_21_22_23_24_25_26_27_28_,NONCLUSTERED,igstper,0,0,0
RM_LOT,_dta_index_RM_LOT_5_1720232749__K1_K4_K3_K9_K5_K2_K74_K72_K73_6_7_8_10_11_12_13_14_15_16_17_18_19_20_21_22_23_24_25_26_27_28_,NONCLUSTERED,igstamt,0,0,0
RM_LOT,_dta_index_RM_LOT_5_1720232749__K1_K4_K3_K9_K5_K2_K74_K72_K73_6_7_8_10_11_12_13_14_15_16_17_18_19_20_21_22_23_24_25_26_27_28_,NONCLUSTERED,RateKgWTax,0,0,0
RM_LOT,_dta_index_RM_LOT_5_1720232749__K1_K4_K3_K9_K5_K2_K74_K72_K73_6_7_8_10_11_12_13_14_15_16_17_18_19_20_21_22_23_24_25_26_27_28_,NONCLUSTERED,invisibleloss,0,0,0
RM_LOT,_dta_index_RM_LOT_5_1720232749__K1_K4_K3_K9_K5_K2_K74_K72_K73_6_7_8_10_11_12_13_14_15_16_17_18_19_20_21_22_23_24_25_26_27_28_,NONCLUSTERED,favaourablewgt,0,0,0
RM_LOT,_dta_index_RM_LOT_5_1720232749__K1_K4_K3_K9_K5_K2_K74_K72_K73_6_7_8_10_11_12_13_14_15_16_17_18_19_20_21_22_23_24_25_26_27_28_,NONCLUSTERED,weightflg,0,0,0
RM_LOT,_dta_index_RM_LOT_5_1720232749__K1_K4_K3_K9_K5_K2_K74_K72_K73_6_7_8_10_11_12_13_14_15_16_17_18_19_20_21_22_23_24_25_26_27_28_,NONCLUSTERED,brkcomPer,0,0,0
RM_LOT,_dta_index_RM_LOT_5_1720232749__K1_K4_K3_K9_K5_K2_K74_K72_K73_6_7_8_10_11_12_13_14_15_16_17_18_19_20_21_22_23_24_25_26_27_28_,NONCLUSTERED,HSN,0,0,0
RM_LOT,_dta_index_RM_LOT_5_1720232749__K1_K4_K3_K9_K5_K2_K74_K72_K73_6_7_8_10_11_12_13_14_15_16_17_18_19_20_21_22_23_24_25_26_27_28_,NONCLUSTERED,cgstper,0,0,0
RM_LOT,_dta_index_RM_LOT_5_1720232749__K1_K4_K3_K9_K5_K2_K74_K72_K73_6_7_8_10_11_12_13_14_15_16_17_18_19_20_21_22_23_24_25_26_27_28_,NONCLUSTERED,cgstamt,0,0,0
RM_LOT,_dta_index_RM_LOT_5_1720232749__K1_K4_K3_K9_K5_K2_K74_K72_K73_6_7_8_10_11_12_13_14_15_16_17_18_19_20_21_22_23_24_25_26_27_28_,NONCLUSTERED,OtherTaxableAmt,0,0,0
RM_LOT,_dta_index_RM_LOT_5_1720232749__K1_K4_K3_K9_K5_K2_K74_K72_K73_6_7_8_10_11_12_13_14_15_16_17_18_19_20_21_22_23_24_25_26_27_28_,NONCLUSTERED,LOTRECTYPE,0,0,0
RM_LOT,_dta_index_RM_LOT_5_1720232749__K1_K4_K3_K9_K5_K2_K74_K72_K73_6_7_8_10_11_12_13_14_15_16_17_18_19_20_21_22_23_24_25_26_27_28_,NONCLUSTERED,DutyPer,0,0,0
RM_LOT,_dta_index_RM_LOT_5_1720232749__K1_K4_K3_K9_K5_K2_K74_K72_K73_6_7_8_10_11_12_13_14_15_16_17_18_19_20_21_22_23_24_25_26_27_28_,NONCLUSTERED,DiscountFlg,0,0,0
RM_LOT,_dta_index_RM_LOT_5_1720232749__K1_K4_K3_K9_K5_K2_K74_K72_K73_6_7_8_10_11_12_13_14_15_16_17_18_19_20_21_22_23_24_25_26_27_28_,NONCLUSTERED,InsApprovalFlg,0,0,0
RM_LOT,_dta_index_RM_LOT_5_1720232749__K1_K4_K3_K9_K5_K2_K74_K72_K73_6_7_8_10_11_12_13_14_15_16_17_18_19_20_21_22_23_24_25_26_27_28_,NONCLUSTERED,pinvval,0,0,0
RM_LOT,_dta_index_RM_LOT_5_1720232749__K1_K4_K3_K9_K5_K2_K74_K72_K73_6_7_8_10_11_12_13_14_15_16_17_18_19_20_21_22_23_24_25_26_27_28_,NONCLUSTERED,shipchrg,0,0,0
RM_LOT,_dta_index_RM_LOT_5_1720232749__K1_K4_K3_K9_K5_K2_K74_K72_K73_6_7_8_10_11_12_13_14_15_16_17_18_19_20_21_22_23_24_25_26_27_28_,NONCLUSTERED,weighbridgewt,0,0,0
RM_LOT,_dta_index_RM_LOT_5_1720232749__K1_K4_K3_K9_K5_K2_K74_K72_K73_6_7_8_10_11_12_13_14_15_16_17_18_19_20_21_22_23_24_25_26_27_28_,NONCLUSTERED,inwardno,0,0,0
RM_LOT,_dta_index_RM_LOT_5_1720232749__K1_K4_K3_K9_K5_K2_K74_K72_K73_6_7_8_10_11_12_13_14_15_16_17_18_19_20_21_22_23_24_25_26_27_28_,NONCLUSTERED,inwarddate,0,0,0
RM_LOT,_dta_index_RM_LOT_5_1720232749__K1_K4_K3_K9_K5_K2_K74_K72_K73_6_7_8_10_11_12_13_14_15_16_17_18_19_20_21_22_23_24_25_26_27_28_,NONCLUSTERED,dutyclaimable,0,0,0
RM_LOT,_dta_index_RM_LOT_5_1720232749__K1_K4_K3_K9_K5_K2_K74_K72_K73_6_7_8_10_11_12_13_14_15_16_17_18_19_20_21_22_23_24_25_26_27_28_,NONCLUSTERED,IM_IND,0,0,0
RM_LOT,_dta_index_RM_LOT_5_1720232749__K1_K4_K3_K9_K5_K2_K74_K72_K73_6_7_8_10_11_12_13_14_15_16_17_18_19_20_21_22_23_24_25_26_27_28_,NONCLUSTERED,TradeDisper,0,0,0
RM_LOT,_dta_index_RM_LOT_5_1720232749__K1_K4_K3_K9_K5_K2_K74_K72_K73_6_7_8_10_11_12_13_14_15_16_17_18_19_20_21_22_23_24_25_26_27_28_,NONCLUSTERED,Rebet,0,0,0
RM_LOT,_dta_index_RM_LOT_5_1720232749__K1_K4_K3_K9_K5_K2_K74_K72_K73_6_7_8_10_11_12_13_14_15_16_17_18_19_20_21_22_23_24_25_26_27_28_,NONCLUSTERED,rebate,0,0,0
RM_LOT,_dta_index_RM_LOT_5_1720232749__K1_K4_K3_K9_K5_K2_K74_K72_K73_6_7_8_10_11_12_13_14_15_16_17_18_19_20_21_22_23_24_25_26_27_28_,NONCLUSTERED,LOT_YEAR,0,0,0
RM_LOT,_dta_index_RM_LOT_5_1720232749__K1_K4_K3_K9_K5_K2_K74_K72_K73_6_7_8_10_11_12_13_14_15_16_17_18_19_20_21_22_23_24_25_26_27_28_,NONCLUSTERED,TAX_CHOICE,0,0,0
RM_LOT,_dta_index_RM_LOT_5_1720232749__K1_K4_K3_K9_K5_K2_K74_K72_K73_6_7_8_10_11_12_13_14_15_16_17_18_19_20_21_22_23_24_25_26_27_28_,NONCLUSTERED,TransferType,0,0,0
RM_LOT,_dta_index_RM_LOT_5_1720232749__K1_K4_K3_K9_K5_K2_K74_K72_K73_6_7_8_10_11_12_13_14_15_16_17_18_19_20_21_22_23_24_25_26_27_28_,NONCLUSTERED,Rej_Kgs,0,0,0
RM_LOT,_dta_index_RM_LOT_5_1720232749__K1_K4_K3_K9_K5_K2_K74_K72_K73_6_7_8_10_11_12_13_14_15_16_17_18_19_20_21_22_23_24_25_26_27_28_,NONCLUSTERED,Rec_Bales,0,0,0
RM_LOT,_dta_index_RM_LOT_5_1720232749__K1_K4_K3_K9_K5_K2_K74_K72_K73_6_7_8_10_11_12_13_14_15_16_17_18_19_20_21_22_23_24_25_26_27_28_,NONCLUSTERED,Rec_Kgs,0,0,0
RM_LOT,_dta_index_RM_LOT_5_1720232749__K1_K4_K3_K9_K5_K2_K74_K72_K73_6_7_8_10_11_12_13_14_15_16_17_18_19_20_21_22_23_24_25_26_27_28_,NONCLUSTERED,ALLOWANCE,0,0,0
RM_LOT,_dta_index_RM_LOT_5_1720232749__K1_K4_K3_K9_K5_K2_K74_K72_K73_6_7_8_10_11_12_13_14_15_16_17_18_19_20_21_22_23_24_25_26_27_28_,NONCLUSTERED,ASno,0,0,0
RM_LOT,_dta_index_RM_LOT_5_1720232749__K1_K4_K3_K9_K5_K2_K74_K72_K73_6_7_8_10_11_12_13_14_15_16_17_18_19_20_21_22_23_24_25_26_27_28_,NONCLUSTERED,CashDisper,0,0,0
RM_LOT,_dta_index_RM_LOT_5_1720232749__K1_K4_K3_K9_K5_K2_K74_K72_K73_6_7_8_10_11_12_13_14_15_16_17_18_19_20_21_22_23_24_25_26_27_28_,NONCLUSTERED,FBILLDT,0,0,0
RM_LOT,_dta_index_RM_LOT_5_1720232749__K1_K4_K3_K9_K5_K2_K74_K72_K73_6_7_8_10_11_12_13_14_15_16_17_18_19_20_21_22_23_24_25_26_27_28_,NONCLUSTERED,BANK,0,0,0
RM_LOT,_dta_index_RM_LOT_5_1720232749__K1_K4_K3_K9_K5_K2_K74_K72_K73_6_7_8_10_11_12_13_14_15_16_17_18_19_20_21_22_23_24_25_26_27_28_,NONCLUSTERED,LANDCOSTWITHTAX,0,0,0
RM_LOT,_dta_index_RM_LOT_5_1720232749__K1_K4_K3_K9_K5_K2_K74_K72_K73_6_7_8_10_11_12_13_14_15_16_17_18_19_20_21_22_23_24_25_26_27_28_,NONCLUSTERED,quality,0,0,0
RM_LOT,_dta_index_RM_LOT_5_1720232749__K1_K4_K3_K9_K5_K2_K74_K72_K73_6_7_8_10_11_12_13_14_15_16_17_18_19_20_21_22_23_24_25_26_27_28_,NONCLUSTERED,BillValue,0,0,0
RM_LOT,_dta_index_RM_LOT_5_1720232749__K1_K4_K3_K9_K5_K2_K74_K72_K73_6_7_8_10_11_12_13_14_15_16_17_18_19_20_21_22_23_24_25_26_27_28_,NONCLUSTERED,Rej_Qty,0,0,0
RM_LOT,_dta_index_RM_LOT_5_1720232749__K1_K4_K3_K9_K5_K2_K74_K72_K73_6_7_8_10_11_12_13_14_15_16_17_18_19_20_21_22_23_24_25_26_27_28_,NONCLUSTERED,FBILLVALUE,0,0,0
RM_LOT,_dta_index_RM_LOT_5_1720232749__K1_K4_K3_K9_K5_K2_K74_K72_K73_6_7_8_10_11_12_13_14_15_16_17_18_19_20_21_22_23_24_25_26_27_28_,NONCLUSTERED,FNETWT,0,0,0
RM_LOT,_dta_index_RM_LOT_5_1720232749__K1_K4_K3_K9_K5_K2_K74_K72_K73_6_7_8_10_11_12_13_14_15_16_17_18_19_20_21_22_23_24_25_26_27_28_,NONCLUSTERED,FTAREWT,0,0,0
RM_LOT,_dta_index_RM_LOT_5_1720232749__K1_K4_K3_K9_K5_K2_K74_K72_K73_6_7_8_10_11_12_13_14_15_16_17_18_19_20_21_22_23_24_25_26_27_28_,NONCLUSTERED,FGROSSWT,0,0,0
RM_LOT,_dta_index_RM_LOT_5_1720232749__K1_K4_K3_K9_K5_K2_K74_K72_K73_6_7_8_10_11_12_13_14_15_16_17_18_19_20_21_22_23_24_25_26_27_28_,NONCLUSTERED,FBILLWT,0,0,0
RM_LOT,_dta_index_RM_LOT_5_1720232749__K1_K4_K3_K9_K5_K2_K74_K72_K73_6_7_8_10_11_12_13_14_15_16_17_18_19_20_21_22_23_24_25_26_27_28_,NONCLUSTERED,FBILLNO,0,0,0
RM_LOT,_dta_index_RM_LOT_5_1720232749__K1_K4_K3_K9_K5_K2_K74_K72_K73_6_7_8_10_11_12_13_14_15_16_17_18_19_20_21_22_23_24_25_26_27_28_,NONCLUSTERED,PBALENO,0,0,0
RM_LOT,_dta_index_RM_LOT_5_1720232749__K1_K4_K3_K9_K5_K2_K74_K72_K73_6_7_8_10_11_12_13_14_15_16_17_18_19_20_21_22_23_24_25_26_27_28_,NONCLUSTERED,INDENTNO,0,0,0
RM_LOT,_dta_index_RM_LOT_5_1720232749__K1_K4_K3_K9_K5_K2_K74_K72_K73_6_7_8_10_11_12_13_14_15_16_17_18_19_20_21_22_23_24_25_26_27_28_,NONCLUSTERED,moisture,0,0,0
RM_LOT,_dta_index_RM_LOT_5_1720232749__K1_K4_K3_K9_K5_K2_K74_K72_K73_6_7_8_10_11_12_13_14_15_16_17_18_19_20_21_22_23_24_25_26_27_28_,NONCLUSTERED,pono,0,0,0
RM_LOT,_dta_index_RM_LOT_5_1720232749__K1_K4_K3_K9_K5_K2_K74_K72_K73_6_7_8_10_11_12_13_14_15_16_17_18_19_20_21_22_23_24_25_26_27_28_,NONCLUSTERED,podt,0,0,0
RM_LOT,_dta_index_RM_LOT_5_1720232749__K1_K4_K3_K9_K5_K2_K74_K72_K73_6_7_8_10_11_12_13_14_15_16_17_18_19_20_21_22_23_24_25_26_27_28_,NONCLUSTERED,NCPFLG,0,0,0
RM_LOT,_dta_index_RM_LOT_5_1720232749__K1_K4_K3_K9_K5_K2_K74_K72_K73_6_7_8_10_11_12_13_14_15_16_17_18_19_20_21_22_23_24_25_26_27_28_,NONCLUSTERED,adjvalue,0,0,0
RM_LOT,_dta_index_RM_LOT_5_1720232749__K1_K4_K3_K9_K5_K2_K74_K72_K73_6_7_8_10_11_12_13_14_15_16_17_18_19_20_21_22_23_24_25_26_27_28_,NONCLUSTERED,bcarcode,0,0,0
RM_LOT,_dta_index_RM_LOT_5_1720232749__K1_K4_K3_K9_K5_K2_K74_K72_K73_6_7_8_10_11_12_13_14_15_16_17_18_19_20_21_22_23_24_25_26_27_28_,NONCLUSTERED,CARRIERCODE,0,0,0
RM_LOT,_dta_index_RM_LOT_5_1720232749__K1_K4_K3_K9_K5_K2_K74_K72_K73_6_7_8_10_11_12_13_14_15_16_17_18_19_20_21_22_23_24_25_26_27_28_,NONCLUSTERED,carrier_code,0,0,0
RM_LOT,_dta_index_RM_LOT_5_1720232749__K1_K4_K3_K9_K5_K2_K74_K72_K73_6_7_8_10_11_12_13_14_15_16_17_18_19_20_21_22_23_24_25_26_27_28_,NONCLUSTERED,fissue_flg,0,0,0
RM_LOT,_dta_index_RM_LOT_5_1720232749__K1_K4_K3_K9_K5_K2_K74_K72_K73_6_7_8_10_11_12_13_14_15_16_17_18_19_20_21_22_23_24_25_26_27_28_,NONCLUSTERED,form_type,0,0,0
RM_LOT,_dta_index_RM_LOT_5_1720232749__K1_K4_K3_K9_K5_K2_K74_K72_K73_6_7_8_10_11_12_13_14_15_16_17_18_19_20_21_22_23_24_25_26_27_28_,NONCLUSTERED,tradedisamt,0,0,0
RM_LOT,_dta_index_RM_LOT_5_1720232749__K1_K4_K3_K9_K5_K2_K74_K72_K73_6_7_8_10_11_12_13_14_15_16_17_18_19_20_21_22_23_24_25_26_27_28_,NONCLUSTERED,tax_per,0,0,0
RM_LOT,_dta_index_RM_LOT_5_1720232749__K1_K4_K3_K9_K5_K2_K74_K72_K73_6_7_8_10_11_12_13_14_15_16_17_18_19_20_21_22_23_24_25_26_27_28_,NONCLUSTERED,addtaxcode,0,0,0
RM_LOT,_dta_index_RM_LOT_5_1720232749__K1_K4_K3_K9_K5_K2_K74_K72_K73_6_7_8_10_11_12_13_14_15_16_17_18_19_20_21_22_23_24_25_26_27_28_,NONCLUSTERED,addtaxper,0,0,0
RM_LOT,_dta_index_RM_LOT_5_1720232749__K1_K4_K3_K9_K5_K2_K74_K72_K73_6_7_8_10_11_12_13_14_15_16_17_18_19_20_21_22_23_24_25_26_27_28_,NONCLUSTERED,addtaxamount,0,0,0
RM_LOT,_dta_index_RM_LOT_5_1720232749__K1_K4_K3_K9_K5_K2_K74_K72_K73_6_7_8_10_11_12_13_14_15_16_17_18_19_20_21_22_23_24_25_26_27_28_,NONCLUSTERED,TCS_AMT,0,0,0
RM_LOT,_dta_index_RM_LOT_5_1720232749__K1_K4_K3_K9_K5_K2_K74_K72_K73_6_7_8_10_11_12_13_14_15_16_17_18_19_20_21_22_23_24_25_26_27_28_,NONCLUSTERED,ins_flg,0,0,0
RM_LOT,_dta_index_RM_LOT_5_1720232749__K1_K4_K3_K9_K5_K2_K74_K72_K73_6_7_8_10_11_12_13_14_15_16_17_18_19_20_21_22_23_24_25_26_27_28_,NONCLUSTERED,remarks,0,0,0
RM_LOT,_dta_index_RM_LOT_5_1720232749__K1_K4_K3_K9_K5_K2_K74_K72_K73_6_7_8_10_11_12_13_14_15_16_17_18_19_20_21_22_23_24_25_26_27_28_,NONCLUSTERED,mr,0,0,0
RM_LOT,_dta_index_RM_LOT_5_1720232749__K1_K4_K3_K9_K5_K2_K74_K72_K73_6_7_8_10_11_12_13_14_15_16_17_18_19_20_21_22_23_24_25_26_27_28_,NONCLUSTERED,TRCNT,0,0,0
RM_LOT,_dta_index_RM_LOT_5_1720232749__K1_K4_K3_K9_K5_K2_K74_K72_K73_6_7_8_10_11_12_13_14_15_16_17_18_19_20_21_22_23_24_25_26_27_28_,NONCLUSTERED,APPFLG,0,0,0
RM_LOT,_dta_index_RM_LOT_5_1720232749__K1_K4_K3_K9_K5_K2_K74_K72_K73_6_7_8_10_11_12_13_14_15_16_17_18_19_20_21_22_23_24_25_26_27_28_,NONCLUSTERED,cashdisamt,0,0,0
RM_LOT,_dta_index_RM_LOT_5_1720232749__K1_K4_K3_K9_K5_K2_K74_K72_K73_6_7_8_10_11_12_13_14_15_16_17_18_19_20_21_22_23_24_25_26_27_28_,NONCLUSTERED,LINT,0,0,0
RM_LOT,_dta_index_RM_LOT_5_1720232749__K1_K4_K3_K9_K5_K2_K74_K72_K73_6_7_8_10_11_12_13_14_15_16_17_18_19_20_21_22_23_24_25_26_27_28_,NONCLUSTERED,IVC,0,0,0
RM_LOT,_dta_index_RM_LOT_5_1720232749__K1_K4_K3_K9_K5_K2_K74_K72_K73_6_7_8_10_11_12_13_14_15_16_17_18_19_20_21_22_23_24_25_26_27_28_,NONCLUSTERED,EXNoils,0,0,0
RM_LOT,_dta_index_RM_LOT_5_1720232749__K1_K4_K3_K9_K5_K2_K74_K72_K73_6_7_8_10_11_12_13_14_15_16_17_18_19_20_21_22_23_24_25_26_27_28_,NONCLUSTERED,GRADE,0,0,0
RM_LOT,_dta_index_RM_LOT_5_1720232749__K1_K4_K3_K9_K5_K2_K74_K72_K73_6_7_8_10_11_12_13_14_15_16_17_18_19_20_21_22_23_24_25_26_27_28_,NONCLUSTERED,CSP,0,0,0
RM_LOT,_dta_index_RM_LOT_5_1720232749__K1_K4_K3_K9_K5_K2_K74_K72_K73_6_7_8_10_11_12_13_14_15_16_17_18_19_20_21_22_23_24_25_26_27_28_,NONCLUSTERED,RISI,0,0,0
RM_LOT,_dta_index_RM_LOT_5_1720232749__K1_K4_K3_K9_K5_K2_K74_K72_K73_6_7_8_10_11_12_13_14_15_16_17_18_19_20_21_22_23_24_25_26_27_28_,NONCLUSTERED,TPI,0,0,0
RM_LOT,_dta_index_RM_LOT_5_1720232749__K1_K4_K3_K9_K5_K2_K74_K72_K73_6_7_8_10_11_12_13_14_15_16_17_18_19_20_21_22_23_24_25_26_27_28_,NONCLUSTERED,YarnStrength,0,0,0
RM_LOT,_dta_index_RM_LOT_5_1720232749__K1_K4_K3_K9_K5_K2_K74_K72_K73_6_7_8_10_11_12_13_14_15_16_17_18_19_20_21_22_23_24_25_26_27_28_,NONCLUSTERED,YarnCount,0,0,0
RM_LOT,_dta_index_RM_LOT_5_1720232749__K1_K4_K3_K9_K5_K2_K74_K72_K73_6_7_8_10_11_12_13_14_15_16_17_18_19_20_21_22_23_24_25_26_27_28_,NONCLUSTERED,Staple_Hand,0,0,0
RM_LOT,_dta_index_RM_LOT_5_1720232749__K1_K4_K3_K9_K5_K2_K74_K72_K73_6_7_8_10_11_12_13_14_15_16_17_18_19_20_21_22_23_24_25_26_27_28_,NONCLUSTERED,TRArea,0,0,0
RM_LOT,_dta_index_RM_LOT_5_1720232749__K1_K4_K3_K9_K5_K2_K74_K72_K73_6_7_8_10_11_12_13_14_15_16_17_18_19_20_21_22_23_24_25_26_27_28_,NONCLUSTERED,TRGrade,0,0,0
RM_LOT,_dta_index_RM_LOT_5_1720232749__K1_K4_K3_K9_K5_K2_K74_K72_K73_6_7_8_10_11_12_13_14_15_16_17_18_19_20_21_22_23_24_25_26_27_28_,NONCLUSTERED,elg,0,0,0
RM_LOT,_dta_index_RM_LOT_5_1720232749__K1_K4_K3_K9_K5_K2_K74_K72_K73_6_7_8_10_11_12_13_14_15_16_17_18_19_20_21_22_23_24_25_26_27_28_,NONCLUSTERED,scneps_micm,0,0,0
RM_LOT,_dta_index_RM_LOT_5_1720232749__K1_K4_K3_K9_K5_K2_K74_K72_K73_6_7_8_10_11_12_13_14_15_16_17_18_19_20_21_22_23_24_25_26_27_28_,NONCLUSTERED,totscneps_g,0,0,0
RM_LOT,_dta_index_RM_LOT_5_1720232749__K1_K4_K3_K9_K5_K2_K74_K72_K73_6_7_8_10_11_12_13_14_15_16_17_18_19_20_21_22_23_24_25_26_27_28_,NONCLUSTERED,avgscneps_micm,0,0,0
RM_LOT,_dta_index_RM_LOT_5_1720232749__K1_K4_K3_K9_K5_K2_K74_K72_K73_6_7_8_10_11_12_13_14_15_16_17_18_19_20_21_22_23_24_25_26_27_28_,NONCLUSTERED,YarnAppearance,0,0,0
RM_LOT,_dta_index_RM_LOT_5_1720232749__K1_K4_K3_K9_K5_K2_K74_K72_K73_6_7_8_10_11_12_13_14_15_16_17_18_19_20_21_22_23_24_25_26_27_28_,NONCLUSTERED,CorrectedStrength,0,0,0
RM_LOT,_dta_index_RM_LOT_5_1720232749__K1_K4_K3_K9_K5_K2_K74_K72_K73_6_7_8_10_11_12_13_14_15_16_17_18_19_20_21_22_23_24_25_26_27_28_,NONCLUSTERED,uqlw,0,0,0
RM_LOT,_dta_index_RM_LOT_5_1720232749__K1_K4_K3_K9_K5_K2_K74_K72_K73_6_7_8_10_11_12_13_14_15_16_17_18_19_20_21_22_23_24_25_26_27_28_,NONCLUSTERED,ln,0,0,0
RM_LOT,_dta_index_RM_LOT_5_1720232749__K1_K4_K3_K9_K5_K2_K74_K72_K73_6_7_8_10_11_12_13_14_15_16_17_18_19_20_21_22_23_24_25_26_27_28_,NONCLUSTERED,sfcn,0,0,0
RM_LOT,_dta_index_RM_LOT_5_1720232749__K1_K4_K3_K9_K5_K2_K74_K72_K73_6_7_8_10_11_12_13_14_15_16_17_18_19_20_21_22_23_24_25_26_27_28_,NONCLUSTERED,fiveper,0,0,0
RM_LOT,_dta_index_RM_LOT_5_1720232749__K1_K4_K3_K9_K5_K2_K74_K72_K73_6_7_8_10_11_12_13_14_15_16_17_18_19_20_21_22_23_24_25_26_27_28_,NONCLUSTERED,fine,0,0,0
RM_LOT,_dta_index_RM_LOT_5_1720232749__K1_K4_K3_K9_K5_K2_K74_K72_K73_6_7_8_10_11_12_13_14_15_16_17_18_19_20_21_22_23_24_25_26_27_28_,NONCLUSTERED,ifc,0,0,0
RM_LOT,_dta_index_RM_LOT_5_1720232749__K1_K4_K3_K9_K5_K2_K74_K72_K73_6_7_8_10_11_12_13_14_15_16_17_18_19_20_21_22_23_24_25_26_27_28_,NONCLUSTERED,NEPSIZE,0,0,0
RM_LOT,_dta_index_RM_LOT_5_1720232749__K1_K4_K3_K9_K5_K2_K74_K72_K73_6_7_8_10_11_12_13_14_15_16_17_18_19_20_21_22_23_24_25_26_27_28_,NONCLUSTERED,nepspergm,0,0,0
RM_LOT,_dta_index_RM_LOT_5_1720232749__K1_K4_K3_K9_K5_K2_K74_K72_K73_6_7_8_10_11_12_13_14_15_16_17_18_19_20_21_22_23_24_25_26_27_28_,NONCLUSTERED,scneps_g,0,0,0
RM_LOT,_dta_index_RM_LOT_5_1720232749__K1_K4_K3_K9_K5_K2_K74_K72_K73_6_7_8_10_11_12_13_14_15_16_17_18_19_20_21_22_23_24_25_26_27_28_,NONCLUSTERED,scnsize,0,0,0
RM_LOT,_dta_index_RM_LOT_5_1720232749__K1_K4_K3_K9_K5_K2_K74_K72_K73_6_7_8_10_11_12_13_14_15_16_17_18_19_20_21_22_23_24_25_26_27_28_,NONCLUSTERED,lw,0,0,0
RM_LOT,_dta_index_RM_LOT_5_1720232749__K1_K4_K3_K9_K5_K2_K74_K72_K73_6_7_8_10_11_12_13_14_15_16_17_18_19_20_21_22_23_24_25_26_27_28_,NONCLUSTERED,sfcw,0,0,0
RM_LOT,_dta_index_RM_LOT_5_1720232749__K1_K4_K3_K9_K5_K2_K74_K72_K73_6_7_8_10_11_12_13_14_15_16_17_18_19_20_21_22_23_24_25_26_27_28_,NONCLUSTERED,moiture,0,0,0
RM_LOT,_dta_index_RM_LOT_5_1720232749__K1_K4_K3_K9_K5_K2_K74_K72_K73_6_7_8_10_11_12_13_14_15_16_17_18_19_20_21_22_23_24_25_26_27_28_,NONCLUSTERED,RD,0,0,0
RM_LOT,_dta_index_RM_LOT_5_1720232749__K1_K4_K3_K9_K5_K2_K74_K72_K73_6_7_8_10_11_12_13_14_15_16_17_18_19_20_21_22_23_24_25_26_27_28_,NONCLUSTERED,plusB,0,0,0
RM_LOT,_dta_index_RM_LOT_5_1720232749__K1_K4_K3_K9_K5_K2_K74_K72_K73_6_7_8_10_11_12_13_14_15_16_17_18_19_20_21_22_23_24_25_26_27_28_,NONCLUSTERED,bb,0,0,0
RM_LOT,_dta_index_RM_LOT_5_1720232749__K1_K4_K3_K9_K5_K2_K74_K72_K73_6_7_8_10_11_12_13_14_15_16_17_18_19_20_21_22_23_24_25_26_27_28_,NONCLUSTERED,sfi,0,0,0
RM_LOT,_dta_index_RM_LOT_5_1720232749__K1_K4_K3_K9_K5_K2_K74_K72_K73_6_7_8_10_11_12_13_14_15_16_17_18_19_20_21_22_23_24_25_26_27_28_,NONCLUSTERED,gtex,0,0,0
RM_LOT,_dta_index_RM_LOT_5_1720232749__K1_K4_K3_K9_K5_K2_K74_K72_K73_6_7_8_10_11_12_13_14_15_16_17_18_19_20_21_22_23_24_25_26_27_28_,NONCLUSTERED,loadchrg,0,0,0
RM_LOT,_dta_index_RM_LOT_5_1720232749__K1_K4_K3_K9_K5_K2_K74_K72_K73_6_7_8_10_11_12_13_14_15_16_17_18_19_20_21_22_23_24_25_26_27_28_,NONCLUSTERED,VCATCD,0,0,0
RM_LOT,_dta_index_RM_LOT_5_1720232749__K1_K4_K3_K9_K5_K2_K74_K72_K73_6_7_8_10_11_12_13_14_15_16_17_18_19_20_21_22_23_24_25_26_27_28_,NONCLUSTERED,assvalue,0,0,0
RM_LOT,_dta_index_RM_LOT_5_1720232749__K1_K4_K3_K9_K5_K2_K74_K72_K73_6_7_8_10_11_12_13_14_15_16_17_18_19_20_21_22_23_24_25_26_27_28_,NONCLUSTERED,ALLMIXCOUNT,0,0,0
RM_LOT,_dta_index_RM_LOT_5_1720232749__K1_K4_K3_K9_K5_K2_K74_K72_K73_6_7_8_10_11_12_13_14_15_16_17_18_19_20_21_22_23_24_25_26_27_28_,NONCLUSTERED,RECMIXCOUNT,0,0,0
RM_LOT,_dta_index_RM_LOT_5_1720232749__K1_K4_K3_K9_K5_K2_K74_K72_K73_6_7_8_10_11_12_13_14_15_16_17_18_19_20_21_22_23_24_25_26_27_28_,NONCLUSTERED,issflg,0,0,0
RM_LOT,_dta_index_RM_LOT_5_1720232749__K1_K4_K3_K9_K5_K2_K74_K72_K73_6_7_8_10_11_12_13_14_15_16_17_18_19_20_21_22_23_24_25_26_27_28_,NONCLUSTERED,alert_raised,0,0,0
RM_LOT,_dta_index_RM_LOT_5_1720232749__K1_K4_K3_K9_K5_K2_K74_K72_K73_6_7_8_10_11_12_13_14_15_16_17_18_19_20_21_22_23_24_25_26_27_28_,NONCLUSTERED,MarketCommFlg,0,0,0
RM_LOT,_dta_index_RM_LOT_5_1720232749__K1_K4_K3_K9_K5_K2_K74_K72_K73_6_7_8_10_11_12_13_14_15_16_17_18_19_20_21_22_23_24_25_26_27_28_,NONCLUSTERED,PackForFlg,0,0,0
RM_LOT,_dta_index_RM_LOT_5_1720232749__K1_K4_K3_K9_K5_K2_K74_K72_K73_6_7_8_10_11_12_13_14_15_16_17_18_19_20_21_22_23_24_25_26_27_28_,NONCLUSTERED,TaxRoundOff,0,0,0
RM_LOT,_dta_index_RM_LOT_5_1720232749__K1_K4_K3_K9_K5_K2_K74_K72_K73_6_7_8_10_11_12_13_14_15_16_17_18_19_20_21_22_23_24_25_26_27_28_,NONCLUSTERED,Tax_code,0,0,0
RM_LOT,_dta_index_RM_LOT_5_1720232749__K1_K4_K3_K9_K5_K2_K74_K72_K73_6_7_8_10_11_12_13_14_15_16_17_18_19_20_21_22_23_24_25_26_27_28_,NONCLUSTERED,RateFlg,0,0,0
RM_LOT,_dta_index_RM_LOT_5_1720232749__K1_K4_K3_K9_K5_K2_K74_K72_K73_6_7_8_10_11_12_13_14_15_16_17_18_19_20_21_22_23_24_25_26_27_28_,NONCLUSTERED,PACKFORPER,0,0,0
RM_LOT,_dta_index_RM_LOT_5_1720232749__K1_K4_K3_K9_K5_K2_K74_K72_K73_6_7_8_10_11_12_13_14_15_16_17_18_19_20_21_22_23_24_25_26_27_28_,NONCLUSTERED,PACKFORAMT,0,0,0
RM_LOT,_dta_index_RM_LOT_5_1720232749__K1_K4_K3_K9_K5_K2_K74_K72_K73_6_7_8_10_11_12_13_14_15_16_17_18_19_20_21_22_23_24_25_26_27_28_,NONCLUSTERED,MARKETPER,0,0,0
RM_LOT,_dta_index_RM_LOT_5_1720232749__K1_K4_K3_K9_K5_K2_K74_K72_K73_6_7_8_10_11_12_13_14_15_16_17_18_19_20_21_22_23_24_25_26_27_28_,NONCLUSTERED,MARKETAMT,0,0,0
RM_LOT,_dta_index_RM_LOT_5_1720232749__K1_K4_K3_K9_K5_K2_K74_K72_K73_6_7_8_10_11_12_13_14_15_16_17_18_19_20_21_22_23_24_25_26_27_28_,NONCLUSTERED,STAFORM,0,0,0
RM_LOT,_dta_index_RM_LOT_5_1720232749__K1_K4_K3_K9_K5_K2_K74_K72_K73_6_7_8_10_11_12_13_14_15_16_17_18_19_20_21_22_23_24_25_26_27_28_,NONCLUSTERED,roff,0,0,0
RM_LOT,_dta_index_RM_LOT_5_1720232749__K1_K4_K3_K9_K5_K2_K74_K72_K73_6_7_8_10_11_12_13_14_15_16_17_18_19_20_21_22_23_24_25_26_27_28_,NONCLUSTERED,tlrno,0,0,0
RM_LOT,_dta_index_RM_LOT_5_1720232749__K1_K4_K3_K9_K5_K2_K74_K72_K73_6_7_8_10_11_12_13_14_15_16_17_18_19_20_21_22_23_24_25_26_27_28_,NONCLUSTERED,Rateunit,0,0,0
RM_LOT,_dta_index_RM_LOT_5_1720232749__K1_K4_K3_K9_K5_K2_K74_K72_K73_6_7_8_10_11_12_13_14_15_16_17_18_19_20_21_22_23_24_25_26_27_28_,NONCLUSTERED,PGRSWT,0,0,0
RM_LOT,_dta_index_RM_LOT_5_1720232749__K1_K4_K3_K9_K5_K2_K74_K72_K73_6_7_8_10_11_12_13_14_15_16_17_18_19_20_21_22_23_24_25_26_27_28_,NONCLUSTERED,PTAREWT,0,0,0
RM_LOT,_dta_index_RM_LOT_5_1720232749__K1_K4_K3_K9_K5_K2_K74_K72_K73_6_7_8_10_11_12_13_14_15_16_17_18_19_20_21_22_23_24_25_26_27_28_,NONCLUSTERED,PNETWT,0,0,0
RM_LOT,_dta_index_RM_LOT_5_1720232749__K1_K4_K3_K9_K5_K2_K74_K72_K73_6_7_8_10_11_12_13_14_15_16_17_18_19_20_21_22_23_24_25_26_27_28_,NONCLUSTERED,REFLOTNO,0,0,0
RM_LOT,_dta_index_RM_LOT_5_1720232749__K1_K4_K3_K9_K5_K2_K74_K72_K73_6_7_8_10_11_12_13_14_15_16_17_18_19_20_21_22_23_24_25_26_27_28_,NONCLUSTERED,SNO,0,0,0
RM_LOT,_dta_index_RM_LOT_5_1720232749__K1_K4_K3_K9_K5_K2_K74_K72_K73_6_7_8_10_11_12_13_14_15_16_17_18_19_20_21_22_23_24_25_26_27_28_,NONCLUSTERED,STIME,0,0,0
RM_LOT,_dta_index_RM_LOT_5_1720232749__K1_K4_K3_K9_K5_K2_K74_K72_K73_6_7_8_10_11_12_13_14_15_16_17_18_19_20_21_22_23_24_25_26_27_28_,NONCLUSTERED,ETIME,0,0,0
RM_LOT,_dta_index_RM_LOT_5_1720232749__K1_K4_K3_K9_K5_K2_K74_K72_K73_6_7_8_10_11_12_13_14_15_16_17_18_19_20_21_22_23_24_25_26_27_28_,NONCLUSTERED,TOTHRS,0,0,0
RM_LOT,_dta_index_RM_LOT_5_1720232749__K1_K4_K3_K9_K5_K2_K74_K72_K73_6_7_8_10_11_12_13_14_15_16_17_18_19_20_21_22_23_24_25_26_27_28_,NONCLUSTERED,trantype,0,0,0
RM_LOT,_dta_index_RM_LOT_5_1720232749__K1_K4_K3_K9_K5_K2_K74_K72_K73_6_7_8_10_11_12_13_14_15_16_17_18_19_20_21_22_23_24_25_26_27_28_,NONCLUSTERED,tlorryno,0,0,0
RM_LOT,_dta_index_RM_LOT_5_1720232749__K1_K4_K3_K9_K5_K2_K74_K72_K73_6_7_8_10_11_12_13_14_15_16_17_18_19_20_21_22_23_24_25_26_27_28_,NONCLUSTERED,DBAMT,0,0,0
RM_LOT,_dta_index_RM_LOT_5_1720232749__K1_K4_K3_K9_K5_K2_K74_K72_K73_6_7_8_10_11_12_13_14_15_16_17_18_19_20_21_22_23_24_25_26_27_28_,NONCLUSTERED,DBNARR,0,0,0
RM_LOT,_dta_index_RM_LOT_5_1720232749__K1_K4_K3_K9_K5_K2_K74_K72_K73_6_7_8_10_11_12_13_14_15_16_17_18_19_20_21_22_23_24_25_26_27_28_,NONCLUSTERED,ABales,0,0,0
RM_LOT,_dta_index_RM_LOT_5_1720232749__K1_K4_K3_K9_K5_K2_K74_K72_K73_6_7_8_10_11_12_13_14_15_16_17_18_19_20_21_22_23_24_25_26_27_28_,NONCLUSTERED,ADate,0,0,0
RM_LOT,_dta_index_RM_LOT_5_1720232749__K1_K4_K3_K9_K5_K2_K74_K72_K73_6_7_8_10_11_12_13_14_15_16_17_18_19_20_21_22_23_24_25_26_27_28_,NONCLUSTERED,AFRatekg,0,0,0
RM_LOT,_dta_index_RM_LOT_5_1720232749__K1_K4_K3_K9_K5_K2_K74_K72_K73_6_7_8_10_11_12_13_14_15_16_17_18_19_20_21_22_23_24_25_26_27_28_,NONCLUSTERED,DBTC,0,0,0
RM_LOT,_dta_index_RM_LOT_5_1720232749__K1_K4_K3_K9_K5_K2_K74_K72_K73_6_7_8_10_11_12_13_14_15_16_17_18_19_20_21_22_23_24_25_26_27_28_,NONCLUSTERED,moisture_et,0,0,0
RM_LOT,_dta_index_RM_LOT_5_1720232749__K1_K4_K3_K9_K5_K2_K74_K72_K73_6_7_8_10_11_12_13_14_15_16_17_18_19_20_21_22_23_24_25_26_27_28_,NONCLUSTERED,awt_flg,0,0,0
RM_LOT,_dta_index_RM_LOT_5_1720232749__K1_K4_K3_K9_K5_K2_K74_K72_K73_6_7_8_10_11_12_13_14_15_16_17_18_19_20_21_22_23_24_25_26_27_28_,NONCLUSTERED,ARATECY,0,0,0
RM_LOT,_dta_index_RM_LOT_5_1720232749__K1_K4_K3_K9_K5_K2_K74_K72_K73_6_7_8_10_11_12_13_14_15_16_17_18_19_20_21_22_23_24_25_26_27_28_,NONCLUSTERED,ARATEKG,0,0,0
RM_LOT,_dta_index_RM_LOT_5_1720232749__K1_K4_K3_K9_K5_K2_K74_K72_K73_6_7_8_10_11_12_13_14_15_16_17_18_19_20_21_22_23_24_25_26_27_28_,NONCLUSTERED,DBNO,0,0,0
RM_LOT,_dta_index_RM_LOT_5_1720232749__K1_K4_K3_K9_K5_K2_K74_K72_K73_6_7_8_10_11_12_13_14_15_16_17_18_19_20_21_22_23_24_25_26_27_28_,NONCLUSTERED,DBDT,0,0,0
RM_LOT,_dta_index_RM_LOT_5_1720232749__K1_K4_K3_K9_K5_K2_K74_K72_K73_6_7_8_10_11_12_13_14_15_16_17_18_19_20_21_22_23_24_25_26_27_28_,NONCLUSTERED,WARPAGEAMT,0,0,0
RM_LOT,_dta_index_RM_LOT_5_1720232749__K1_K4_K3_K9_K5_K2_K74_K72_K73_6_7_8_10_11_12_13_14_15_16_17_18_19_20_21_22_23_24_25_26_27_28_,NONCLUSTERED,CLEARANCEAMT,0,0,0
RM_LOT,_dta_index_RM_LOT_5_1720232749__K1_K4_K3_K9_K5_K2_K74_K72_K73_6_7_8_10_11_12_13_14_15_16_17_18_19_20_21_22_23_24_25_26_27_28_,NONCLUSTERED,OTHERSAMT,0,0,0
RM_LOT,_dta_index_RM_LOT_5_1720232749__K1_K4_K3_K9_K5_K2_K74_K72_K73_6_7_8_10_11_12_13_14_15_16_17_18_19_20_21_22_23_24_25_26_27_28_,NONCLUSTERED,ALLOWANCEAMT,0,0,0
RM_LOT,_dta_index_RM_LOT_5_1720232749__K1_K4_K3_K9_K5_K2_K74_K72_K73_6_7_8_10_11_12_13_14_15_16_17_18_19_20_21_22_23_24_25_26_27_28_,NONCLUSTERED,CUSTOMSDUTYAMT,0,0,0
RM_LOT,_dta_index_RM_LOT_5_1720232749__K1_K4_K3_K9_K5_K2_K74_K72_K73_6_7_8_10_11_12_13_14_15_16_17_18_19_20_21_22_23_24_25_26_27_28_,NONCLUSTERED,RATE,0,0,0
RM_LOT,_dta_index_RM_LOT_5_1720232749__K1_K4_K3_K9_K5_K2_K74_K72_K73_6_7_8_10_11_12_13_14_15_16_17_18_19_20_21_22_23_24_25_26_27_28_,NONCLUSTERED,COMMPER,0,0,0
RM_LOT,_dta_index_RM_LOT_5_1720232749__K1_K4_K3_K9_K5_K2_K74_K72_K73_6_7_8_10_11_12_13_14_15_16_17_18_19_20_21_22_23_24_25_26_27_28_,NONCLUSTERED,COMMAMT,0,0,0
RM_LOT,_dta_index_RM_LOT_5_1720232749__K1_K4_K3_K9_K5_K2_K74_K72_K73_6_7_8_10_11_12_13_14_15_16_17_18_19_20_21_22_23_24_25_26_27_28_,NONCLUSTERED,LCINTPER,0,0,0
RM_LOT,_dta_index_RM_LOT_5_1720232749__K1_K4_K3_K9_K5_K2_K74_K72_K73_6_7_8_10_11_12_13_14_15_16_17_18_19_20_21_22_23_24_25_26_27_28_,NONCLUSTERED,LCINTAMT,0,0,0
RM_LOT,_dta_index_RM_LOT_5_1720232749__K1_K4_K3_K9_K5_K2_K74_K72_K73_6_7_8_10_11_12_13_14_15_16_17_18_19_20_21_22_23_24_25_26_27_28_,NONCLUSTERED,CHARITYAMT,0,0,0
RM_LOT,_dta_index_RM_LOT_5_1720232749__K1_K4_K3_K9_K5_K2_K74_K72_K73_6_7_8_10_11_12_13_14_15_16_17_18_19_20_21_22_23_24_25_26_27_28_,NONCLUSTERED,DAMAGEAMT,0,0,0
RM_LOT,_dta_index_RM_LOT_5_1720232749__K1_K4_K3_K9_K5_K2_K74_K72_K73_6_7_8_10_11_12_13_14_15_16_17_18_19_20_21_22_23_24_25_26_27_28_,NONCLUSTERED,OTHTAXAMT,0,0,0
RM_LOT,_dta_index_RM_LOT_5_1720232749__K1_K4_K3_K9_K5_K2_K74_K72_K73_6_7_8_10_11_12_13_14_15_16_17_18_19_20_21_22_23_24_25_26_27_28_,NONCLUSTERED,LRFRTPER,0,0,0
RM_LOT,_dta_index_RM_LOT_5_1720232749__K1_K4_K3_K9_K5_K2_K74_K72_K73_6_7_8_10_11_12_13_14_15_16_17_18_19_20_21_22_23_24_25_26_27_28_,NONCLUSTERED,LRFRTAMT,0,0,0
RM_LOT,_dta_index_RM_LOT_5_1720232749__K1_K4_K3_K9_K5_K2_K74_K72_K73_6_7_8_10_11_12_13_14_15_16_17_18_19_20_21_22_23_24_25_26_27_28_,NONCLUSTERED,RLYFRTPER,0,0,0
RM_LOT,_dta_index_RM_LOT_5_1720232749__K1_K4_K3_K9_K5_K2_K74_K72_K73_6_7_8_10_11_12_13_14_15_16_17_18_19_20_21_22_23_24_25_26_27_28_,NONCLUSTERED,RLYFRTAMT,0,0,0
RM_LOT,_dta_index_RM_LOT_5_1720232749__K1_K4_K3_K9_K5_K2_K74_K72_K73_6_7_8_10_11_12_13_14_15_16_17_18_19_20_21_22_23_24_25_26_27_28_,NONCLUSTERED,INSPER,0,0,0
RM_LOT,_dta_index_RM_LOT_5_1720232749__K1_K4_K3_K9_K5_K2_K74_K72_K73_6_7_8_10_11_12_13_14_15_16_17_18_19_20_21_22_23_24_25_26_27_28_,NONCLUSTERED,CSTAMT,0,0,0
RM_LOT,_dta_index_RM_LOT_5_1720232749__K1_K4_K3_K9_K5_K2_K74_K72_K73_6_7_8_10_11_12_13_14_15_16_17_18_19_20_21_22_23_24_25_26_27_28_,NONCLUSTERED,TNGSTPER,0,0,0
RM_LOT,_dta_index_RM_LOT_5_1720232749__K1_K4_K3_K9_K5_K2_K74_K72_K73_6_7_8_10_11_12_13_14_15_16_17_18_19_20_21_22_23_24_25_26_27_28_,NONCLUSTERED,TNGSTAMT,0,0,0
RM_LOT,_dta_index_RM_LOT_5_1720232749__K1_K4_K3_K9_K5_K2_K74_K72_K73_6_7_8_10_11_12_13_14_15_16_17_18_19_20_21_22_23_24_25_26_27_28_,NONCLUSTERED,SCPER,0,0,0
RM_LOT,_dta_index_RM_LOT_5_1720232749__K1_K4_K3_K9_K5_K2_K74_K72_K73_6_7_8_10_11_12_13_14_15_16_17_18_19_20_21_22_23_24_25_26_27_28_,NONCLUSTERED,SCAMT,0,0,0
RM_LOT,_dta_index_RM_LOT_5_1720232749__K1_K4_K3_K9_K5_K2_K74_K72_K73_6_7_8_10_11_12_13_14_15_16_17_18_19_20_21_22_23_24_25_26_27_28_,NONCLUSTERED,OTHTAXPER,0,0,0
RM_LOT,_dta_index_RM_LOT_5_1720232749__K1_K4_K3_K9_K5_K2_K74_K72_K73_6_7_8_10_11_12_13_14_15_16_17_18_19_20_21_22_23_24_25_26_27_28_,NONCLUSTERED,CESSAMT,0,0,0
RM_LOT,_dta_index_RM_LOT_5_1720232749__K1_K4_K3_K9_K5_K2_K74_K72_K73_6_7_8_10_11_12_13_14_15_16_17_18_19_20_21_22_23_24_25_26_27_28_,NONCLUSTERED,OCTROIPER,0,0,0
RM_LOT,_dta_index_RM_LOT_5_1720232749__K1_K4_K3_K9_K5_K2_K74_K72_K73_6_7_8_10_11_12_13_14_15_16_17_18_19_20_21_22_23_24_25_26_27_28_,NONCLUSTERED,OCTROIAMT,0,0,0
RM_LOT,_dta_index_RM_LOT_5_1720232749__K1_K4_K3_K9_K5_K2_K74_K72_K73_6_7_8_10_11_12_13_14_15_16_17_18_19_20_21_22_23_24_25_26_27_28_,NONCLUSTERED,VATPER,0,0,0
RM_LOT,_dta_index_RM_LOT_5_1720232749__K1_K4_K3_K9_K5_K2_K74_K72_K73_6_7_8_10_11_12_13_14_15_16_17_18_19_20_21_22_23_24_25_26_27_28_,NONCLUSTERED,VATAMT,0,0,0
RM_LOT,_dta_index_RM_LOT_5_1720232749__K1_K4_K3_K9_K5_K2_K74_K72_K73_6_7_8_10_11_12_13_14_15_16_17_18_19_20_21_22_23_24_25_26_27_28_,NONCLUSTERED,CSTPER,0,0,0
RM_LOT,_dta_index_RM_LOT_5_1720232749__K1_K4_K3_K9_K5_K2_K74_K72_K73_6_7_8_10_11_12_13_14_15_16_17_18_19_20_21_22_23_24_25_26_27_28_,NONCLUSTERED,COLORCODE,0,0,0
RM_LOT,_dta_index_RM_LOT_5_1720232749__K1_K4_K3_K9_K5_K2_K74_K72_K73_6_7_8_10_11_12_13_14_15_16_17_18_19_20_21_22_23_24_25_26_27_28_,NONCLUSTERED,BEDPER,0,0,0
RM_LOT,_dta_index_RM_LOT_5_1720232749__K1_K4_K3_K9_K5_K2_K74_K72_K73_6_7_8_10_11_12_13_14_15_16_17_18_19_20_21_22_23_24_25_26_27_28_,NONCLUSTERED,SEDPER,0,0,0
RM_LOT,_dta_index_RM_LOT_5_1720232749__K1_K4_K3_K9_K5_K2_K74_K72_K73_6_7_8_10_11_12_13_14_15_16_17_18_19_20_21_22_23_24_25_26_27_28_,NONCLUSTERED,SEDAMT,0,0,0
RM_LOT,_dta_index_RM_LOT_5_1720232749__K1_K4_K3_K9_K5_K2_K74_K72_K73_6_7_8_10_11_12_13_14_15_16_17_18_19_20_21_22_23_24_25_26_27_28_,NONCLUSTERED,AEDPER,0,0,0
RM_LOT,_dta_index_RM_LOT_5_1720232749__K1_K4_K3_K9_K5_K2_K74_K72_K73_6_7_8_10_11_12_13_14_15_16_17_18_19_20_21_22_23_24_25_26_27_28_,NONCLUSTERED,CESSPER,0,0,0
RM_LOT,_dta_index_RM_LOT_5_1720232749__K1_K4_K3_K9_K5_K2_K74_K72_K73_6_7_8_10_11_12_13_14_15_16_17_18_19_20_21_22_23_24_25_26_27_28_,NONCLUSTERED,IMATURE,0,0,0
RM_LOT,_dta_index_RM_LOT_5_1720232749__K1_K4_K3_K9_K5_K2_K74_K72_K73_6_7_8_10_11_12_13_14_15_16_17_18_19_20_21_22_23_24_25_26_27_28_,NONCLUSTERED,reason,0,0,0
RM_LOT,_dta_index_RM_LOT_5_1720232749__K1_K4_K3_K9_K5_K2_K74_K72_K73_6_7_8_10_11_12_13_14_15_16_17_18_19_20_21_22_23_24_25_26_27_28_,NONCLUSTERED,adjwt,0,0,0
RM_LOT,_dta_index_RM_LOT_5_1720232749__K1_K4_K3_K9_K5_K2_K74_K72_K73_6_7_8_10_11_12_13_14_15_16_17_18_19_20_21_22_23_24_25_26_27_28_,NONCLUSTERED,adjust,0,0,0
RM_LOT,_dta_index_RM_LOT_5_1720232749__K1_K4_K3_K9_K5_K2_K74_K72_K73_6_7_8_10_11_12_13_14_15_16_17_18_19_20_21_22_23_24_25_26_27_28_,NONCLUSTERED,adjreason,0,0,0
RM_LOT,_dta_index_RM_LOT_5_1720232749__K1_K4_K3_K9_K5_K2_K74_K72_K73_6_7_8_10_11_12_13_14_15_16_17_18_19_20_21_22_23_24_25_26_27_28_,NONCLUSTERED,adjdt,0,0,0
RM_LOT,_dta_index_RM_LOT_5_1720232749__K1_K4_K3_K9_K5_K2_K74_K72_K73_6_7_8_10_11_12_13_14_15_16_17_18_19_20_21_22_23_24_25_26_27_28_,NONCLUSTERED,MODDATE,0,0,0
RM_LOT,_dta_index_RM_LOT_5_1720232749__K1_K4_K3_K9_K5_K2_K74_K72_K73_6_7_8_10_11_12_13_14_15_16_17_18_19_20_21_22_23_24_25_26_27_28_,NONCLUSTERED,ARRDT,0,0,0
RM_LOT,_dta_index_RM_LOT_5_1720232749__K1_K4_K3_K9_K5_K2_K74_K72_K73_6_7_8_10_11_12_13_14_15_16_17_18_19_20_21_22_23_24_25_26_27_28_,NONCLUSTERED,FQI,0,0,0
RM_LOT,_dta_index_RM_LOT_5_1720232749__K1_K4_K3_K9_K5_K2_K74_K72_K73_6_7_8_10_11_12_13_14_15_16_17_18_19_20_21_22_23_24_25_26_27_28_,NONCLUSTERED,SCI,0,0,0
RM_LOT,_dta_index_RM_LOT_5_1720232749__K1_K4_K3_K9_K5_K2_K74_K72_K73_6_7_8_10_11_12_13_14_15_16_17_18_19_20_21_22_23_24_25_26_27_28_,NONCLUSTERED,MATURE,0,0,0
RM_LOT,_dta_index_RM_LOT_5_1720232749__K1_K4_K3_K9_K5_K2_K74_K72_K73_6_7_8_10_11_12_13_14_15_16_17_18_19_20_21_22_23_24_25_26_27_28_,NONCLUSTERED,HMATURE,0,0,0
RM_LOT,_dta_index_RM_LOT_5_1720232749__K1_K4_K3_K9_K5_K2_K74_K72_K73_6_7_8_10_11_12_13_14_15_16_17_18_19_20_21_22_23_24_25_26_27_28_,NONCLUSTERED,UNIRATIO,0,0,0
RM_LOT,_dta_index_RM_LOT_5_1720232749__K1_K4_K3_K9_K5_K2_K74_K72_K73_6_7_8_10_11_12_13_14_15_16_17_18_19_20_21_22_23_24_25_26_27_28_,NONCLUSTERED,MCOEFF,0,0,0
RM_LOT,_dta_index_RM_LOT_5_1720232749__K1_K4_K3_K9_K5_K2_K74_K72_K73_6_7_8_10_11_12_13_14_15_16_17_18_19_20_21_22_23_24_25_26_27_28_,NONCLUSTERED,STRENGTH,0,0,0
RM_LOT,_dta_index_RM_LOT_5_1720232749__K1_K4_K3_K9_K5_K2_K74_K72_K73_6_7_8_10_11_12_13_14_15_16_17_18_19_20_21_22_23_24_25_26_27_28_,NONCLUSTERED,actisskgs,0,0,0
RM_LOT,_dta_index_RM_LOT_5_1720232749__K1_K4_K3_K9_K5_K2_K74_K72_K73_6_7_8_10_11_12_13_14_15_16_17_18_19_20_21_22_23_24_25_26_27_28_,NONCLUSTERED,MODUSERID,0,0,0
RM_LOT,_dta_index_RM_LOT_5_1720232749__K1_K4_K3_K9_K5_K2_K74_K72_K73_6_7_8_10_11_12_13_14_15_16_17_18_19_20_21_22_23_24_25_26_27_28_,NONCLUSTERED,MODUSRID,0,0,0
RM_LOT,_dta_index_RM_LOT_5_1720232749__K1_K4_K3_K9_K5_K2_K74_K72_K73_6_7_8_10_11_12_13_14_15_16_17_18_19_20_21_22_23_24_25_26_27_28_,NONCLUSTERED,PTYPE,0,0,0
RM_LOT,_dta_index_RM_LOT_5_1720232749__K1_K4_K3_K9_K5_K2_K74_K72_K73_6_7_8_10_11_12_13_14_15_16_17_18_19_20_21_22_23_24_25_26_27_28_,NONCLUSTERED,RG23A,0,0,0
RM_LOT,_dta_index_RM_LOT_5_1720232749__K1_K4_K3_K9_K5_K2_K74_K72_K73_6_7_8_10_11_12_13_14_15_16_17_18_19_20_21_22_23_24_25_26_27_28_,NONCLUSTERED,dutydocno,0,0,0
RM_LOT,_dta_index_RM_LOT_5_1720232749__K1_K4_K3_K9_K5_K2_K74_K72_K73_6_7_8_10_11_12_13_14_15_16_17_18_19_20_21_22_23_24_25_26_27_28_,NONCLUSTERED,PLOTNO,0,0,0
RM_LOT,_dta_index_RM_LOT_5_1720232749__K1_K4_K3_K9_K5_K2_K74_K72_K73_6_7_8_10_11_12_13_14_15_16_17_18_19_20_21_22_23_24_25_26_27_28_,NONCLUSTERED,OPFLG,0,0,0
RM_LOT,_dta_index_RM_LOT_5_1720232749__K1_K4_K3_K9_K5_K2_K74_K72_K73_6_7_8_10_11_12_13_14_15_16_17_18_19_20_21_22_23_24_25_26_27_28_,NONCLUSTERED,STAPLEN50,0,0,0
RM_LOT,_dta_index_RM_LOT_5_1720232749__K1_K4_K3_K9_K5_K2_K74_K72_K73_6_7_8_10_11_12_13_14_15_16_17_18_19_20_21_22_23_24_25_26_27_28_,NONCLUSTERED,ISSBAL,0,0,0
RM_LOT,_dta_index_RM_LOT_5_1720232749__K1_K4_K3_K9_K5_K2_K74_K72_K73_6_7_8_10_11_12_13_14_15_16_17_18_19_20_21_22_23_24_25_26_27_28_,NONCLUSTERED,ISSWT,0,0,0
RM_LOT,_dta_index_RM_LOT_5_1720232749__K1_K4_K3_K9_K5_K2_K74_K72_K73_6_7_8_10_11_12_13_14_15_16_17_18_19_20_21_22_23_24_25_26_27_28_,NONCLUSTERED,PJTC,0,0,0
RM_LOT,_dta_index_RM_LOT_5_1720232749__K1_K4_K3_K9_K5_K2_K74_K72_K73_6_7_8_10_11_12_13_14_15_16_17_18_19_20_21_22_23_24_25_26_27_28_,NONCLUSTERED,PJNO,0,0,0
RM_LOT,_dta_index_RM_LOT_5_1720232749__K1_K4_K3_K9_K5_K2_K74_K72_K73_6_7_8_10_11_12_13_14_15_16_17_18_19_20_21_22_23_24_25_26_27_28_,NONCLUSTERED,PJDT,0,0,0
RM_LOT,_dta_index_RM_LOT_5_1720232749__K1_K4_K3_K9_K5_K2_K74_K72_K73_6_7_8_10_11_12_13_14_15_16_17_18_19_20_21_22_23_24_25_26_27_28_,NONCLUSTERED,PJAMT,0,0,0
RM_LOT,_dta_index_RM_LOT_5_1720232749__K1_K4_K3_K9_K5_K2_K74_K72_K73_6_7_8_10_11_12_13_14_15_16_17_18_19_20_21_22_23_24_25_26_27_28_,NONCLUSTERED,GODOWN,0,0,0
RM_LOT,_dta_index_RM_LOT_5_1720232749__K1_K4_K3_K9_K5_K2_K74_K72_K73_6_7_8_10_11_12_13_14_15_16_17_18_19_20_21_22_23_24_25_26_27_28_,NONCLUSTERED,LGROUP,0,0,0
RM_LOT,_dta_index_RM_LOT_5_1720232749__K1_K4_K3_K9_K5_K2_K74_K72_K73_6_7_8_10_11_12_13_14_15_16_17_18_19_20_21_22_23_24_25_26_27_28_,NONCLUSTERED,STAPLEN,0,0,0
RM_LOT,_dta_index_RM_LOT_5_1720232749__K1_K4_K3_K9_K5_K2_K74_K72_K73_6_7_8_10_11_12_13_14_15_16_17_18_19_20_21_22_23_24_25_26_27_28_,NONCLUSTERED,SHORT_FIBRE,0,0,0
RM_LOT,_dta_index_RM_LOT_5_1720232749__K1_K4_K3_K9_K5_K2_K74_K72_K73_6_7_8_10_11_12_13_14_15_16_17_18_19_20_21_22_23_24_25_26_27_28_,NONCLUSTERED,MICRONAIRE,0,0,0
RM_LOT,_dta_index_RM_LOT_5_1720232749__K1_K4_K3_K9_K5_K2_K74_K72_K73_6_7_8_10_11_12_13_14_15_16_17_18_19_20_21_22_23_24_25_26_27_28_,NONCLUSTERED,TRASH_PER,0,0,0
RM_LOT,_dta_index_RM_LOT_5_1720232749__K1_K4_K3_K9_K5_K2_K74_K72_K73_6_7_8_10_11_12_13_14_15_16_17_18_19_20_21_22_23_24_25_26_27_28_,NONCLUSTERED,SAMPWT,0,0,0
RM_LOT,_dta_index_RM_LOT_5_1720232749__K1_K4_K3_K9_K5_K2_K74_K72_K73_6_7_8_10_11_12_13_14_15_16_17_18_19_20_21_22_23_24_25_26_27_28_,NONCLUSTERED,NETWT,0,0,0
RM_LOT,_dta_index_RM_LOT_5_1720232749__K1_K4_K3_K9_K5_K2_K74_K72_K73_6_7_8_10_11_12_13_14_15_16_17_18_19_20_21_22_23_24_25_26_27_28_,NONCLUSTERED,BBLFLG,0,0,0
RM_LOT,_dta_index_RM_LOT_5_1720232749__K1_K4_K3_K9_K5_K2_K74_K72_K73_6_7_8_10_11_12_13_14_15_16_17_18_19_20_21_22_23_24_25_26_27_28_,NONCLUSTERED,BALES,0,0,0
RM_LOT,_dta_index_RM_LOT_5_1720232749__K1_K4_K3_K9_K5_K2_K74_K72_K73_6_7_8_10_11_12_13_14_15_16_17_18_19_20_21_22_23_24_25_26_27_28_,NONCLUSTERED,RATEKG,0,0,0
RM_LOT,_dta_index_RM_LOT_5_1720232749__K1_K4_K3_K9_K5_K2_K74_K72_K73_6_7_8_10_11_12_13_14_15_16_17_18_19_20_21_22_23_24_25_26_27_28_,NONCLUSTERED,RATECY,0,0,0
RM_LOT,_dta_index_RM_LOT_5_1720232749__K1_K4_K3_K9_K5_K2_K74_K72_K73_6_7_8_10_11_12_13_14_15_16_17_18_19_20_21_22_23_24_25_26_27_28_,NONCLUSTERED,INSAMT,0,0,0
RM_LOT,_dta_index_RM_LOT_5_1720232749__K1_K4_K3_K9_K5_K2_K74_K72_K73_6_7_8_10_11_12_13_14_15_16_17_18_19_20_21_22_23_24_25_26_27_28_,NONCLUSTERED,BEDAMT,0,0,0
RM_LOT,_dta_index_RM_LOT_5_1720232749__K1_K4_K3_K9_K5_K2_K74_K72_K73_6_7_8_10_11_12_13_14_15_16_17_18_19_20_21_22_23_24_25_26_27_28_,NONCLUSTERED,AEDAMT,0,0,0
RM_LOT,_dta_index_RM_LOT_5_1720232749__K1_K4_K3_K9_K5_K2_K74_K72_K73_6_7_8_10_11_12_13_14_15_16_17_18_19_20_21_22_23_24_25_26_27_28_,NONCLUSTERED,TOTLANDCOST,0,0,0
RM_LOT,_dta_index_RM_LOT_5_1720232749__K1_K4_K3_K9_K5_K2_K74_K72_K73_6_7_8_10_11_12_13_14_15_16_17_18_19_20_21_22_23_24_25_26_27_28_,NONCLUSTERED,GRSWGT,0,0,0
RM_LOT,_dta_index_RM_LOT_5_1720232749__K1_K4_K3_K9_K5_K2_K74_K72_K73_6_7_8_10_11_12_13_14_15_16_17_18_19_20_21_22_23_24_25_26_27_28_,NONCLUSTERED,TAREWT,0,0,0
RM_LOT,_dta_index_RM_LOT_5_1720232749__K1_K4_K3_K9_K5_K2_K74_K72_K73_6_7_8_10_11_12_13_14_15_16_17_18_19_20_21_22_23_24_25_26_27_28_,NONCLUSTERED,BRKRRT,0,0,0
RM_LOT,_dta_index_RM_LOT_5_1720232749__K1_K4_K3_K9_K5_K2_K74_K72_K73_6_7_8_10_11_12_13_14_15_16_17_18_19_20_21_22_23_24_25_26_27_28_,NONCLUSTERED,BRKCOM,0,0,0
RM_LOT,_dta_index_RM_LOT_5_1720232749__K1_K4_K3_K9_K5_K2_K74_K72_K73_6_7_8_10_11_12_13_14_15_16_17_18_19_20_21_22_23_24_25_26_27_28_,NONCLUSTERED,CARCHG,0,0,0
RM_LOT,_dta_index_RM_LOT_5_1720232749__K1_K4_K3_K9_K5_K2_K74_K72_K73_6_7_8_10_11_12_13_14_15_16_17_18_19_20_21_22_23_24_25_26_27_28_,NONCLUSTERED,DNAMT1,0,0,0
RM_LOT,_dta_index_RM_LOT_5_1720232749__K1_K4_K3_K9_K5_K2_K74_K72_K73_6_7_8_10_11_12_13_14_15_16_17_18_19_20_21_22_23_24_25_26_27_28_,NONCLUSTERED,DNAMT2,0,0,0
RM_LOT,_dta_index_RM_LOT_5_1720232749__K1_K4_K3_K9_K5_K2_K74_K72_K73_6_7_8_10_11_12_13_14_15_16_17_18_19_20_21_22_23_24_25_26_27_28_,NONCLUSTERED,SPOTEXP,0,0,0
RM_LOT,_dta_index_RM_LOT_5_1720232749__K1_K4_K3_K9_K5_K2_K74_K72_K73_6_7_8_10_11_12_13_14_15_16_17_18_19_20_21_22_23_24_25_26_27_28_,NONCLUSTERED,BNKCHG,0,0,0
RM_LOT,_dta_index_RM_LOT_5_1720232749__K1_K4_K3_K9_K5_K2_K74_K72_K73_6_7_8_10_11_12_13_14_15_16_17_18_19_20_21_22_23_24_25_26_27_28_,NONCLUSTERED,ODINT,0,0,0
RM_LOT,_dta_index_RM_LOT_5_1720232749__K1_K4_K3_K9_K5_K2_K74_K72_K73_6_7_8_10_11_12_13_14_15_16_17_18_19_20_21_22_23_24_25_26_27_28_,NONCLUSTERED,FPARTY,0,0,0
RM_LOT,_dta_index_RM_LOT_5_1720232749__K1_K4_K3_K9_K5_K2_K74_K72_K73_6_7_8_10_11_12_13_14_15_16_17_18_19_20_21_22_23_24_25_26_27_28_,NONCLUSTERED,FREGHT,0,0,0
RM_LOT,_dta_index_RM_LOT_5_1720232749__K1_K4_K3_K9_K5_K2_K74_K72_K73_6_7_8_10_11_12_13_14_15_16_17_18_19_20_21_22_23_24_25_26_27_28_,NONCLUSTERED,RLYFRT,0,0,0
RM_LOT,_dta_index_RM_LOT_5_1720232749__K1_K4_K3_K9_K5_K2_K74_K72_K73_6_7_8_10_11_12_13_14_15_16_17_18_19_20_21_22_23_24_25_26_27_28_,NONCLUSTERED,LDGULG,0,0,0
RM_LOT,_dta_index_RM_LOT_5_1720232749__K1_K4_K3_K9_K5_K2_K74_K72_K73_6_7_8_10_11_12_13_14_15_16_17_18_19_20_21_22_23_24_25_26_27_28_,NONCLUSTERED,CNTCODE,0,0,0
RM_LOT,_dta_index_RM_LOT_5_1720232749__K1_K4_K3_K9_K5_K2_K74_K72_K73_6_7_8_10_11_12_13_14_15_16_17_18_19_20_21_22_23_24_25_26_27_28_,NONCLUSTERED,ARRNO,0,0,0
RM_LOT,_dta_index_RM_LOT_5_1720232749__K1_K4_K3_K9_K5_K2_K74_K72_K73_6_7_8_10_11_12_13_14_15_16_17_18_19_20_21_22_23_24_25_26_27_28_,NONCLUSTERED,BILLNO,0,0,0
RM_LOT,_dta_index_RM_LOT_5_1720232749__K1_K4_K3_K9_K5_K2_K74_K72_K73_6_7_8_10_11_12_13_14_15_16_17_18_19_20_21_22_23_24_25_26_27_28_,NONCLUSTERED,BILLDT,0,0,0
RM_LOT,_dta_index_RM_LOT_5_1720232749__K1_K4_K3_K9_K5_K2_K74_K72_K73_6_7_8_10_11_12_13_14_15_16_17_18_19_20_21_22_23_24_25_26_27_28_,NONCLUSTERED,PTYWGT,0,0,0
RM_LOT,_dta_index_RM_LOT_5_1720232749__K1_K4_K3_K9_K5_K2_K74_K72_K73_6_7_8_10_11_12_13_14_15_16_17_18_19_20_21_22_23_24_25_26_27_28_,NONCLUSTERED,TAXAMT,0,0,0
RM_LOT,_dta_index_RM_LOT_5_1720232749__K1_K4_K3_K9_K5_K2_K74_K72_K73_6_7_8_10_11_12_13_14_15_16_17_18_19_20_21_22_23_24_25_26_27_28_,NONCLUSTERED,SUPCD,0,0,0
RM_LOT,_dta_index_RM_LOT_5_1720232749__K1_K4_K3_K9_K5_K2_K74_K72_K73_6_7_8_10_11_12_13_14_15_16_17_18_19_20_21_22_23_24_25_26_27_28_,NONCLUSTERED,BRKCD,0,0,0
RM_LOT,_dta_index_RM_LOT_5_1720232749__K1_K4_K3_K9_K5_K2_K74_K72_K73_6_7_8_10_11_12_13_14_15_16_17_18_19_20_21_22_23_24_25_26_27_28_,NONCLUSTERED,AREACD,0,0,0
RM_LOT,_dta_index_RM_LOT_5_1720232749__K1_K4_K3_K9_K5_K2_K74_K72_K73_6_7_8_10_11_12_13_14_15_16_17_18_19_20_21_22_23_24_25_26_27_28_,NONCLUSTERED,DIVCODE,1,0,0
RM_LOT,_dta_index_RM_LOT_5_1720232749__K1_K4_K3_K9_K5_K2_K74_K72_K73_6_7_8_10_11_12_13_14_15_16_17_18_19_20_21_22_23_24_25_26_27_28_,NONCLUSTERED,LOTDT,2,0,0
RM_LOT,_dta_index_RM_LOT_5_1720232749__K1_K4_K3_K9_K5_K2_K74_K72_K73_6_7_8_10_11_12_13_14_15_16_17_18_19_20_21_22_23_24_25_26_27_28_,NONCLUSTERED,LOTNO,3,0,0
RM_LOT,_dta_index_RM_LOT_5_1720232749__K1_K4_K3_K9_K5_K2_K74_K72_K73_6_7_8_10_11_12_13_14_15_16_17_18_19_20_21_22_23_24_25_26_27_28_,NONCLUSTERED,VARCODE,4,0,0
RM_LOT,_dta_index_RM_LOT_5_1720232749__K1_K4_K3_K9_K5_K2_K74_K72_K73_6_7_8_10_11_12_13_14_15_16_17_18_19_20_21_22_23_24_25_26_27_28_,NONCLUSTERED,LOTTYPE,5,0,0
RM_LOT,_dta_index_RM_LOT_5_1720232749__K1_K4_K3_K9_K5_K2_K74_K72_K73_6_7_8_10_11_12_13_14_15_16_17_18_19_20_21_22_23_24_25_26_27_28_,NONCLUSTERED,CATCD,6,0,0
RM_LOT,_dta_index_RM_LOT_5_1720232749__K1_K4_K3_K9_K5_K2_K74_K72_K73_6_7_8_10_11_12_13_14_15_16_17_18_19_20_21_22_23_24_25_26_27_28_,NONCLUSTERED,LOTYEAR,7,0,0
RM_LOT,_dta_index_RM_LOT_5_1720232749__K1_K4_K3_K9_K5_K2_K74_K72_K73_6_7_8_10_11_12_13_14_15_16_17_18_19_20_21_22_23_24_25_26_27_28_,NONCLUSTERED,REJFLG,8,0,0
RM_LOT,_dta_index_RM_LOT_5_1720232749__K1_K4_K3_K9_K5_K2_K74_K72_K73_6_7_8_10_11_12_13_14_15_16_17_18_19_20_21_22_23_24_25_26_27_28_,NONCLUSTERED,REJDT,9,0,0
RM_LOT,_dta_index_RM_LOT_5_1720232749__K1_K5_K3_K4_K9_K2_K11_K65_K6_K12_K13_K51_K74_31_38_39_137_258_260_262,NONCLUSTERED,sgstamt,0,0,0
RM_LOT,_dta_index_RM_LOT_5_1720232749__K1_K5_K3_K4_K9_K2_K11_K65_K6_K12_K13_K51_K74_31_38_39_137_258_260_262,NONCLUSTERED,igstamt,0,0,0
RM_LOT,_dta_index_RM_LOT_5_1720232749__K1_K5_K3_K4_K9_K2_K11_K65_K6_K12_K13_K51_K74_31_38_39_137_258_260_262,NONCLUSTERED,TOTLANDCOST,0,0,0
RM_LOT,_dta_index_RM_LOT_5_1720232749__K1_K5_K3_K4_K9_K2_K11_K65_K6_K12_K13_K51_K74_31_38_39_137_258_260_262,NONCLUSTERED,RATEKG,0,0,0
RM_LOT,_dta_index_RM_LOT_5_1720232749__K1_K5_K3_K4_K9_K2_K11_K65_K6_K12_K13_K51_K74_31_38_39_137_258_260_262,NONCLUSTERED,RATECY,0,0,0
RM_LOT,_dta_index_RM_LOT_5_1720232749__K1_K5_K3_K4_K9_K2_K11_K65_K6_K12_K13_K51_K74_31_38_39_137_258_260_262,NONCLUSTERED,PNETWT,0,0,0
RM_LOT,_dta_index_RM_LOT_5_1720232749__K1_K5_K3_K4_K9_K2_K11_K65_K6_K12_K13_K51_K74_31_38_39_137_258_260_262,NONCLUSTERED,cgstamt,0,0,0
RM_LOT,_dta_index_RM_LOT_5_1720232749__K1_K5_K3_K4_K9_K2_K11_K65_K6_K12_K13_K51_K74_31_38_39_137_258_260_262,NONCLUSTERED,DIVCODE,1,0,0
RM_LOT,_dta_index_RM_LOT_5_1720232749__K1_K5_K3_K4_K9_K2_K11_K65_K6_K12_K13_K51_K74_31_38_39_137_258_260_262,NONCLUSTERED,LOTTYPE,2,0,0
RM_LOT,_dta_index_RM_LOT_5_1720232749__K1_K5_K3_K4_K9_K2_K11_K65_K6_K12_K13_K51_K74_31_38_39_137_258_260_262,NONCLUSTERED,LOTNO,3,0,0
RM_LOT,_dta_index_RM_LOT_5_1720232749__K1_K5_K3_K4_K9_K2_K11_K65_K6_K12_K13_K51_K74_31_38_39_137_258_260_262,NONCLUSTERED,LOTDT,4,0,0
RM_LOT,_dta_index_RM_LOT_5_1720232749__K1_K5_K3_K4_K9_K2_K11_K65_K6_K12_K13_K51_K74_31_38_39_137_258_260_262,NONCLUSTERED,VARCODE,5,0,0
RM_LOT,_dta_index_RM_LOT_5_1720232749__K1_K5_K3_K4_K9_K2_K11_K65_K6_K12_K13_K51_K74_31_38_39_137_258_260_262,NONCLUSTERED,CATCD,6,0,0
RM_LOT,_dta_index_RM_LOT_5_1720232749__K1_K5_K3_K4_K9_K2_K11_K65_K6_K12_K13_K51_K74_31_38_39_137_258_260_262,NONCLUSTERED,ARRNO,7,0,0
RM_LOT,_dta_index_RM_LOT_5_1720232749__K1_K5_K3_K4_K9_K2_K11_K65_K6_K12_K13_K51_K74_31_38_39_137_258_260_262,NONCLUSTERED,ARRDT,8,0,0
RM_LOT,_dta_index_RM_LOT_5_1720232749__K1_K5_K3_K4_K9_K2_K11_K65_K6_K12_K13_K51_K74_31_38_39_137_258_260_262,NONCLUSTERED,SUPCD,9,0,0
RM_LOT,_dta_index_RM_LOT_5_1720232749__K1_K5_K3_K4_K9_K2_K11_K65_K6_K12_K13_K51_K74_31_38_39_137_258_260_262,NONCLUSTERED,BILLNO,10,0,0
RM_LOT,_dta_index_RM_LOT_5_1720232749__K1_K5_K3_K4_K9_K2_K11_K65_K6_K12_K13_K51_K74_31_38_39_137_258_260_262,NONCLUSTERED,BILLDT,11,0,0
RM_LOT,_dta_index_RM_LOT_5_1720232749__K1_K5_K3_K4_K9_K2_K11_K65_K6_K12_K13_K51_K74_31_38_39_137_258_260_262,NONCLUSTERED,PJAMT,12,0,0
RM_LOT,_dta_index_RM_LOT_5_1720232749__K1_K5_K3_K4_K9_K2_K11_K65_K6_K12_K13_K51_K74_31_38_39_137_258_260_262,NONCLUSTERED,LOTYEAR,13,0,0
RM_LOT,_dta_index_RM_LOT_5_1720232749__K1_K74_K37_K72_K73_K4_K5_K3_K2_K36_K38_K56_35,NONCLUSTERED,NETWT,0,0,0
RM_LOT,_dta_index_RM_LOT_5_1720232749__K1_K74_K37_K72_K73_K4_K5_K3_K2_K36_K38_K56_35,NONCLUSTERED,DIVCODE,1,0,0
RM_LOT,_dta_index_RM_LOT_5_1720232749__K1_K74_K37_K72_K73_K4_K5_K3_K2_K36_K38_K56_35,NONCLUSTERED,LOTYEAR,2,0,0
RM_LOT,_dta_index_RM_LOT_5_1720232749__K1_K74_K37_K72_K73_K4_K5_K3_K2_K36_K38_K56_35,NONCLUSTERED,BALES,3,0,0
RM_LOT,_dta_index_RM_LOT_5_1720232749__K1_K74_K37_K72_K73_K4_K5_K3_K2_K36_K38_K56_35,NONCLUSTERED,REJFLG,4,0,0
RM_LOT,_dta_index_RM_LOT_5_1720232749__K1_K74_K37_K72_K73_K4_K5_K3_K2_K36_K38_K56_35,NONCLUSTERED,REJDT,5,0,0
RM_LOT,_dta_index_RM_LOT_5_1720232749__K1_K74_K37_K72_K73_K4_K5_K3_K2_K36_K38_K56_35,NONCLUSTERED,LOTDT,6,0,0
RM_LOT,_dta_index_RM_LOT_5_1720232749__K1_K74_K37_K72_K73_K4_K5_K3_K2_K36_K38_K56_35,NONCLUSTERED,LOTTYPE,7,0,0
RM_LOT,_dta_index_RM_LOT_5_1720232749__K1_K74_K37_K72_K73_K4_K5_K3_K2_K36_K38_K56_35,NONCLUSTERED,LOTNO,8,0,0
RM_LOT,_dta_index_RM_LOT_5_1720232749__K1_K74_K37_K72_K73_K4_K5_K3_K2_K36_K38_K56_35,NONCLUSTERED,CATCD,9,0,0
RM_LOT,_dta_index_RM_LOT_5_1720232749__K1_K74_K37_K72_K73_K4_K5_K3_K2_K36_K38_K56_35,NONCLUSTERED,BBLFLG,10,0,0
RM_LOT,_dta_index_RM_LOT_5_1720232749__K1_K74_K37_K72_K73_K4_K5_K3_K2_K36_K38_K56_35,NONCLUSTERED,RATEKG,11,0,0
RM_LOT,_dta_index_RM_LOT_5_1720232749__K1_K74_K37_K72_K73_K4_K5_K3_K2_K36_K38_K56_35,NONCLUSTERED,OPFLG,12,0,0
RM_LOT,_dta_index_RM_LOT_5_1720232749__K2_K3_K4_K38_K5_K1_K74,NONCLUSTERED,CATCD,1,0,0
RM_LOT,_dta_index_RM_LOT_5_1720232749__K2_K3_K4_K38_K5_K1_K74,NONCLUSTERED,LOTNO,2,0,0
RM_LOT,_dta_index_RM_LOT_5_1720232749__K2_K3_K4_K38_K5_K1_K74,NONCLUSTERED,LOTDT,3,0,0
RM_LOT,_dta_index_RM_LOT_5_1720232749__K2_K3_K4_K38_K5_K1_K74,NONCLUSTERED,RATEKG,4,0,0
RM_LOT,_dta_index_RM_LOT_5_1720232749__K2_K3_K4_K38_K5_K1_K74,NONCLUSTERED,LOTTYPE,5,0,0
RM_LOT,_dta_index_RM_LOT_5_1720232749__K2_K3_K4_K38_K5_K1_K74,NONCLUSTERED,DIVCODE,6,0,0
RM_LOT,_dta_index_RM_LOT_5_1720232749__K2_K3_K4_K38_K5_K1_K74,NONCLUSTERED,LOTYEAR,7,0,0
RM_LOT,_dta_index_RM_LOT_5_1720232749__K240_K3_K4_K37_K2_K9_K1_K74_K72_K73_K5_K36_K38_K56_32_33_253,NONCLUSTERED,GRSWGT,0,0,0
RM_LOT,_dta_index_RM_LOT_5_1720232749__K240_K3_K4_K37_K2_K9_K1_K74_K72_K73_K5_K36_K38_K56_32_33_253,NONCLUSTERED,TAREWT,0,0,0
RM_LOT,_dta_index_RM_LOT_5_1720232749__K240_K3_K4_K37_K2_K9_K1_K74_K72_K73_K5_K36_K38_K56_32_33_253,NONCLUSTERED,favaourablewgt,0,0,0
RM_LOT,_dta_index_RM_LOT_5_1720232749__K240_K3_K4_K37_K2_K9_K1_K74_K72_K73_K5_K36_K38_K56_32_33_253,NONCLUSTERED,TransferType,1,0,0
RM_LOT,_dta_index_RM_LOT_5_1720232749__K240_K3_K4_K37_K2_K9_K1_K74_K72_K73_K5_K36_K38_K56_32_33_253,NONCLUSTERED,LOTNO,2,0,0
RM_LOT,_dta_index_RM_LOT_5_1720232749__K240_K3_K4_K37_K2_K9_K1_K74_K72_K73_K5_K36_K38_K56_32_33_253,NONCLUSTERED,LOTDT,3,0,0
RM_LOT,_dta_index_RM_LOT_5_1720232749__K240_K3_K4_K37_K2_K9_K1_K74_K72_K73_K5_K36_K38_K56_32_33_253,NONCLUSTERED,BALES,4,0,0
RM_LOT,_dta_index_RM_LOT_5_1720232749__K240_K3_K4_K37_K2_K9_K1_K74_K72_K73_K5_K36_K38_K56_32_33_253,NONCLUSTERED,CATCD,5,0,0
RM_LOT,_dta_index_RM_LOT_5_1720232749__K240_K3_K4_K37_K2_K9_K1_K74_K72_K73_K5_K36_K38_K56_32_33_253,NONCLUSTERED,VARCODE,6,0,0
RM_LOT,_dta_index_RM_LOT_5_1720232749__K240_K3_K4_K37_K2_K9_K1_K74_K72_K73_K5_K36_K38_K56_32_33_253,NONCLUSTERED,DIVCODE,7,0,0
RM_LOT,_dta_index_RM_LOT_5_1720232749__K240_K3_K4_K37_K2_K9_K1_K74_K72_K73_K5_K36_K38_K56_32_33_253,NONCLUSTERED,LOTYEAR,8,0,0
RM_LOT,_dta_index_RM_LOT_5_1720232749__K240_K3_K4_K37_K2_K9_K1_K74_K72_K73_K5_K36_K38_K56_32_33_253,NONCLUSTERED,REJFLG,9,0,0
RM_LOT,_dta_index_RM_LOT_5_1720232749__K240_K3_K4_K37_K2_K9_K1_K74_K72_K73_K5_K36_K38_K56_32_33_253,NONCLUSTERED,REJDT,10,0,0
RM_LOT,_dta_index_RM_LOT_5_1720232749__K240_K3_K4_K37_K2_K9_K1_K74_K72_K73_K5_K36_K38_K56_32_33_253,NONCLUSTERED,LOTTYPE,11,0,0
RM_LOT,_dta_index_RM_LOT_5_1720232749__K240_K3_K4_K37_K2_K9_K1_K74_K72_K73_K5_K36_K38_K56_32_33_253,NONCLUSTERED,BBLFLG,12,0,0
RM_LOT,_dta_index_RM_LOT_5_1720232749__K240_K3_K4_K37_K2_K9_K1_K74_K72_K73_K5_K36_K38_K56_32_33_253,NONCLUSTERED,RATEKG,13,0,0
RM_LOT,_dta_index_RM_LOT_5_1720232749__K240_K3_K4_K37_K2_K9_K1_K74_K72_K73_K5_K36_K38_K56_32_33_253,NONCLUSTERED,OPFLG,14,0,0
RM_LOT,_dta_index_RM_LOT_5_1720232749__K65_K5_K6_K1_K3_K4_K9_K11_K12_K13_K2_K51_K74_31_38_39_137_258_260_262,NONCLUSTERED,TOTLANDCOST,0,0,0
RM_LOT,_dta_index_RM_LOT_5_1720232749__K65_K5_K6_K1_K3_K4_K9_K11_K12_K13_K2_K51_K74_31_38_39_137_258_260_262,NONCLUSTERED,RATEKG,0,0,0
RM_LOT,_dta_index_RM_LOT_5_1720232749__K65_K5_K6_K1_K3_K4_K9_K11_K12_K13_K2_K51_K74_31_38_39_137_258_260_262,NONCLUSTERED,RATECY,0,0,0
RM_LOT,_dta_index_RM_LOT_5_1720232749__K65_K5_K6_K1_K3_K4_K9_K11_K12_K13_K2_K51_K74_31_38_39_137_258_260_262,NONCLUSTERED,PNETWT,0,0,0
RM_LOT,_dta_index_RM_LOT_5_1720232749__K65_K5_K6_K1_K3_K4_K9_K11_K12_K13_K2_K51_K74_31_38_39_137_258_260_262,NONCLUSTERED,cgstamt,0,0,0
RM_LOT,_dta_index_RM_LOT_5_1720232749__K65_K5_K6_K1_K3_K4_K9_K11_K12_K13_K2_K51_K74_31_38_39_137_258_260_262,NONCLUSTERED,sgstamt,0,0,0
RM_LOT,_dta_index_RM_LOT_5_1720232749__K65_K5_K6_K1_K3_K4_K9_K11_K12_K13_K2_K51_K74_31_38_39_137_258_260_262,NONCLUSTERED,igstamt,0,0,0
RM_LOT,_dta_index_RM_LOT_5_1720232749__K65_K5_K6_K1_K3_K4_K9_K11_K12_K13_K2_K51_K74_31_38_39_137_258_260_262,NONCLUSTERED,ARRDT,1,0,0
RM_LOT,_dta_index_RM_LOT_5_1720232749__K65_K5_K6_K1_K3_K4_K9_K11_K12_K13_K2_K51_K74_31_38_39_137_258_260_262,NONCLUSTERED,LOTTYPE,2,0,0
RM_LOT,_dta_index_RM_LOT_5_1720232749__K65_K5_K6_K1_K3_K4_K9_K11_K12_K13_K2_K51_K74_31_38_39_137_258_260_262,NONCLUSTERED,SUPCD,3,0,0
RM_LOT,_dta_index_RM_LOT_5_1720232749__K65_K5_K6_K1_K3_K4_K9_K11_K12_K13_K2_K51_K74_31_38_39_137_258_260_262,NONCLUSTERED,DIVCODE,4,0,0
RM_LOT,_dta_index_RM_LOT_5_1720232749__K65_K5_K6_K1_K3_K4_K9_K11_K12_K13_K2_K51_K74_31_38_39_137_258_260_262,NONCLUSTERED,LOTNO,5,0,0
RM_LOT,_dta_index_RM_LOT_5_1720232749__K65_K5_K6_K1_K3_K4_K9_K11_K12_K13_K2_K51_K74_31_38_39_137_258_260_262,NONCLUSTERED,LOTDT,6,0,0
RM_LOT,_dta_index_RM_LOT_5_1720232749__K65_K5_K6_K1_K3_K4_K9_K11_K12_K13_K2_K51_K74_31_38_39_137_258_260_262,NONCLUSTERED,VARCODE,7,0,0
RM_LOT,_dta_index_RM_LOT_5_1720232749__K65_K5_K6_K1_K3_K4_K9_K11_K12_K13_K2_K51_K74_31_38_39_137_258_260_262,NONCLUSTERED,ARRNO,8,0,0
RM_LOT,_dta_index_RM_LOT_5_1720232749__K65_K5_K6_K1_K3_K4_K9_K11_K12_K13_K2_K51_K74_31_38_39_137_258_260_262,NONCLUSTERED,BILLNO,9,0,0
RM_LOT,_dta_index_RM_LOT_5_1720232749__K65_K5_K6_K1_K3_K4_K9_K11_K12_K13_K2_K51_K74_31_38_39_137_258_260_262,NONCLUSTERED,BILLDT,10,0,0
RM_LOT,_dta_index_RM_LOT_5_1720232749__K65_K5_K6_K1_K3_K4_K9_K11_K12_K13_K2_K51_K74_31_38_39_137_258_260_262,NONCLUSTERED,CATCD,11,0,0
RM_LOT,_dta_index_RM_LOT_5_1720232749__K65_K5_K6_K1_K3_K4_K9_K11_K12_K13_K2_K51_K74_31_38_39_137_258_260_262,NONCLUSTERED,PJAMT,12,0,0
RM_LOT,_dta_index_RM_LOT_5_1720232749__K65_K5_K6_K1_K3_K4_K9_K11_K12_K13_K2_K51_K74_31_38_39_137_258_260_262,NONCLUSTERED,LOTYEAR,13,0,0
RM_LOT,_dta_index_RM_LOT_5_1720232749__K74_K1_K3_K4_K72_K73_K37_K9,NONCLUSTERED,LOTYEAR,1,0,0
RM_LOT,_dta_index_RM_LOT_5_1720232749__K74_K1_K3_K4_K72_K73_K37_K9,NONCLUSTERED,DIVCODE,2,0,0
RM_LOT,_dta_index_RM_LOT_5_1720232749__K74_K1_K3_K4_K72_K73_K37_K9,NONCLUSTERED,LOTNO,3,0,0
RM_LOT,_dta_index_RM_LOT_5_1720232749__K74_K1_K3_K4_K72_K73_K37_K9,NONCLUSTERED,LOTDT,4,0,0
RM_LOT,_dta_index_RM_LOT_5_1720232749__K74_K1_K3_K4_K72_K73_K37_K9,NONCLUSTERED,REJFLG,5,0,0
RM_LOT,_dta_index_RM_LOT_5_1720232749__K74_K1_K3_K4_K72_K73_K37_K9,NONCLUSTERED,REJDT,6,0,0
RM_LOT,_dta_index_RM_LOT_5_1720232749__K74_K1_K3_K4_K72_K73_K37_K9,NONCLUSTERED,BALES,7,0,0
RM_LOT,_dta_index_RM_LOT_5_1720232749__K74_K1_K3_K4_K72_K73_K37_K9,NONCLUSTERED,VARCODE,8,0,0
RM_LOT,_dta_index_RM_LOT_5_1720232749__K74_K1_K3_K4_K72_K73_K37_K9_K2_K5_K240_K36_K38_K56_32_33_253,NONCLUSTERED,GRSWGT,0,0,0
RM_LOT,_dta_index_RM_LOT_5_1720232749__K74_K1_K3_K4_K72_K73_K37_K9_K2_K5_K240_K36_K38_K56_32_33_253,NONCLUSTERED,TAREWT,0,0,0
RM_LOT,_dta_index_RM_LOT_5_1720232749__K74_K1_K3_K4_K72_K73_K37_K9_K2_K5_K240_K36_K38_K56_32_33_253,NONCLUSTERED,favaourablewgt,0,0,0
RM_LOT,_dta_index_RM_LOT_5_1720232749__K74_K1_K3_K4_K72_K73_K37_K9_K2_K5_K240_K36_K38_K56_32_33_253,NONCLUSTERED,LOTYEAR,1,0,0
RM_LOT,_dta_index_RM_LOT_5_1720232749__K74_K1_K3_K4_K72_K73_K37_K9_K2_K5_K240_K36_K38_K56_32_33_253,NONCLUSTERED,DIVCODE,2,0,0
RM_LOT,_dta_index_RM_LOT_5_1720232749__K74_K1_K3_K4_K72_K73_K37_K9_K2_K5_K240_K36_K38_K56_32_33_253,NONCLUSTERED,LOTNO,3,0,0
RM_LOT,_dta_index_RM_LOT_5_1720232749__K74_K1_K3_K4_K72_K73_K37_K9_K2_K5_K240_K36_K38_K56_32_33_253,NONCLUSTERED,LOTDT,4,0,0
RM_LOT,_dta_index_RM_LOT_5_1720232749__K74_K1_K3_K4_K72_K73_K37_K9_K2_K5_K240_K36_K38_K56_32_33_253,NONCLUSTERED,REJFLG,5,0,0
RM_LOT,_dta_index_RM_LOT_5_1720232749__K74_K1_K3_K4_K72_K73_K37_K9_K2_K5_K240_K36_K38_K56_32_33_253,NONCLUSTERED,REJDT,6,0,0
RM_LOT,_dta_index_RM_LOT_5_1720232749__K74_K1_K3_K4_K72_K73_K37_K9_K2_K5_K240_K36_K38_K56_32_33_253,NONCLUSTERED,BALES,7,0,0
RM_LOT,_dta_index_RM_LOT_5_1720232749__K74_K1_K3_K4_K72_K73_K37_K9_K2_K5_K240_K36_K38_K56_32_33_253,NONCLUSTERED,VARCODE,8,0,0
RM_LOT,_dta_index_RM_LOT_5_1720232749__K74_K1_K3_K4_K72_K73_K37_K9_K2_K5_K240_K36_K38_K56_32_33_253,NONCLUSTERED,CATCD,9,0,0
RM_LOT,_dta_index_RM_LOT_5_1720232749__K74_K1_K3_K4_K72_K73_K37_K9_K2_K5_K240_K36_K38_K56_32_33_253,NONCLUSTERED,LOTTYPE,10,0,0
RM_LOT,_dta_index_RM_LOT_5_1720232749__K74_K1_K3_K4_K72_K73_K37_K9_K2_K5_K240_K36_K38_K56_32_33_253,NONCLUSTERED,TransferType,11,0,0
RM_LOT,_dta_index_RM_LOT_5_1720232749__K74_K1_K3_K4_K72_K73_K37_K9_K2_K5_K240_K36_K38_K56_32_33_253,NONCLUSTERED,BBLFLG,12,0,0
RM_LOT,_dta_index_RM_LOT_5_1720232749__K74_K1_K3_K4_K72_K73_K37_K9_K2_K5_K240_K36_K38_K56_32_33_253,NONCLUSTERED,RATEKG,13,0,0
RM_LOT,_dta_index_RM_LOT_5_1720232749__K74_K1_K3_K4_K72_K73_K37_K9_K2_K5_K240_K36_K38_K56_32_33_253,NONCLUSTERED,OPFLG,14,0,0
RM_LOT,_dta_index_RM_LOT_5_1720232749__K74_K1_K4_K72_K73_K3_K9_K5_K2,NONCLUSTERED,LOTYEAR,1,0,0
RM_LOT,_dta_index_RM_LOT_5_1720232749__K74_K1_K4_K72_K73_K3_K9_K5_K2,NONCLUSTERED,DIVCODE,2,0,0
RM_LOT,_dta_index_RM_LOT_5_1720232749__K74_K1_K4_K72_K73_K3_K9_K5_K2,NONCLUSTERED,LOTDT,3,0,0
RM_LOT,_dta_index_RM_LOT_5_1720232749__K74_K1_K4_K72_K73_K3_K9_K5_K2,NONCLUSTERED,REJFLG,4,0,0
RM_LOT,_dta_index_RM_LOT_5_1720232749__K74_K1_K4_K72_K73_K3_K9_K5_K2,NONCLUSTERED,REJDT,5,0,0
RM_LOT,_dta_index_RM_LOT_5_1720232749__K74_K1_K4_K72_K73_K3_K9_K5_K2,NONCLUSTERED,LOTNO,6,0,0
RM_LOT,_dta_index_RM_LOT_5_1720232749__K74_K1_K4_K72_K73_K3_K9_K5_K2,NONCLUSTERED,VARCODE,7,0,0
RM_LOT,_dta_index_RM_LOT_5_1720232749__K74_K1_K4_K72_K73_K3_K9_K5_K2,NONCLUSTERED,LOTTYPE,8,0,0
RM_LOT,_dta_index_RM_LOT_5_1720232749__K74_K1_K4_K72_K73_K3_K9_K5_K2,NONCLUSTERED,CATCD,9,0,0
RM_LOT,_dta_index_RM_LOT_5_1720232749__K74_K1_K4_K72_K73_K3_K9_K5_K2_6_7_8_10_11_12_13_14_15_16_17_18_19_20_21_22_23_24_25_26_27_28_,NONCLUSTERED,TRASH_PER,0,0,0
RM_LOT,_dta_index_RM_LOT_5_1720232749__K74_K1_K4_K72_K73_K3_K9_K5_K2_6_7_8_10_11_12_13_14_15_16_17_18_19_20_21_22_23_24_25_26_27_28_,NONCLUSTERED,SAMPWT,0,0,0
RM_LOT,_dta_index_RM_LOT_5_1720232749__K74_K1_K4_K72_K73_K3_K9_K5_K2_6_7_8_10_11_12_13_14_15_16_17_18_19_20_21_22_23_24_25_26_27_28_,NONCLUSTERED,NETWT,0,0,0
RM_LOT,_dta_index_RM_LOT_5_1720232749__K74_K1_K4_K72_K73_K3_K9_K5_K2_6_7_8_10_11_12_13_14_15_16_17_18_19_20_21_22_23_24_25_26_27_28_,NONCLUSTERED,BBLFLG,0,0,0
RM_LOT,_dta_index_RM_LOT_5_1720232749__K74_K1_K4_K72_K73_K3_K9_K5_K2_6_7_8_10_11_12_13_14_15_16_17_18_19_20_21_22_23_24_25_26_27_28_,NONCLUSTERED,BALES,0,0,0
RM_LOT,_dta_index_RM_LOT_5_1720232749__K74_K1_K4_K72_K73_K3_K9_K5_K2_6_7_8_10_11_12_13_14_15_16_17_18_19_20_21_22_23_24_25_26_27_28_,NONCLUSTERED,RATEKG,0,0,0
RM_LOT,_dta_index_RM_LOT_5_1720232749__K74_K1_K4_K72_K73_K3_K9_K5_K2_6_7_8_10_11_12_13_14_15_16_17_18_19_20_21_22_23_24_25_26_27_28_,NONCLUSTERED,RATECY,0,0,0
RM_LOT,_dta_index_RM_LOT_5_1720232749__K74_K1_K4_K72_K73_K3_K9_K5_K2_6_7_8_10_11_12_13_14_15_16_17_18_19_20_21_22_23_24_25_26_27_28_,NONCLUSTERED,INSAMT,0,0,0
RM_LOT,_dta_index_RM_LOT_5_1720232749__K74_K1_K4_K72_K73_K3_K9_K5_K2_6_7_8_10_11_12_13_14_15_16_17_18_19_20_21_22_23_24_25_26_27_28_,NONCLUSTERED,BEDAMT,0,0,0
RM_LOT,_dta_index_RM_LOT_5_1720232749__K74_K1_K4_K72_K73_K3_K9_K5_K2_6_7_8_10_11_12_13_14_15_16_17_18_19_20_21_22_23_24_25_26_27_28_,NONCLUSTERED,AEDAMT,0,0,0
RM_LOT,_dta_index_RM_LOT_5_1720232749__K74_K1_K4_K72_K73_K3_K9_K5_K2_6_7_8_10_11_12_13_14_15_16_17_18_19_20_21_22_23_24_25_26_27_28_,NONCLUSTERED,TOTLANDCOST,0,0,0
RM_LOT,_dta_index_RM_LOT_5_1720232749__K74_K1_K4_K72_K73_K3_K9_K5_K2_6_7_8_10_11_12_13_14_15_16_17_18_19_20_21_22_23_24_25_26_27_28_,NONCLUSTERED,GRSWGT,0,0,0
RM_LOT,_dta_index_RM_LOT_5_1720232749__K74_K1_K4_K72_K73_K3_K9_K5_K2_6_7_8_10_11_12_13_14_15_16_17_18_19_20_21_22_23_24_25_26_27_28_,NONCLUSTERED,TAREWT,0,0,0
RM_LOT,_dta_index_RM_LOT_5_1720232749__K74_K1_K4_K72_K73_K3_K9_K5_K2_6_7_8_10_11_12_13_14_15_16_17_18_19_20_21_22_23_24_25_26_27_28_,NONCLUSTERED,BRKRRT,0,0,0
RM_LOT,_dta_index_RM_LOT_5_1720232749__K74_K1_K4_K72_K73_K3_K9_K5_K2_6_7_8_10_11_12_13_14_15_16_17_18_19_20_21_22_23_24_25_26_27_28_,NONCLUSTERED,BRKCOM,0,0,0
RM_LOT,_dta_index_RM_LOT_5_1720232749__K74_K1_K4_K72_K73_K3_K9_K5_K2_6_7_8_10_11_12_13_14_15_16_17_18_19_20_21_22_23_24_25_26_27_28_,NONCLUSTERED,CARCHG,0,0,0
RM_LOT,_dta_index_RM_LOT_5_1720232749__K74_K1_K4_K72_K73_K3_K9_K5_K2_6_7_8_10_11_12_13_14_15_16_17_18_19_20_21_22_23_24_25_26_27_28_,NONCLUSTERED,DNAMT1,0,0,0
RM_LOT,_dta_index_RM_LOT_5_1720232749__K74_K1_K4_K72_K73_K3_K9_K5_K2_6_7_8_10_11_12_13_14_15_16_17_18_19_20_21_22_23_24_25_26_27_28_,NONCLUSTERED,DNAMT2,0,0,0
RM_LOT,_dta_index_RM_LOT_5_1720232749__K74_K1_K4_K72_K73_K3_K9_K5_K2_6_7_8_10_11_12_13_14_15_16_17_18_19_20_21_22_23_24_25_26_27_28_,NONCLUSTERED,SPOTEXP,0,0,0
RM_LOT,_dta_index_RM_LOT_5_1720232749__K74_K1_K4_K72_K73_K3_K9_K5_K2_6_7_8_10_11_12_13_14_15_16_17_18_19_20_21_22_23_24_25_26_27_28_,NONCLUSTERED,BNKCHG,0,0,0
RM_LOT,_dta_index_RM_LOT_5_1720232749__K74_K1_K4_K72_K73_K3_K9_K5_K2_6_7_8_10_11_12_13_14_15_16_17_18_19_20_21_22_23_24_25_26_27_28_,NONCLUSTERED,ODINT,0,0,0
RM_LOT,_dta_index_RM_LOT_5_1720232749__K74_K1_K4_K72_K73_K3_K9_K5_K2_6_7_8_10_11_12_13_14_15_16_17_18_19_20_21_22_23_24_25_26_27_28_,NONCLUSTERED,FPARTY,0,0,0
RM_LOT,_dta_index_RM_LOT_5_1720232749__K74_K1_K4_K72_K73_K3_K9_K5_K2_6_7_8_10_11_12_13_14_15_16_17_18_19_20_21_22_23_24_25_26_27_28_,NONCLUSTERED,FREGHT,0,0,0
RM_LOT,_dta_index_RM_LOT_5_1720232749__K74_K1_K4_K72_K73_K3_K9_K5_K2_6_7_8_10_11_12_13_14_15_16_17_18_19_20_21_22_23_24_25_26_27_28_,NONCLUSTERED,RLYFRT,0,0,0
RM_LOT,_dta_index_RM_LOT_5_1720232749__K74_K1_K4_K72_K73_K3_K9_K5_K2_6_7_8_10_11_12_13_14_15_16_17_18_19_20_21_22_23_24_25_26_27_28_,NONCLUSTERED,LDGULG,0,0,0
RM_LOT,_dta_index_RM_LOT_5_1720232749__K74_K1_K4_K72_K73_K3_K9_K5_K2_6_7_8_10_11_12_13_14_15_16_17_18_19_20_21_22_23_24_25_26_27_28_,NONCLUSTERED,CNTCODE,0,0,0
RM_LOT,_dta_index_RM_LOT_5_1720232749__K74_K1_K4_K72_K73_K3_K9_K5_K2_6_7_8_10_11_12_13_14_15_16_17_18_19_20_21_22_23_24_25_26_27_28_,NONCLUSTERED,ARRNO,0,0,0
RM_LOT,_dta_index_RM_LOT_5_1720232749__K74_K1_K4_K72_K73_K3_K9_K5_K2_6_7_8_10_11_12_13_14_15_16_17_18_19_20_21_22_23_24_25_26_27_28_,NONCLUSTERED,BILLNO,0,0,0
RM_LOT,_dta_index_RM_LOT_5_1720232749__K74_K1_K4_K72_K73_K3_K9_K5_K2_6_7_8_10_11_12_13_14_15_16_17_18_19_20_21_22_23_24_25_26_27_28_,NONCLUSTERED,BILLDT,0,0,0
RM_LOT,_dta_index_RM_LOT_5_1720232749__K74_K1_K4_K72_K73_K3_K9_K5_K2_6_7_8_10_11_12_13_14_15_16_17_18_19_20_21_22_23_24_25_26_27_28_,NONCLUSTERED,PTYWGT,0,0,0
RM_LOT,_dta_index_RM_LOT_5_1720232749__K74_K1_K4_K72_K73_K3_K9_K5_K2_6_7_8_10_11_12_13_14_15_16_17_18_19_20_21_22_23_24_25_26_27_28_,NONCLUSTERED,TAXAMT,0,0,0
RM_LOT,_dta_index_RM_LOT_5_1720232749__K74_K1_K4_K72_K73_K3_K9_K5_K2_6_7_8_10_11_12_13_14_15_16_17_18_19_20_21_22_23_24_25_26_27_28_,NONCLUSTERED,SUPCD,0,0,0
RM_LOT,_dta_index_RM_LOT_5_1720232749__K74_K1_K4_K72_K73_K3_K9_K5_K2_6_7_8_10_11_12_13_14_15_16_17_18_19_20_21_22_23_24_25_26_27_28_,NONCLUSTERED,BRKCD,0,0,0
RM_LOT,_dta_index_RM_LOT_5_1720232749__K74_K1_K4_K72_K73_K3_K9_K5_K2_6_7_8_10_11_12_13_14_15_16_17_18_19_20_21_22_23_24_25_26_27_28_,NONCLUSTERED,AREACD,0,0,0
RM_LOT,_dta_index_RM_LOT_5_1720232749__K74_K1_K4_K72_K73_K3_K9_K5_K2_6_7_8_10_11_12_13_14_15_16_17_18_19_20_21_22_23_24_25_26_27_28_,NONCLUSTERED,SupFileName,0,0,0
RM_LOT,_dta_index_RM_LOT_5_1720232749__K74_K1_K4_K72_K73_K3_K9_K5_K2_6_7_8_10_11_12_13_14_15_16_17_18_19_20_21_22_23_24_25_26_27_28_,NONCLUSTERED,DPDocDate,0,0,0
RM_LOT,_dta_index_RM_LOT_5_1720232749__K74_K1_K4_K72_K73_K3_K9_K5_K2_6_7_8_10_11_12_13_14_15_16_17_18_19_20_21_22_23_24_25_26_27_28_,NONCLUSTERED,DPDocno,0,0,0
RM_LOT,_dta_index_RM_LOT_5_1720232749__K74_K1_K4_K72_K73_K3_K9_K5_K2_6_7_8_10_11_12_13_14_15_16_17_18_19_20_21_22_23_24_25_26_27_28_,NONCLUSTERED,AntyDumperkg,0,0,0
RM_LOT,_dta_index_RM_LOT_5_1720232749__K74_K1_K4_K72_K73_K3_K9_K5_K2_6_7_8_10_11_12_13_14_15_16_17_18_19_20_21_22_23_24_25_26_27_28_,NONCLUSTERED,AntyDumAmt,0,0,0
RM_LOT,_dta_index_RM_LOT_5_1720232749__K74_K1_K4_K72_K73_K3_K9_K5_K2_6_7_8_10_11_12_13_14_15_16_17_18_19_20_21_22_23_24_25_26_27_28_,NONCLUSTERED,purSecondappruser,0,0,0
RM_LOT,_dta_index_RM_LOT_5_1720232749__K74_K1_K4_K72_K73_K3_K9_K5_K2_6_7_8_10_11_12_13_14_15_16_17_18_19_20_21_22_23_24_25_26_27_28_,NONCLUSTERED,purSecondappdate,0,0,0
RM_LOT,_dta_index_RM_LOT_5_1720232749__K74_K1_K4_K72_K73_K3_K9_K5_K2_6_7_8_10_11_12_13_14_15_16_17_18_19_20_21_22_23_24_25_26_27_28_,NONCLUSTERED,purpreparedby,0,0,0
RM_LOT,_dta_index_RM_LOT_5_1720232749__K74_K1_K4_K72_K73_K3_K9_K5_K2_6_7_8_10_11_12_13_14_15_16_17_18_19_20_21_22_23_24_25_26_27_28_,NONCLUSTERED,purpredate,0,0,0
RM_LOT,_dta_index_RM_LOT_5_1720232749__K74_K1_K4_K72_K73_K3_K9_K5_K2_6_7_8_10_11_12_13_14_15_16_17_18_19_20_21_22_23_24_25_26_27_28_,NONCLUSTERED,ContNum,0,0,0
RM_LOT,_dta_index_RM_LOT_5_1720232749__K74_K1_K4_K72_K73_K3_K9_K5_K2_6_7_8_10_11_12_13_14_15_16_17_18_19_20_21_22_23_24_25_26_27_28_,NONCLUSTERED,Contdate,0,0,0
RM_LOT,_dta_index_RM_LOT_5_1720232749__K74_K1_K4_K72_K73_K3_K9_K5_K2_6_7_8_10_11_12_13_14_15_16_17_18_19_20_21_22_23_24_25_26_27_28_,NONCLUSTERED,TotDiscRate,0,0,0
RM_LOT,_dta_index_RM_LOT_5_1720232749__K74_K1_K4_K72_K73_K3_K9_K5_K2_6_7_8_10_11_12_13_14_15_16_17_18_19_20_21_22_23_24_25_26_27_28_,NONCLUSTERED,TotDiscAmt,0,0,0
RM_LOT,_dta_index_RM_LOT_5_1720232749__K74_K1_K4_K72_K73_K3_K9_K5_K2_6_7_8_10_11_12_13_14_15_16_17_18_19_20_21_22_23_24_25_26_27_28_,NONCLUSTERED,ACGSTAMT,0,0,0
RM_LOT,_dta_index_RM_LOT_5_1720232749__K74_K1_K4_K72_K73_K3_K9_K5_K2_6_7_8_10_11_12_13_14_15_16_17_18_19_20_21_22_23_24_25_26_27_28_,NONCLUSTERED,ASGSTAMT,0,0,0
RM_LOT,_dta_index_RM_LOT_5_1720232749__K74_K1_K4_K72_K73_K3_K9_K5_K2_6_7_8_10_11_12_13_14_15_16_17_18_19_20_21_22_23_24_25_26_27_28_,NONCLUSTERED,AIGSTAMT,0,0,0
RM_LOT,_dta_index_RM_LOT_5_1720232749__K74_K1_K4_K72_K73_K3_K9_K5_K2_6_7_8_10_11_12_13_14_15_16_17_18_19_20_21_22_23_24_25_26_27_28_,NONCLUSTERED,purappruser,0,0,0
RM_LOT,_dta_index_RM_LOT_5_1720232749__K74_K1_K4_K72_K73_K3_K9_K5_K2_6_7_8_10_11_12_13_14_15_16_17_18_19_20_21_22_23_24_25_26_27_28_,NONCLUSTERED,purappdate,0,0,0
RM_LOT,_dta_index_RM_LOT_5_1720232749__K74_K1_K4_K72_K73_K3_K9_K5_K2_6_7_8_10_11_12_13_14_15_16_17_18_19_20_21_22_23_24_25_26_27_28_,NONCLUSTERED,purappflg,0,0,0
RM_LOT,_dta_index_RM_LOT_5_1720232749__K74_K1_K4_K72_K73_K3_K9_K5_K2_6_7_8_10_11_12_13_14_15_16_17_18_19_20_21_22_23_24_25_26_27_28_,NONCLUSTERED,ModUSERNAME,0,0,0
RM_LOT,_dta_index_RM_LOT_5_1720232749__K74_K1_K4_K72_K73_K3_K9_K5_K2_6_7_8_10_11_12_13_14_15_16_17_18_19_20_21_22_23_24_25_26_27_28_,NONCLUSTERED,faflag,0,0,0
RM_LOT,_dta_index_RM_LOT_5_1720232749__K74_K1_K4_K72_K73_K3_K9_K5_K2_6_7_8_10_11_12_13_14_15_16_17_18_19_20_21_22_23_24_25_26_27_28_,NONCLUSTERED,IDPer,0,0,0
RM_LOT,_dta_index_RM_LOT_5_1720232749__K74_K1_K4_K72_K73_K3_K9_K5_K2_6_7_8_10_11_12_13_14_15_16_17_18_19_20_21_22_23_24_25_26_27_28_,NONCLUSTERED,welfarePer,0,0,0
RM_LOT,_dta_index_RM_LOT_5_1720232749__K74_K1_K4_K72_K73_K3_K9_K5_K2_6_7_8_10_11_12_13_14_15_16_17_18_19_20_21_22_23_24_25_26_27_28_,NONCLUSTERED,duty_Wt,0,0,0
RM_LOT,_dta_index_RM_LOT_5_1720232749__K74_K1_K4_K72_K73_K3_K9_K5_K2_6_7_8_10_11_12_13_14_15_16_17_18_19_20_21_22_23_24_25_26_27_28_,NONCLUSTERED,DutyValue,0,0,0
RM_LOT,_dta_index_RM_LOT_5_1720232749__K74_K1_K4_K72_K73_K3_K9_K5_K2_6_7_8_10_11_12_13_14_15_16_17_18_19_20_21_22_23_24_25_26_27_28_,NONCLUSTERED,IDAmt,0,0,0
RM_LOT,_dta_index_RM_LOT_5_1720232749__K74_K1_K4_K72_K73_K3_K9_K5_K2_6_7_8_10_11_12_13_14_15_16_17_18_19_20_21_22_23_24_25_26_27_28_,NONCLUSTERED,welfareAmt,0,0,0
RM_LOT,_dta_index_RM_LOT_5_1720232749__K74_K1_K4_K72_K73_K3_K9_K5_K2_6_7_8_10_11_12_13_14_15_16_17_18_19_20_21_22_23_24_25_26_27_28_,NONCLUSTERED,trash_et,0,0,0
RM_LOT,_dta_index_RM_LOT_5_1720232749__K74_K1_K4_K72_K73_K3_K9_K5_K2_6_7_8_10_11_12_13_14_15_16_17_18_19_20_21_22_23_24_25_26_27_28_,NONCLUSTERED,Gdivcode,0,0,0
RM_LOT,_dta_index_RM_LOT_5_1720232749__K74_K1_K4_K72_K73_K3_K9_K5_K2_6_7_8_10_11_12_13_14_15_16_17_18_19_20_21_22_23_24_25_26_27_28_,NONCLUSTERED,STAPLEN5,0,0,0
RM_LOT,_dta_index_RM_LOT_5_1720232749__K74_K1_K4_K72_K73_K3_K9_K5_K2_6_7_8_10_11_12_13_14_15_16_17_18_19_20_21_22_23_24_25_26_27_28_,NONCLUSTERED,ADDUSERNAME,0,0,0
RM_LOT,_dta_index_RM_LOT_5_1720232749__K74_K1_K4_K72_K73_K3_K9_K5_K2_6_7_8_10_11_12_13_14_15_16_17_18_19_20_21_22_23_24_25_26_27_28_,NONCLUSTERED,SuppBillvalue,0,0,0
RM_LOT,_dta_index_RM_LOT_5_1720232749__K74_K1_K4_K72_K73_K3_K9_K5_K2_6_7_8_10_11_12_13_14_15_16_17_18_19_20_21_22_23_24_25_26_27_28_,NONCLUSTERED,be_no,0,0,0
RM_LOT,_dta_index_RM_LOT_5_1720232749__K74_K1_K4_K72_K73_K3_K9_K5_K2_6_7_8_10_11_12_13_14_15_16_17_18_19_20_21_22_23_24_25_26_27_28_,NONCLUSTERED,be_date,0,0,0
RM_LOT,_dta_index_RM_LOT_5_1720232749__K74_K1_K4_K72_K73_K3_K9_K5_K2_6_7_8_10_11_12_13_14_15_16_17_18_19_20_21_22_23_24_25_26_27_28_,NONCLUSTERED,potype,0,0,0
RM_LOT,_dta_index_RM_LOT_5_1720232749__K74_K1_K4_K72_K73_K3_K9_K5_K2_6_7_8_10_11_12_13_14_15_16_17_18_19_20_21_22_23_24_25_26_27_28_,NONCLUSTERED,Advanceamt,0,0,0
RM_LOT,_dta_index_RM_LOT_5_1720232749__K74_K1_K4_K72_K73_K3_K9_K5_K2_6_7_8_10_11_12_13_14_15_16_17_18_19_20_21_22_23_24_25_26_27_28_,NONCLUSTERED,Advance_amt,0,0,0
RM_LOT,_dta_index_RM_LOT_5_1720232749__K74_K1_K4_K72_K73_K3_K9_K5_K2_6_7_8_10_11_12_13_14_15_16_17_18_19_20_21_22_23_24_25_26_27_28_,NONCLUSTERED,CertificateDT,0,0,0
RM_LOT,_dta_index_RM_LOT_5_1720232749__K74_K1_K4_K72_K73_K3_K9_K5_K2_6_7_8_10_11_12_13_14_15_16_17_18_19_20_21_22_23_24_25_26_27_28_,NONCLUSTERED,CertificateNo2,0,0,0
RM_LOT,_dta_index_RM_LOT_5_1720232749__K74_K1_K4_K72_K73_K3_K9_K5_K2_6_7_8_10_11_12_13_14_15_16_17_18_19_20_21_22_23_24_25_26_27_28_,NONCLUSTERED,CertificateDT2,0,0,0
RM_LOT,_dta_index_RM_LOT_5_1720232749__K74_K1_K4_K72_K73_K3_K9_K5_K2_6_7_8_10_11_12_13_14_15_16_17_18_19_20_21_22_23_24_25_26_27_28_,NONCLUSTERED,CertificateNo3,0,0,0
RM_LOT,_dta_index_RM_LOT_5_1720232749__K74_K1_K4_K72_K73_K3_K9_K5_K2_6_7_8_10_11_12_13_14_15_16_17_18_19_20_21_22_23_24_25_26_27_28_,NONCLUSTERED,CertificateDT3,0,0,0
RM_LOT,_dta_index_RM_LOT_5_1720232749__K74_K1_K4_K72_K73_K3_K9_K5_K2_6_7_8_10_11_12_13_14_15_16_17_18_19_20_21_22_23_24_25_26_27_28_,NONCLUSTERED,yr_flg,0,0,0
RM_LOT,_dta_index_RM_LOT_5_1720232749__K74_K1_K4_K72_K73_K3_K9_K5_K2_6_7_8_10_11_12_13_14_15_16_17_18_19_20_21_22_23_24_25_26_27_28_,NONCLUSTERED,ExchangeRate,0,0,0
RM_LOT,_dta_index_RM_LOT_5_1720232749__K74_K1_K4_K72_K73_K3_K9_K5_K2_6_7_8_10_11_12_13_14_15_16_17_18_19_20_21_22_23_24_25_26_27_28_,NONCLUSTERED,BillCurrency,0,0,0
RM_LOT,_dta_index_RM_LOT_5_1720232749__K74_K1_K4_K72_K73_K3_K9_K5_K2_6_7_8_10_11_12_13_14_15_16_17_18_19_20_21_22_23_24_25_26_27_28_,NONCLUSTERED,SPOTPasser,0,0,0
RM_LOT,_dta_index_RM_LOT_5_1720232749__K74_K1_K4_K72_K73_K3_K9_K5_K2_6_7_8_10_11_12_13_14_15_16_17_18_19_20_21_22_23_24_25_26_27_28_,NONCLUSTERED,OILCODE1,0,0,0
RM_LOT,_dta_index_RM_LOT_5_1720232749__K74_K1_K4_K72_K73_K3_K9_K5_K2_6_7_8_10_11_12_13_14_15_16_17_18_19_20_21_22_23_24_25_26_27_28_,NONCLUSTERED,OILWT1,0,0,0
RM_LOT,_dta_index_RM_LOT_5_1720232749__K74_K1_K4_K72_K73_K3_K9_K5_K2_6_7_8_10_11_12_13_14_15_16_17_18_19_20_21_22_23_24_25_26_27_28_,NONCLUSTERED,CertificateNo,0,0,0
RM_LOT,_dta_index_RM_LOT_5_1720232749__K74_K1_K4_K72_K73_K3_K9_K5_K2_6_7_8_10_11_12_13_14_15_16_17_18_19_20_21_22_23_24_25_26_27_28_,NONCLUSTERED,invisweight,0,0,0
RM_LOT,_dta_index_RM_LOT_5_1720232749__K74_K1_K4_K72_K73_K3_K9_K5_K2_6_7_8_10_11_12_13_14_15_16_17_18_19_20_21_22_23_24_25_26_27_28_,NONCLUSTERED,SICAAmt,0,0,0
RM_LOT,_dta_index_RM_LOT_5_1720232749__K74_K1_K4_K72_K73_K3_K9_K5_K2_6_7_8_10_11_12_13_14_15_16_17_18_19_20_21_22_23_24_25_26_27_28_,NONCLUSTERED,Line_No,0,0,0
RM_LOT,_dta_index_RM_LOT_5_1720232749__K74_K1_K4_K72_K73_K3_K9_K5_K2_6_7_8_10_11_12_13_14_15_16_17_18_19_20_21_22_23_24_25_26_27_28_,NONCLUSTERED,PlCode,0,0,0
RM_LOT,_dta_index_RM_LOT_5_1720232749__K74_K1_K4_K72_K73_K3_K9_K5_K2_6_7_8_10_11_12_13_14_15_16_17_18_19_20_21_22_23_24_25_26_27_28_,NONCLUSTERED,ComWt_Flg,0,0,0
RM_LOT,_dta_index_RM_LOT_5_1720232749__K74_K1_K4_K72_K73_K3_K9_K5_K2_6_7_8_10_11_12_13_14_15_16_17_18_19_20_21_22_23_24_25_26_27_28_,NONCLUSTERED,Comm_Wt,0,0,0
RM_LOT,_dta_index_RM_LOT_5_1720232749__K74_K1_K4_K72_K73_K3_K9_K5_K2_6_7_8_10_11_12_13_14_15_16_17_18_19_20_21_22_23_24_25_26_27_28_,NONCLUSTERED,sgstper,0,0,0
RM_LOT,_dta_index_RM_LOT_5_1720232749__K74_K1_K4_K72_K73_K3_K9_K5_K2_6_7_8_10_11_12_13_14_15_16_17_18_19_20_21_22_23_24_25_26_27_28_,NONCLUSTERED,sgstamt,0,0,0
RM_LOT,_dta_index_RM_LOT_5_1720232749__K74_K1_K4_K72_K73_K3_K9_K5_K2_6_7_8_10_11_12_13_14_15_16_17_18_19_20_21_22_23_24_25_26_27_28_,NONCLUSTERED,igstper,0,0,0
RM_LOT,_dta_index_RM_LOT_5_1720232749__K74_K1_K4_K72_K73_K3_K9_K5_K2_6_7_8_10_11_12_13_14_15_16_17_18_19_20_21_22_23_24_25_26_27_28_,NONCLUSTERED,igstamt,0,0,0
RM_LOT,_dta_index_RM_LOT_5_1720232749__K74_K1_K4_K72_K73_K3_K9_K5_K2_6_7_8_10_11_12_13_14_15_16_17_18_19_20_21_22_23_24_25_26_27_28_,NONCLUSTERED,RateKgWTax,0,0,0
RM_LOT,_dta_index_RM_LOT_5_1720232749__K74_K1_K4_K72_K73_K3_K9_K5_K2_6_7_8_10_11_12_13_14_15_16_17_18_19_20_21_22_23_24_25_26_27_28_,NONCLUSTERED,invisibleloss,0,0,0
RM_LOT,_dta_index_RM_LOT_5_1720232749__K74_K1_K4_K72_K73_K3_K9_K5_K2_6_7_8_10_11_12_13_14_15_16_17_18_19_20_21_22_23_24_25_26_27_28_,NONCLUSTERED,favaourablewgt,0,0,0
RM_LOT,_dta_index_RM_LOT_5_1720232749__K74_K1_K4_K72_K73_K3_K9_K5_K2_6_7_8_10_11_12_13_14_15_16_17_18_19_20_21_22_23_24_25_26_27_28_,NONCLUSTERED,weightflg,0,0,0
RM_LOT,_dta_index_RM_LOT_5_1720232749__K74_K1_K4_K72_K73_K3_K9_K5_K2_6_7_8_10_11_12_13_14_15_16_17_18_19_20_21_22_23_24_25_26_27_28_,NONCLUSTERED,brkcomPer,0,0,0
RM_LOT,_dta_index_RM_LOT_5_1720232749__K74_K1_K4_K72_K73_K3_K9_K5_K2_6_7_8_10_11_12_13_14_15_16_17_18_19_20_21_22_23_24_25_26_27_28_,NONCLUSTERED,HSN,0,0,0
RM_LOT,_dta_index_RM_LOT_5_1720232749__K74_K1_K4_K72_K73_K3_K9_K5_K2_6_7_8_10_11_12_13_14_15_16_17_18_19_20_21_22_23_24_25_26_27_28_,NONCLUSTERED,cgstper,0,0,0
RM_LOT,_dta_index_RM_LOT_5_1720232749__K74_K1_K4_K72_K73_K3_K9_K5_K2_6_7_8_10_11_12_13_14_15_16_17_18_19_20_21_22_23_24_25_26_27_28_,NONCLUSTERED,cgstamt,0,0,0
RM_LOT,_dta_index_RM_LOT_5_1720232749__K74_K1_K4_K72_K73_K3_K9_K5_K2_6_7_8_10_11_12_13_14_15_16_17_18_19_20_21_22_23_24_25_26_27_28_,NONCLUSTERED,OtherTaxableAmt,0,0,0
RM_LOT,_dta_index_RM_LOT_5_1720232749__K74_K1_K4_K72_K73_K3_K9_K5_K2_6_7_8_10_11_12_13_14_15_16_17_18_19_20_21_22_23_24_25_26_27_28_,NONCLUSTERED,LOTRECTYPE,0,0,0
RM_LOT,_dta_index_RM_LOT_5_1720232749__K74_K1_K4_K72_K73_K3_K9_K5_K2_6_7_8_10_11_12_13_14_15_16_17_18_19_20_21_22_23_24_25_26_27_28_,NONCLUSTERED,DutyPer,0,0,0
RM_LOT,_dta_index_RM_LOT_5_1720232749__K74_K1_K4_K72_K73_K3_K9_K5_K2_6_7_8_10_11_12_13_14_15_16_17_18_19_20_21_22_23_24_25_26_27_28_,NONCLUSTERED,DiscountFlg,0,0,0
RM_LOT,_dta_index_RM_LOT_5_1720232749__K74_K1_K4_K72_K73_K3_K9_K5_K2_6_7_8_10_11_12_13_14_15_16_17_18_19_20_21_22_23_24_25_26_27_28_,NONCLUSTERED,InsApprovalFlg,0,0,0
RM_LOT,_dta_index_RM_LOT_5_1720232749__K74_K1_K4_K72_K73_K3_K9_K5_K2_6_7_8_10_11_12_13_14_15_16_17_18_19_20_21_22_23_24_25_26_27_28_,NONCLUSTERED,pinvval,0,0,0
RM_LOT,_dta_index_RM_LOT_5_1720232749__K74_K1_K4_K72_K73_K3_K9_K5_K2_6_7_8_10_11_12_13_14_15_16_17_18_19_20_21_22_23_24_25_26_27_28_,NONCLUSTERED,shipchrg,0,0,0
RM_LOT,_dta_index_RM_LOT_5_1720232749__K74_K1_K4_K72_K73_K3_K9_K5_K2_6_7_8_10_11_12_13_14_15_16_17_18_19_20_21_22_23_24_25_26_27_28_,NONCLUSTERED,weighbridgewt,0,0,0
RM_LOT,_dta_index_RM_LOT_5_1720232749__K74_K1_K4_K72_K73_K3_K9_K5_K2_6_7_8_10_11_12_13_14_15_16_17_18_19_20_21_22_23_24_25_26_27_28_,NONCLUSTERED,inwardno,0,0,0
RM_LOT,_dta_index_RM_LOT_5_1720232749__K74_K1_K4_K72_K73_K3_K9_K5_K2_6_7_8_10_11_12_13_14_15_16_17_18_19_20_21_22_23_24_25_26_27_28_,NONCLUSTERED,inwarddate,0,0,0
RM_LOT,_dta_index_RM_LOT_5_1720232749__K74_K1_K4_K72_K73_K3_K9_K5_K2_6_7_8_10_11_12_13_14_15_16_17_18_19_20_21_22_23_24_25_26_27_28_,NONCLUSTERED,dutyclaimable,0,0,0
RM_LOT,_dta_index_RM_LOT_5_1720232749__K74_K1_K4_K72_K73_K3_K9_K5_K2_6_7_8_10_11_12_13_14_15_16_17_18_19_20_21_22_23_24_25_26_27_28_,NONCLUSTERED,IM_IND,0,0,0
RM_LOT,_dta_index_RM_LOT_5_1720232749__K74_K1_K4_K72_K73_K3_K9_K5_K2_6_7_8_10_11_12_13_14_15_16_17_18_19_20_21_22_23_24_25_26_27_28_,NONCLUSTERED,TradeDisper,0,0,0
RM_LOT,_dta_index_RM_LOT_5_1720232749__K74_K1_K4_K72_K73_K3_K9_K5_K2_6_7_8_10_11_12_13_14_15_16_17_18_19_20_21_22_23_24_25_26_27_28_,NONCLUSTERED,Rebet,0,0,0
RM_LOT,_dta_index_RM_LOT_5_1720232749__K74_K1_K4_K72_K73_K3_K9_K5_K2_6_7_8_10_11_12_13_14_15_16_17_18_19_20_21_22_23_24_25_26_27_28_,NONCLUSTERED,rebate,0,0,0
RM_LOT,_dta_index_RM_LOT_5_1720232749__K74_K1_K4_K72_K73_K3_K9_K5_K2_6_7_8_10_11_12_13_14_15_16_17_18_19_20_21_22_23_24_25_26_27_28_,NONCLUSTERED,LOT_YEAR,0,0,0
RM_LOT,_dta_index_RM_LOT_5_1720232749__K74_K1_K4_K72_K73_K3_K9_K5_K2_6_7_8_10_11_12_13_14_15_16_17_18_19_20_21_22_23_24_25_26_27_28_,NONCLUSTERED,TAX_CHOICE,0,0,0
RM_LOT,_dta_index_RM_LOT_5_1720232749__K74_K1_K4_K72_K73_K3_K9_K5_K2_6_7_8_10_11_12_13_14_15_16_17_18_19_20_21_22_23_24_25_26_27_28_,NONCLUSTERED,TransferType,0,0,0
RM_LOT,_dta_index_RM_LOT_5_1720232749__K74_K1_K4_K72_K73_K3_K9_K5_K2_6_7_8_10_11_12_13_14_15_16_17_18_19_20_21_22_23_24_25_26_27_28_,NONCLUSTERED,Rej_Kgs,0,0,0
RM_LOT,_dta_index_RM_LOT_5_1720232749__K74_K1_K4_K72_K73_K3_K9_K5_K2_6_7_8_10_11_12_13_14_15_16_17_18_19_20_21_22_23_24_25_26_27_28_,NONCLUSTERED,Rec_Bales,0,0,0
RM_LOT,_dta_index_RM_LOT_5_1720232749__K74_K1_K4_K72_K73_K3_K9_K5_K2_6_7_8_10_11_12_13_14_15_16_17_18_19_20_21_22_23_24_25_26_27_28_,NONCLUSTERED,Rec_Kgs,0,0,0
RM_LOT,_dta_index_RM_LOT_5_1720232749__K74_K1_K4_K72_K73_K3_K9_K5_K2_6_7_8_10_11_12_13_14_15_16_17_18_19_20_21_22_23_24_25_26_27_28_,NONCLUSTERED,ALLOWANCE,0,0,0
RM_LOT,_dta_index_RM_LOT_5_1720232749__K74_K1_K4_K72_K73_K3_K9_K5_K2_6_7_8_10_11_12_13_14_15_16_17_18_19_20_21_22_23_24_25_26_27_28_,NONCLUSTERED,ASno,0,0,0
RM_LOT,_dta_index_RM_LOT_5_1720232749__K74_K1_K4_K72_K73_K3_K9_K5_K2_6_7_8_10_11_12_13_14_15_16_17_18_19_20_21_22_23_24_25_26_27_28_,NONCLUSTERED,CashDisper,0,0,0
RM_LOT,_dta_index_RM_LOT_5_1720232749__K74_K1_K4_K72_K73_K3_K9_K5_K2_6_7_8_10_11_12_13_14_15_16_17_18_19_20_21_22_23_24_25_26_27_28_,NONCLUSTERED,FBILLDT,0,0,0
RM_LOT,_dta_index_RM_LOT_5_1720232749__K74_K1_K4_K72_K73_K3_K9_K5_K2_6_7_8_10_11_12_13_14_15_16_17_18_19_20_21_22_23_24_25_26_27_28_,NONCLUSTERED,BANK,0,0,0
RM_LOT,_dta_index_RM_LOT_5_1720232749__K74_K1_K4_K72_K73_K3_K9_K5_K2_6_7_8_10_11_12_13_14_15_16_17_18_19_20_21_22_23_24_25_26_27_28_,NONCLUSTERED,LANDCOSTWITHTAX,0,0,0
RM_LOT,_dta_index_RM_LOT_5_1720232749__K74_K1_K4_K72_K73_K3_K9_K5_K2_6_7_8_10_11_12_13_14_15_16_17_18_19_20_21_22_23_24_25_26_27_28_,NONCLUSTERED,quality,0,0,0
RM_LOT,_dta_index_RM_LOT_5_1720232749__K74_K1_K4_K72_K73_K3_K9_K5_K2_6_7_8_10_11_12_13_14_15_16_17_18_19_20_21_22_23_24_25_26_27_28_,NONCLUSTERED,BillValue,0,0,0
RM_LOT,_dta_index_RM_LOT_5_1720232749__K74_K1_K4_K72_K73_K3_K9_K5_K2_6_7_8_10_11_12_13_14_15_16_17_18_19_20_21_22_23_24_25_26_27_28_,NONCLUSTERED,Rej_Qty,0,0,0
RM_LOT,_dta_index_RM_LOT_5_1720232749__K74_K1_K4_K72_K73_K3_K9_K5_K2_6_7_8_10_11_12_13_14_15_16_17_18_19_20_21_22_23_24_25_26_27_28_,NONCLUSTERED,FBILLVALUE,0,0,0
RM_LOT,_dta_index_RM_LOT_5_1720232749__K74_K1_K4_K72_K73_K3_K9_K5_K2_6_7_8_10_11_12_13_14_15_16_17_18_19_20_21_22_23_24_25_26_27_28_,NONCLUSTERED,FNETWT,0,0,0
RM_LOT,_dta_index_RM_LOT_5_1720232749__K74_K1_K4_K72_K73_K3_K9_K5_K2_6_7_8_10_11_12_13_14_15_16_17_18_19_20_21_22_23_24_25_26_27_28_,NONCLUSTERED,FTAREWT,0,0,0
RM_LOT,_dta_index_RM_LOT_5_1720232749__K74_K1_K4_K72_K73_K3_K9_K5_K2_6_7_8_10_11_12_13_14_15_16_17_18_19_20_21_22_23_24_25_26_27_28_,NONCLUSTERED,FGROSSWT,0,0,0
RM_LOT,_dta_index_RM_LOT_5_1720232749__K74_K1_K4_K72_K73_K3_K9_K5_K2_6_7_8_10_11_12_13_14_15_16_17_18_19_20_21_22_23_24_25_26_27_28_,NONCLUSTERED,FBILLWT,0,0,0
RM_LOT,_dta_index_RM_LOT_5_1720232749__K74_K1_K4_K72_K73_K3_K9_K5_K2_6_7_8_10_11_12_13_14_15_16_17_18_19_20_21_22_23_24_25_26_27_28_,NONCLUSTERED,FBILLNO,0,0,0
RM_LOT,_dta_index_RM_LOT_5_1720232749__K74_K1_K4_K72_K73_K3_K9_K5_K2_6_7_8_10_11_12_13_14_15_16_17_18_19_20_21_22_23_24_25_26_27_28_,NONCLUSTERED,PBALENO,0,0,0
RM_LOT,_dta_index_RM_LOT_5_1720232749__K74_K1_K4_K72_K73_K3_K9_K5_K2_6_7_8_10_11_12_13_14_15_16_17_18_19_20_21_22_23_24_25_26_27_28_,NONCLUSTERED,INDENTNO,0,0,0
RM_LOT,_dta_index_RM_LOT_5_1720232749__K74_K1_K4_K72_K73_K3_K9_K5_K2_6_7_8_10_11_12_13_14_15_16_17_18_19_20_21_22_23_24_25_26_27_28_,NONCLUSTERED,moisture,0,0,0
RM_LOT,_dta_index_RM_LOT_5_1720232749__K74_K1_K4_K72_K73_K3_K9_K5_K2_6_7_8_10_11_12_13_14_15_16_17_18_19_20_21_22_23_24_25_26_27_28_,NONCLUSTERED,pono,0,0,0
RM_LOT,_dta_index_RM_LOT_5_1720232749__K74_K1_K4_K72_K73_K3_K9_K5_K2_6_7_8_10_11_12_13_14_15_16_17_18_19_20_21_22_23_24_25_26_27_28_,NONCLUSTERED,podt,0,0,0
RM_LOT,_dta_index_RM_LOT_5_1720232749__K74_K1_K4_K72_K73_K3_K9_K5_K2_6_7_8_10_11_12_13_14_15_16_17_18_19_20_21_22_23_24_25_26_27_28_,NONCLUSTERED,NCPFLG,0,0,0
RM_LOT,_dta_index_RM_LOT_5_1720232749__K74_K1_K4_K72_K73_K3_K9_K5_K2_6_7_8_10_11_12_13_14_15_16_17_18_19_20_21_22_23_24_25_26_27_28_,NONCLUSTERED,adjvalue,0,0,0
RM_LOT,_dta_index_RM_LOT_5_1720232749__K74_K1_K4_K72_K73_K3_K9_K5_K2_6_7_8_10_11_12_13_14_15_16_17_18_19_20_21_22_23_24_25_26_27_28_,NONCLUSTERED,bcarcode,0,0,0
RM_LOT,_dta_index_RM_LOT_5_1720232749__K74_K1_K4_K72_K73_K3_K9_K5_K2_6_7_8_10_11_12_13_14_15_16_17_18_19_20_21_22_23_24_25_26_27_28_,NONCLUSTERED,CARRIERCODE,0,0,0
RM_LOT,_dta_index_RM_LOT_5_1720232749__K74_K1_K4_K72_K73_K3_K9_K5_K2_6_7_8_10_11_12_13_14_15_16_17_18_19_20_21_22_23_24_25_26_27_28_,NONCLUSTERED,carrier_code,0,0,0
RM_LOT,_dta_index_RM_LOT_5_1720232749__K74_K1_K4_K72_K73_K3_K9_K5_K2_6_7_8_10_11_12_13_14_15_16_17_18_19_20_21_22_23_24_25_26_27_28_,NONCLUSTERED,fissue_flg,0,0,0
RM_LOT,_dta_index_RM_LOT_5_1720232749__K74_K1_K4_K72_K73_K3_K9_K5_K2_6_7_8_10_11_12_13_14_15_16_17_18_19_20_21_22_23_24_25_26_27_28_,NONCLUSTERED,form_type,0,0,0
RM_LOT,_dta_index_RM_LOT_5_1720232749__K74_K1_K4_K72_K73_K3_K9_K5_K2_6_7_8_10_11_12_13_14_15_16_17_18_19_20_21_22_23_24_25_26_27_28_,NONCLUSTERED,tradedisamt,0,0,0
RM_LOT,_dta_index_RM_LOT_5_1720232749__K74_K1_K4_K72_K73_K3_K9_K5_K2_6_7_8_10_11_12_13_14_15_16_17_18_19_20_21_22_23_24_25_26_27_28_,NONCLUSTERED,tax_per,0,0,0
RM_LOT,_dta_index_RM_LOT_5_1720232749__K74_K1_K4_K72_K73_K3_K9_K5_K2_6_7_8_10_11_12_13_14_15_16_17_18_19_20_21_22_23_24_25_26_27_28_,NONCLUSTERED,addtaxcode,0,0,0
RM_LOT,_dta_index_RM_LOT_5_1720232749__K74_K1_K4_K72_K73_K3_K9_K5_K2_6_7_8_10_11_12_13_14_15_16_17_18_19_20_21_22_23_24_25_26_27_28_,NONCLUSTERED,addtaxper,0,0,0
RM_LOT,_dta_index_RM_LOT_5_1720232749__K74_K1_K4_K72_K73_K3_K9_K5_K2_6_7_8_10_11_12_13_14_15_16_17_18_19_20_21_22_23_24_25_26_27_28_,NONCLUSTERED,addtaxamount,0,0,0
RM_LOT,_dta_index_RM_LOT_5_1720232749__K74_K1_K4_K72_K73_K3_K9_K5_K2_6_7_8_10_11_12_13_14_15_16_17_18_19_20_21_22_23_24_25_26_27_28_,NONCLUSTERED,TCS_AMT,0,0,0
RM_LOT,_dta_index_RM_LOT_5_1720232749__K74_K1_K4_K72_K73_K3_K9_K5_K2_6_7_8_10_11_12_13_14_15_16_17_18_19_20_21_22_23_24_25_26_27_28_,NONCLUSTERED,ins_flg,0,0,0
RM_LOT,_dta_index_RM_LOT_5_1720232749__K74_K1_K4_K72_K73_K3_K9_K5_K2_6_7_8_10_11_12_13_14_15_16_17_18_19_20_21_22_23_24_25_26_27_28_,NONCLUSTERED,remarks,0,0,0
RM_LOT,_dta_index_RM_LOT_5_1720232749__K74_K1_K4_K72_K73_K3_K9_K5_K2_6_7_8_10_11_12_13_14_15_16_17_18_19_20_21_22_23_24_25_26_27_28_,NONCLUSTERED,mr,0,0,0
RM_LOT,_dta_index_RM_LOT_5_1720232749__K74_K1_K4_K72_K73_K3_K9_K5_K2_6_7_8_10_11_12_13_14_15_16_17_18_19_20_21_22_23_24_25_26_27_28_,NONCLUSTERED,TRCNT,0,0,0
RM_LOT,_dta_index_RM_LOT_5_1720232749__K74_K1_K4_K72_K73_K3_K9_K5_K2_6_7_8_10_11_12_13_14_15_16_17_18_19_20_21_22_23_24_25_26_27_28_,NONCLUSTERED,APPFLG,0,0,0
RM_LOT,_dta_index_RM_LOT_5_1720232749__K74_K1_K4_K72_K73_K3_K9_K5_K2_6_7_8_10_11_12_13_14_15_16_17_18_19_20_21_22_23_24_25_26_27_28_,NONCLUSTERED,cashdisamt,0,0,0
RM_LOT,_dta_index_RM_LOT_5_1720232749__K74_K1_K4_K72_K73_K3_K9_K5_K2_6_7_8_10_11_12_13_14_15_16_17_18_19_20_21_22_23_24_25_26_27_28_,NONCLUSTERED,LINT,0,0,0
RM_LOT,_dta_index_RM_LOT_5_1720232749__K74_K1_K4_K72_K73_K3_K9_K5_K2_6_7_8_10_11_12_13_14_15_16_17_18_19_20_21_22_23_24_25_26_27_28_,NONCLUSTERED,IVC,0,0,0
RM_LOT,_dta_index_RM_LOT_5_1720232749__K74_K1_K4_K72_K73_K3_K9_K5_K2_6_7_8_10_11_12_13_14_15_16_17_18_19_20_21_22_23_24_25_26_27_28_,NONCLUSTERED,EXNoils,0,0,0
RM_LOT,_dta_index_RM_LOT_5_1720232749__K74_K1_K4_K72_K73_K3_K9_K5_K2_6_7_8_10_11_12_13_14_15_16_17_18_19_20_21_22_23_24_25_26_27_28_,NONCLUSTERED,GRADE,0,0,0
RM_LOT,_dta_index_RM_LOT_5_1720232749__K74_K1_K4_K72_K73_K3_K9_K5_K2_6_7_8_10_11_12_13_14_15_16_17_18_19_20_21_22_23_24_25_26_27_28_,NONCLUSTERED,CSP,0,0,0
RM_LOT,_dta_index_RM_LOT_5_1720232749__K74_K1_K4_K72_K73_K3_K9_K5_K2_6_7_8_10_11_12_13_14_15_16_17_18_19_20_21_22_23_24_25_26_27_28_,NONCLUSTERED,RISI,0,0,0
RM_LOT,_dta_index_RM_LOT_5_1720232749__K74_K1_K4_K72_K73_K3_K9_K5_K2_6_7_8_10_11_12_13_14_15_16_17_18_19_20_21_22_23_24_25_26_27_28_,NONCLUSTERED,TPI,0,0,0
RM_LOT,_dta_index_RM_LOT_5_1720232749__K74_K1_K4_K72_K73_K3_K9_K5_K2_6_7_8_10_11_12_13_14_15_16_17_18_19_20_21_22_23_24_25_26_27_28_,NONCLUSTERED,YarnStrength,0,0,0
RM_LOT,_dta_index_RM_LOT_5_1720232749__K74_K1_K4_K72_K73_K3_K9_K5_K2_6_7_8_10_11_12_13_14_15_16_17_18_19_20_21_22_23_24_25_26_27_28_,NONCLUSTERED,YarnCount,0,0,0
RM_LOT,_dta_index_RM_LOT_5_1720232749__K74_K1_K4_K72_K73_K3_K9_K5_K2_6_7_8_10_11_12_13_14_15_16_17_18_19_20_21_22_23_24_25_26_27_28_,NONCLUSTERED,Staple_Hand,0,0,0
RM_LOT,_dta_index_RM_LOT_5_1720232749__K74_K1_K4_K72_K73_K3_K9_K5_K2_6_7_8_10_11_12_13_14_15_16_17_18_19_20_21_22_23_24_25_26_27_28_,NONCLUSTERED,TRArea,0,0,0
RM_LOT,_dta_index_RM_LOT_5_1720232749__K74_K1_K4_K72_K73_K3_K9_K5_K2_6_7_8_10_11_12_13_14_15_16_17_18_19_20_21_22_23_24_25_26_27_28_,NONCLUSTERED,TRGrade,0,0,0
RM_LOT,_dta_index_RM_LOT_5_1720232749__K74_K1_K4_K72_K73_K3_K9_K5_K2_6_7_8_10_11_12_13_14_15_16_17_18_19_20_21_22_23_24_25_26_27_28_,NONCLUSTERED,elg,0,0,0
RM_LOT,_dta_index_RM_LOT_5_1720232749__K74_K1_K4_K72_K73_K3_K9_K5_K2_6_7_8_10_11_12_13_14_15_16_17_18_19_20_21_22_23_24_25_26_27_28_,NONCLUSTERED,scneps_micm,0,0,0
RM_LOT,_dta_index_RM_LOT_5_1720232749__K74_K1_K4_K72_K73_K3_K9_K5_K2_6_7_8_10_11_12_13_14_15_16_17_18_19_20_21_22_23_24_25_26_27_28_,NONCLUSTERED,totscneps_g,0,0,0
RM_LOT,_dta_index_RM_LOT_5_1720232749__K74_K1_K4_K72_K73_K3_K9_K5_K2_6_7_8_10_11_12_13_14_15_16_17_18_19_20_21_22_23_24_25_26_27_28_,NONCLUSTERED,avgscneps_micm,0,0,0
RM_LOT,_dta_index_RM_LOT_5_1720232749__K74_K1_K4_K72_K73_K3_K9_K5_K2_6_7_8_10_11_12_13_14_15_16_17_18_19_20_21_22_23_24_25_26_27_28_,NONCLUSTERED,YarnAppearance,0,0,0
RM_LOT,_dta_index_RM_LOT_5_1720232749__K74_K1_K4_K72_K73_K3_K9_K5_K2_6_7_8_10_11_12_13_14_15_16_17_18_19_20_21_22_23_24_25_26_27_28_,NONCLUSTERED,CorrectedStrength,0,0,0
RM_LOT,_dta_index_RM_LOT_5_1720232749__K74_K1_K4_K72_K73_K3_K9_K5_K2_6_7_8_10_11_12_13_14_15_16_17_18_19_20_21_22_23_24_25_26_27_28_,NONCLUSTERED,uqlw,0,0,0
RM_LOT,_dta_index_RM_LOT_5_1720232749__K74_K1_K4_K72_K73_K3_K9_K5_K2_6_7_8_10_11_12_13_14_15_16_17_18_19_20_21_22_23_24_25_26_27_28_,NONCLUSTERED,ln,0,0,0
RM_LOT,_dta_index_RM_LOT_5_1720232749__K74_K1_K4_K72_K73_K3_K9_K5_K2_6_7_8_10_11_12_13_14_15_16_17_18_19_20_21_22_23_24_25_26_27_28_,NONCLUSTERED,sfcn,0,0,0
RM_LOT,_dta_index_RM_LOT_5_1720232749__K74_K1_K4_K72_K73_K3_K9_K5_K2_6_7_8_10_11_12_13_14_15_16_17_18_19_20_21_22_23_24_25_26_27_28_,NONCLUSTERED,fiveper,0,0,0
RM_LOT,_dta_index_RM_LOT_5_1720232749__K74_K1_K4_K72_K73_K3_K9_K5_K2_6_7_8_10_11_12_13_14_15_16_17_18_19_20_21_22_23_24_25_26_27_28_,NONCLUSTERED,fine,0,0,0
RM_LOT,_dta_index_RM_LOT_5_1720232749__K74_K1_K4_K72_K73_K3_K9_K5_K2_6_7_8_10_11_12_13_14_15_16_17_18_19_20_21_22_23_24_25_26_27_28_,NONCLUSTERED,ifc,0,0,0
RM_LOT,_dta_index_RM_LOT_5_1720232749__K74_K1_K4_K72_K73_K3_K9_K5_K2_6_7_8_10_11_12_13_14_15_16_17_18_19_20_21_22_23_24_25_26_27_28_,NONCLUSTERED,NEPSIZE,0,0,0
RM_LOT,_dta_index_RM_LOT_5_1720232749__K74_K1_K4_K72_K73_K3_K9_K5_K2_6_7_8_10_11_12_13_14_15_16_17_18_19_20_21_22_23_24_25_26_27_28_,NONCLUSTERED,nepspergm,0,0,0
RM_LOT,_dta_index_RM_LOT_5_1720232749__K74_K1_K4_K72_K73_K3_K9_K5_K2_6_7_8_10_11_12_13_14_15_16_17_18_19_20_21_22_23_24_25_26_27_28_,NONCLUSTERED,scneps_g,0,0,0
RM_LOT,_dta_index_RM_LOT_5_1720232749__K74_K1_K4_K72_K73_K3_K9_K5_K2_6_7_8_10_11_12_13_14_15_16_17_18_19_20_21_22_23_24_25_26_27_28_,NONCLUSTERED,scnsize,0,0,0
RM_LOT,_dta_index_RM_LOT_5_1720232749__K74_K1_K4_K72_K73_K3_K9_K5_K2_6_7_8_10_11_12_13_14_15_16_17_18_19_20_21_22_23_24_25_26_27_28_,NONCLUSTERED,lw,0,0,0
RM_LOT,_dta_index_RM_LOT_5_1720232749__K74_K1_K4_K72_K73_K3_K9_K5_K2_6_7_8_10_11_12_13_14_15_16_17_18_19_20_21_22_23_24_25_26_27_28_,NONCLUSTERED,sfcw,0,0,0
RM_LOT,_dta_index_RM_LOT_5_1720232749__K74_K1_K4_K72_K73_K3_K9_K5_K2_6_7_8_10_11_12_13_14_15_16_17_18_19_20_21_22_23_24_25_26_27_28_,NONCLUSTERED,moiture,0,0,0
RM_LOT,_dta_index_RM_LOT_5_1720232749__K74_K1_K4_K72_K73_K3_K9_K5_K2_6_7_8_10_11_12_13_14_15_16_17_18_19_20_21_22_23_24_25_26_27_28_,NONCLUSTERED,RD,0,0,0
RM_LOT,_dta_index_RM_LOT_5_1720232749__K74_K1_K4_K72_K73_K3_K9_K5_K2_6_7_8_10_11_12_13_14_15_16_17_18_19_20_21_22_23_24_25_26_27_28_,NONCLUSTERED,plusB,0,0,0
RM_LOT,_dta_index_RM_LOT_5_1720232749__K74_K1_K4_K72_K73_K3_K9_K5_K2_6_7_8_10_11_12_13_14_15_16_17_18_19_20_21_22_23_24_25_26_27_28_,NONCLUSTERED,bb,0,0,0
RM_LOT,_dta_index_RM_LOT_5_1720232749__K74_K1_K4_K72_K73_K3_K9_K5_K2_6_7_8_10_11_12_13_14_15_16_17_18_19_20_21_22_23_24_25_26_27_28_,NONCLUSTERED,sfi,0,0,0
RM_LOT,_dta_index_RM_LOT_5_1720232749__K74_K1_K4_K72_K73_K3_K9_K5_K2_6_7_8_10_11_12_13_14_15_16_17_18_19_20_21_22_23_24_25_26_27_28_,NONCLUSTERED,gtex,0,0,0
RM_LOT,_dta_index_RM_LOT_5_1720232749__K74_K1_K4_K72_K73_K3_K9_K5_K2_6_7_8_10_11_12_13_14_15_16_17_18_19_20_21_22_23_24_25_26_27_28_,NONCLUSTERED,loadchrg,0,0,0
RM_LOT,_dta_index_RM_LOT_5_1720232749__K74_K1_K4_K72_K73_K3_K9_K5_K2_6_7_8_10_11_12_13_14_15_16_17_18_19_20_21_22_23_24_25_26_27_28_,NONCLUSTERED,VCATCD,0,0,0
RM_LOT,_dta_index_RM_LOT_5_1720232749__K74_K1_K4_K72_K73_K3_K9_K5_K2_6_7_8_10_11_12_13_14_15_16_17_18_19_20_21_22_23_24_25_26_27_28_,NONCLUSTERED,assvalue,0,0,0
RM_LOT,_dta_index_RM_LOT_5_1720232749__K74_K1_K4_K72_K73_K3_K9_K5_K2_6_7_8_10_11_12_13_14_15_16_17_18_19_20_21_22_23_24_25_26_27_28_,NONCLUSTERED,ALLMIXCOUNT,0,0,0
RM_LOT,_dta_index_RM_LOT_5_1720232749__K74_K1_K4_K72_K73_K3_K9_K5_K2_6_7_8_10_11_12_13_14_15_16_17_18_19_20_21_22_23_24_25_26_27_28_,NONCLUSTERED,RECMIXCOUNT,0,0,0
RM_LOT,_dta_index_RM_LOT_5_1720232749__K74_K1_K4_K72_K73_K3_K9_K5_K2_6_7_8_10_11_12_13_14_15_16_17_18_19_20_21_22_23_24_25_26_27_28_,NONCLUSTERED,issflg,0,0,0
RM_LOT,_dta_index_RM_LOT_5_1720232749__K74_K1_K4_K72_K73_K3_K9_K5_K2_6_7_8_10_11_12_13_14_15_16_17_18_19_20_21_22_23_24_25_26_27_28_,NONCLUSTERED,alert_raised,0,0,0
RM_LOT,_dta_index_RM_LOT_5_1720232749__K74_K1_K4_K72_K73_K3_K9_K5_K2_6_7_8_10_11_12_13_14_15_16_17_18_19_20_21_22_23_24_25_26_27_28_,NONCLUSTERED,MarketCommFlg,0,0,0
RM_LOT,_dta_index_RM_LOT_5_1720232749__K74_K1_K4_K72_K73_K3_K9_K5_K2_6_7_8_10_11_12_13_14_15_16_17_18_19_20_21_22_23_24_25_26_27_28_,NONCLUSTERED,PackForFlg,0,0,0
RM_LOT,_dta_index_RM_LOT_5_1720232749__K74_K1_K4_K72_K73_K3_K9_K5_K2_6_7_8_10_11_12_13_14_15_16_17_18_19_20_21_22_23_24_25_26_27_28_,NONCLUSTERED,TaxRoundOff,0,0,0
RM_LOT,_dta_index_RM_LOT_5_1720232749__K74_K1_K4_K72_K73_K3_K9_K5_K2_6_7_8_10_11_12_13_14_15_16_17_18_19_20_21_22_23_24_25_26_27_28_,NONCLUSTERED,Tax_code,0,0,0
RM_LOT,_dta_index_RM_LOT_5_1720232749__K74_K1_K4_K72_K73_K3_K9_K5_K2_6_7_8_10_11_12_13_14_15_16_17_18_19_20_21_22_23_24_25_26_27_28_,NONCLUSTERED,RateFlg,0,0,0
RM_LOT,_dta_index_RM_LOT_5_1720232749__K74_K1_K4_K72_K73_K3_K9_K5_K2_6_7_8_10_11_12_13_14_15_16_17_18_19_20_21_22_23_24_25_26_27_28_,NONCLUSTERED,PACKFORPER,0,0,0
RM_LOT,_dta_index_RM_LOT_5_1720232749__K74_K1_K4_K72_K73_K3_K9_K5_K2_6_7_8_10_11_12_13_14_15_16_17_18_19_20_21_22_23_24_25_26_27_28_,NONCLUSTERED,PACKFORAMT,0,0,0
RM_LOT,_dta_index_RM_LOT_5_1720232749__K74_K1_K4_K72_K73_K3_K9_K5_K2_6_7_8_10_11_12_13_14_15_16_17_18_19_20_21_22_23_24_25_26_27_28_,NONCLUSTERED,MARKETPER,0,0,0
RM_LOT,_dta_index_RM_LOT_5_1720232749__K74_K1_K4_K72_K73_K3_K9_K5_K2_6_7_8_10_11_12_13_14_15_16_17_18_19_20_21_22_23_24_25_26_27_28_,NONCLUSTERED,MARKETAMT,0,0,0
RM_LOT,_dta_index_RM_LOT_5_1720232749__K74_K1_K4_K72_K73_K3_K9_K5_K2_6_7_8_10_11_12_13_14_15_16_17_18_19_20_21_22_23_24_25_26_27_28_,NONCLUSTERED,STAFORM,0,0,0
RM_LOT,_dta_index_RM_LOT_5_1720232749__K74_K1_K4_K72_K73_K3_K9_K5_K2_6_7_8_10_11_12_13_14_15_16_17_18_19_20_21_22_23_24_25_26_27_28_,NONCLUSTERED,roff,0,0,0
RM_LOT,_dta_index_RM_LOT_5_1720232749__K74_K1_K4_K72_K73_K3_K9_K5_K2_6_7_8_10_11_12_13_14_15_16_17_18_19_20_21_22_23_24_25_26_27_28_,NONCLUSTERED,tlrno,0,0,0
RM_LOT,_dta_index_RM_LOT_5_1720232749__K74_K1_K4_K72_K73_K3_K9_K5_K2_6_7_8_10_11_12_13_14_15_16_17_18_19_20_21_22_23_24_25_26_27_28_,NONCLUSTERED,Rateunit,0,0,0
RM_LOT,_dta_index_RM_LOT_5_1720232749__K74_K1_K4_K72_K73_K3_K9_K5_K2_6_7_8_10_11_12_13_14_15_16_17_18_19_20_21_22_23_24_25_26_27_28_,NONCLUSTERED,PGRSWT,0,0,0
RM_LOT,_dta_index_RM_LOT_5_1720232749__K74_K1_K4_K72_K73_K3_K9_K5_K2_6_7_8_10_11_12_13_14_15_16_17_18_19_20_21_22_23_24_25_26_27_28_,NONCLUSTERED,PTAREWT,0,0,0
RM_LOT,_dta_index_RM_LOT_5_1720232749__K74_K1_K4_K72_K73_K3_K9_K5_K2_6_7_8_10_11_12_13_14_15_16_17_18_19_20_21_22_23_24_25_26_27_28_,NONCLUSTERED,PNETWT,0,0,0
RM_LOT,_dta_index_RM_LOT_5_1720232749__K74_K1_K4_K72_K73_K3_K9_K5_K2_6_7_8_10_11_12_13_14_15_16_17_18_19_20_21_22_23_24_25_26_27_28_,NONCLUSTERED,REFLOTNO,0,0,0
RM_LOT,_dta_index_RM_LOT_5_1720232749__K74_K1_K4_K72_K73_K3_K9_K5_K2_6_7_8_10_11_12_13_14_15_16_17_18_19_20_21_22_23_24_25_26_27_28_,NONCLUSTERED,SNO,0,0,0
RM_LOT,_dta_index_RM_LOT_5_1720232749__K74_K1_K4_K72_K73_K3_K9_K5_K2_6_7_8_10_11_12_13_14_15_16_17_18_19_20_21_22_23_24_25_26_27_28_,NONCLUSTERED,STIME,0,0,0
RM_LOT,_dta_index_RM_LOT_5_1720232749__K74_K1_K4_K72_K73_K3_K9_K5_K2_6_7_8_10_11_12_13_14_15_16_17_18_19_20_21_22_23_24_25_26_27_28_,NONCLUSTERED,ETIME,0,0,0
RM_LOT,_dta_index_RM_LOT_5_1720232749__K74_K1_K4_K72_K73_K3_K9_K5_K2_6_7_8_10_11_12_13_14_15_16_17_18_19_20_21_22_23_24_25_26_27_28_,NONCLUSTERED,TOTHRS,0,0,0
RM_LOT,_dta_index_RM_LOT_5_1720232749__K74_K1_K4_K72_K73_K3_K9_K5_K2_6_7_8_10_11_12_13_14_15_16_17_18_19_20_21_22_23_24_25_26_27_28_,NONCLUSTERED,trantype,0,0,0
RM_LOT,_dta_index_RM_LOT_5_1720232749__K74_K1_K4_K72_K73_K3_K9_K5_K2_6_7_8_10_11_12_13_14_15_16_17_18_19_20_21_22_23_24_25_26_27_28_,NONCLUSTERED,tlorryno,0,0,0
RM_LOT,_dta_index_RM_LOT_5_1720232749__K74_K1_K4_K72_K73_K3_K9_K5_K2_6_7_8_10_11_12_13_14_15_16_17_18_19_20_21_22_23_24_25_26_27_28_,NONCLUSTERED,DBAMT,0,0,0
RM_LOT,_dta_index_RM_LOT_5_1720232749__K74_K1_K4_K72_K73_K3_K9_K5_K2_6_7_8_10_11_12_13_14_15_16_17_18_19_20_21_22_23_24_25_26_27_28_,NONCLUSTERED,DBNARR,0,0,0
RM_LOT,_dta_index_RM_LOT_5_1720232749__K74_K1_K4_K72_K73_K3_K9_K5_K2_6_7_8_10_11_12_13_14_15_16_17_18_19_20_21_22_23_24_25_26_27_28_,NONCLUSTERED,ABales,0,0,0
RM_LOT,_dta_index_RM_LOT_5_1720232749__K74_K1_K4_K72_K73_K3_K9_K5_K2_6_7_8_10_11_12_13_14_15_16_17_18_19_20_21_22_23_24_25_26_27_28_,NONCLUSTERED,ADate,0,0,0
RM_LOT,_dta_index_RM_LOT_5_1720232749__K74_K1_K4_K72_K73_K3_K9_K5_K2_6_7_8_10_11_12_13_14_15_16_17_18_19_20_21_22_23_24_25_26_27_28_,NONCLUSTERED,AFRatekg,0,0,0
RM_LOT,_dta_index_RM_LOT_5_1720232749__K74_K1_K4_K72_K73_K3_K9_K5_K2_6_7_8_10_11_12_13_14_15_16_17_18_19_20_21_22_23_24_25_26_27_28_,NONCLUSTERED,DBTC,0,0,0
RM_LOT,_dta_index_RM_LOT_5_1720232749__K74_K1_K4_K72_K73_K3_K9_K5_K2_6_7_8_10_11_12_13_14_15_16_17_18_19_20_21_22_23_24_25_26_27_28_,NONCLUSTERED,moisture_et,0,0,0
RM_LOT,_dta_index_RM_LOT_5_1720232749__K74_K1_K4_K72_K73_K3_K9_K5_K2_6_7_8_10_11_12_13_14_15_16_17_18_19_20_21_22_23_24_25_26_27_28_,NONCLUSTERED,awt_flg,0,0,0
RM_LOT,_dta_index_RM_LOT_5_1720232749__K74_K1_K4_K72_K73_K3_K9_K5_K2_6_7_8_10_11_12_13_14_15_16_17_18_19_20_21_22_23_24_25_26_27_28_,NONCLUSTERED,ARATECY,0,0,0
RM_LOT,_dta_index_RM_LOT_5_1720232749__K74_K1_K4_K72_K73_K3_K9_K5_K2_6_7_8_10_11_12_13_14_15_16_17_18_19_20_21_22_23_24_25_26_27_28_,NONCLUSTERED,ARATEKG,0,0,0
RM_LOT,_dta_index_RM_LOT_5_1720232749__K74_K1_K4_K72_K73_K3_K9_K5_K2_6_7_8_10_11_12_13_14_15_16_17_18_19_20_21_22_23_24_25_26_27_28_,NONCLUSTERED,DBNO,0,0,0
RM_LOT,_dta_index_RM_LOT_5_1720232749__K74_K1_K4_K72_K73_K3_K9_K5_K2_6_7_8_10_11_12_13_14_15_16_17_18_19_20_21_22_23_24_25_26_27_28_,NONCLUSTERED,DBDT,0,0,0
RM_LOT,_dta_index_RM_LOT_5_1720232749__K74_K1_K4_K72_K73_K3_K9_K5_K2_6_7_8_10_11_12_13_14_15_16_17_18_19_20_21_22_23_24_25_26_27_28_,NONCLUSTERED,WARPAGEAMT,0,0,0
RM_LOT,_dta_index_RM_LOT_5_1720232749__K74_K1_K4_K72_K73_K3_K9_K5_K2_6_7_8_10_11_12_13_14_15_16_17_18_19_20_21_22_23_24_25_26_27_28_,NONCLUSTERED,CLEARANCEAMT,0,0,0
RM_LOT,_dta_index_RM_LOT_5_1720232749__K74_K1_K4_K72_K73_K3_K9_K5_K2_6_7_8_10_11_12_13_14_15_16_17_18_19_20_21_22_23_24_25_26_27_28_,NONCLUSTERED,OTHERSAMT,0,0,0
RM_LOT,_dta_index_RM_LOT_5_1720232749__K74_K1_K4_K72_K73_K3_K9_K5_K2_6_7_8_10_11_12_13_14_15_16_17_18_19_20_21_22_23_24_25_26_27_28_,NONCLUSTERED,ALLOWANCEAMT,0,0,0
RM_LOT,_dta_index_RM_LOT_5_1720232749__K74_K1_K4_K72_K73_K3_K9_K5_K2_6_7_8_10_11_12_13_14_15_16_17_18_19_20_21_22_23_24_25_26_27_28_,NONCLUSTERED,CUSTOMSDUTYAMT,0,0,0
RM_LOT,_dta_index_RM_LOT_5_1720232749__K74_K1_K4_K72_K73_K3_K9_K5_K2_6_7_8_10_11_12_13_14_15_16_17_18_19_20_21_22_23_24_25_26_27_28_,NONCLUSTERED,RATE,0,0,0
RM_LOT,_dta_index_RM_LOT_5_1720232749__K74_K1_K4_K72_K73_K3_K9_K5_K2_6_7_8_10_11_12_13_14_15_16_17_18_19_20_21_22_23_24_25_26_27_28_,NONCLUSTERED,COMMPER,0,0,0
RM_LOT,_dta_index_RM_LOT_5_1720232749__K74_K1_K4_K72_K73_K3_K9_K5_K2_6_7_8_10_11_12_13_14_15_16_17_18_19_20_21_22_23_24_25_26_27_28_,NONCLUSTERED,COMMAMT,0,0,0
RM_LOT,_dta_index_RM_LOT_5_1720232749__K74_K1_K4_K72_K73_K3_K9_K5_K2_6_7_8_10_11_12_13_14_15_16_17_18_19_20_21_22_23_24_25_26_27_28_,NONCLUSTERED,LCINTPER,0,0,0
RM_LOT,_dta_index_RM_LOT_5_1720232749__K74_K1_K4_K72_K73_K3_K9_K5_K2_6_7_8_10_11_12_13_14_15_16_17_18_19_20_21_22_23_24_25_26_27_28_,NONCLUSTERED,LCINTAMT,0,0,0
RM_LOT,_dta_index_RM_LOT_5_1720232749__K74_K1_K4_K72_K73_K3_K9_K5_K2_6_7_8_10_11_12_13_14_15_16_17_18_19_20_21_22_23_24_25_26_27_28_,NONCLUSTERED,CHARITYAMT,0,0,0
RM_LOT,_dta_index_RM_LOT_5_1720232749__K74_K1_K4_K72_K73_K3_K9_K5_K2_6_7_8_10_11_12_13_14_15_16_17_18_19_20_21_22_23_24_25_26_27_28_,NONCLUSTERED,DAMAGEAMT,0,0,0
RM_LOT,_dta_index_RM_LOT_5_1720232749__K74_K1_K4_K72_K73_K3_K9_K5_K2_6_7_8_10_11_12_13_14_15_16_17_18_19_20_21_22_23_24_25_26_27_28_,NONCLUSTERED,OTHTAXAMT,0,0,0
RM_LOT,_dta_index_RM_LOT_5_1720232749__K74_K1_K4_K72_K73_K3_K9_K5_K2_6_7_8_10_11_12_13_14_15_16_17_18_19_20_21_22_23_24_25_26_27_28_,NONCLUSTERED,LRFRTPER,0,0,0
RM_LOT,_dta_index_RM_LOT_5_1720232749__K74_K1_K4_K72_K73_K3_K9_K5_K2_6_7_8_10_11_12_13_14_15_16_17_18_19_20_21_22_23_24_25_26_27_28_,NONCLUSTERED,LRFRTAMT,0,0,0
RM_LOT,_dta_index_RM_LOT_5_1720232749__K74_K1_K4_K72_K73_K3_K9_K5_K2_6_7_8_10_11_12_13_14_15_16_17_18_19_20_21_22_23_24_25_26_27_28_,NONCLUSTERED,RLYFRTPER,0,0,0
RM_LOT,_dta_index_RM_LOT_5_1720232749__K74_K1_K4_K72_K73_K3_K9_K5_K2_6_7_8_10_11_12_13_14_15_16_17_18_19_20_21_22_23_24_25_26_27_28_,NONCLUSTERED,RLYFRTAMT,0,0,0
RM_LOT,_dta_index_RM_LOT_5_1720232749__K74_K1_K4_K72_K73_K3_K9_K5_K2_6_7_8_10_11_12_13_14_15_16_17_18_19_20_21_22_23_24_25_26_27_28_,NONCLUSTERED,INSPER,0,0,0
RM_LOT,_dta_index_RM_LOT_5_1720232749__K74_K1_K4_K72_K73_K3_K9_K5_K2_6_7_8_10_11_12_13_14_15_16_17_18_19_20_21_22_23_24_25_26_27_28_,NONCLUSTERED,CSTAMT,0,0,0
RM_LOT,_dta_index_RM_LOT_5_1720232749__K74_K1_K4_K72_K73_K3_K9_K5_K2_6_7_8_10_11_12_13_14_15_16_17_18_19_20_21_22_23_24_25_26_27_28_,NONCLUSTERED,TNGSTPER,0,0,0
RM_LOT,_dta_index_RM_LOT_5_1720232749__K74_K1_K4_K72_K73_K3_K9_K5_K2_6_7_8_10_11_12_13_14_15_16_17_18_19_20_21_22_23_24_25_26_27_28_,NONCLUSTERED,TNGSTAMT,0,0,0
RM_LOT,_dta_index_RM_LOT_5_1720232749__K74_K1_K4_K72_K73_K3_K9_K5_K2_6_7_8_10_11_12_13_14_15_16_17_18_19_20_21_22_23_24_25_26_27_28_,NONCLUSTERED,SCPER,0,0,0
RM_LOT,_dta_index_RM_LOT_5_1720232749__K74_K1_K4_K72_K73_K3_K9_K5_K2_6_7_8_10_11_12_13_14_15_16_17_18_19_20_21_22_23_24_25_26_27_28_,NONCLUSTERED,SCAMT,0,0,0
RM_LOT,_dta_index_RM_LOT_5_1720232749__K74_K1_K4_K72_K73_K3_K9_K5_K2_6_7_8_10_11_12_13_14_15_16_17_18_19_20_21_22_23_24_25_26_27_28_,NONCLUSTERED,OTHTAXPER,0,0,0
RM_LOT,_dta_index_RM_LOT_5_1720232749__K74_K1_K4_K72_K73_K3_K9_K5_K2_6_7_8_10_11_12_13_14_15_16_17_18_19_20_21_22_23_24_25_26_27_28_,NONCLUSTERED,CESSAMT,0,0,0
RM_LOT,_dta_index_RM_LOT_5_1720232749__K74_K1_K4_K72_K73_K3_K9_K5_K2_6_7_8_10_11_12_13_14_15_16_17_18_19_20_21_22_23_24_25_26_27_28_,NONCLUSTERED,OCTROIPER,0,0,0
RM_LOT,_dta_index_RM_LOT_5_1720232749__K74_K1_K4_K72_K73_K3_K9_K5_K2_6_7_8_10_11_12_13_14_15_16_17_18_19_20_21_22_23_24_25_26_27_28_,NONCLUSTERED,OCTROIAMT,0,0,0
RM_LOT,_dta_index_RM_LOT_5_1720232749__K74_K1_K4_K72_K73_K3_K9_K5_K2_6_7_8_10_11_12_13_14_15_16_17_18_19_20_21_22_23_24_25_26_27_28_,NONCLUSTERED,VATPER,0,0,0
RM_LOT,_dta_index_RM_LOT_5_1720232749__K74_K1_K4_K72_K73_K3_K9_K5_K2_6_7_8_10_11_12_13_14_15_16_17_18_19_20_21_22_23_24_25_26_27_28_,NONCLUSTERED,VATAMT,0,0,0
RM_LOT,_dta_index_RM_LOT_5_1720232749__K74_K1_K4_K72_K73_K3_K9_K5_K2_6_7_8_10_11_12_13_14_15_16_17_18_19_20_21_22_23_24_25_26_27_28_,NONCLUSTERED,CSTPER,0,0,0
RM_LOT,_dta_index_RM_LOT_5_1720232749__K74_K1_K4_K72_K73_K3_K9_K5_K2_6_7_8_10_11_12_13_14_15_16_17_18_19_20_21_22_23_24_25_26_27_28_,NONCLUSTERED,COLORCODE,0,0,0
RM_LOT,_dta_index_RM_LOT_5_1720232749__K74_K1_K4_K72_K73_K3_K9_K5_K2_6_7_8_10_11_12_13_14_15_16_17_18_19_20_21_22_23_24_25_26_27_28_,NONCLUSTERED,BEDPER,0,0,0
RM_LOT,_dta_index_RM_LOT_5_1720232749__K74_K1_K4_K72_K73_K3_K9_K5_K2_6_7_8_10_11_12_13_14_15_16_17_18_19_20_21_22_23_24_25_26_27_28_,NONCLUSTERED,SEDPER,0,0,0
RM_LOT,_dta_index_RM_LOT_5_1720232749__K74_K1_K4_K72_K73_K3_K9_K5_K2_6_7_8_10_11_12_13_14_15_16_17_18_19_20_21_22_23_24_25_26_27_28_,NONCLUSTERED,SEDAMT,0,0,0
RM_LOT,_dta_index_RM_LOT_5_1720232749__K74_K1_K4_K72_K73_K3_K9_K5_K2_6_7_8_10_11_12_13_14_15_16_17_18_19_20_21_22_23_24_25_26_27_28_,NONCLUSTERED,AEDPER,0,0,0
RM_LOT,_dta_index_RM_LOT_5_1720232749__K74_K1_K4_K72_K73_K3_K9_K5_K2_6_7_8_10_11_12_13_14_15_16_17_18_19_20_21_22_23_24_25_26_27_28_,NONCLUSTERED,CESSPER,0,0,0
RM_LOT,_dta_index_RM_LOT_5_1720232749__K74_K1_K4_K72_K73_K3_K9_K5_K2_6_7_8_10_11_12_13_14_15_16_17_18_19_20_21_22_23_24_25_26_27_28_,NONCLUSTERED,IMATURE,0,0,0
RM_LOT,_dta_index_RM_LOT_5_1720232749__K74_K1_K4_K72_K73_K3_K9_K5_K2_6_7_8_10_11_12_13_14_15_16_17_18_19_20_21_22_23_24_25_26_27_28_,NONCLUSTERED,reason,0,0,0
RM_LOT,_dta_index_RM_LOT_5_1720232749__K74_K1_K4_K72_K73_K3_K9_K5_K2_6_7_8_10_11_12_13_14_15_16_17_18_19_20_21_22_23_24_25_26_27_28_,NONCLUSTERED,adjwt,0,0,0
RM_LOT,_dta_index_RM_LOT_5_1720232749__K74_K1_K4_K72_K73_K3_K9_K5_K2_6_7_8_10_11_12_13_14_15_16_17_18_19_20_21_22_23_24_25_26_27_28_,NONCLUSTERED,adjust,0,0,0
RM_LOT,_dta_index_RM_LOT_5_1720232749__K74_K1_K4_K72_K73_K3_K9_K5_K2_6_7_8_10_11_12_13_14_15_16_17_18_19_20_21_22_23_24_25_26_27_28_,NONCLUSTERED,adjreason,0,0,0
RM_LOT,_dta_index_RM_LOT_5_1720232749__K74_K1_K4_K72_K73_K3_K9_K5_K2_6_7_8_10_11_12_13_14_15_16_17_18_19_20_21_22_23_24_25_26_27_28_,NONCLUSTERED,adjdt,0,0,0
RM_LOT,_dta_index_RM_LOT_5_1720232749__K74_K1_K4_K72_K73_K3_K9_K5_K2_6_7_8_10_11_12_13_14_15_16_17_18_19_20_21_22_23_24_25_26_27_28_,NONCLUSTERED,MODDATE,0,0,0
RM_LOT,_dta_index_RM_LOT_5_1720232749__K74_K1_K4_K72_K73_K3_K9_K5_K2_6_7_8_10_11_12_13_14_15_16_17_18_19_20_21_22_23_24_25_26_27_28_,NONCLUSTERED,ARRDT,0,0,0
RM_LOT,_dta_index_RM_LOT_5_1720232749__K74_K1_K4_K72_K73_K3_K9_K5_K2_6_7_8_10_11_12_13_14_15_16_17_18_19_20_21_22_23_24_25_26_27_28_,NONCLUSTERED,FQI,0,0,0
RM_LOT,_dta_index_RM_LOT_5_1720232749__K74_K1_K4_K72_K73_K3_K9_K5_K2_6_7_8_10_11_12_13_14_15_16_17_18_19_20_21_22_23_24_25_26_27_28_,NONCLUSTERED,SCI,0,0,0
RM_LOT,_dta_index_RM_LOT_5_1720232749__K74_K1_K4_K72_K73_K3_K9_K5_K2_6_7_8_10_11_12_13_14_15_16_17_18_19_20_21_22_23_24_25_26_27_28_,NONCLUSTERED,MATURE,0,0,0
RM_LOT,_dta_index_RM_LOT_5_1720232749__K74_K1_K4_K72_K73_K3_K9_K5_K2_6_7_8_10_11_12_13_14_15_16_17_18_19_20_21_22_23_24_25_26_27_28_,NONCLUSTERED,HMATURE,0,0,0
RM_LOT,_dta_index_RM_LOT_5_1720232749__K74_K1_K4_K72_K73_K3_K9_K5_K2_6_7_8_10_11_12_13_14_15_16_17_18_19_20_21_22_23_24_25_26_27_28_,NONCLUSTERED,UNIRATIO,0,0,0
RM_LOT,_dta_index_RM_LOT_5_1720232749__K74_K1_K4_K72_K73_K3_K9_K5_K2_6_7_8_10_11_12_13_14_15_16_17_18_19_20_21_22_23_24_25_26_27_28_,NONCLUSTERED,MCOEFF,0,0,0
RM_LOT,_dta_index_RM_LOT_5_1720232749__K74_K1_K4_K72_K73_K3_K9_K5_K2_6_7_8_10_11_12_13_14_15_16_17_18_19_20_21_22_23_24_25_26_27_28_,NONCLUSTERED,STRENGTH,0,0,0
RM_LOT,_dta_index_RM_LOT_5_1720232749__K74_K1_K4_K72_K73_K3_K9_K5_K2_6_7_8_10_11_12_13_14_15_16_17_18_19_20_21_22_23_24_25_26_27_28_,NONCLUSTERED,actisskgs,0,0,0
RM_LOT,_dta_index_RM_LOT_5_1720232749__K74_K1_K4_K72_K73_K3_K9_K5_K2_6_7_8_10_11_12_13_14_15_16_17_18_19_20_21_22_23_24_25_26_27_28_,NONCLUSTERED,MODUSERID,0,0,0
RM_LOT,_dta_index_RM_LOT_5_1720232749__K74_K1_K4_K72_K73_K3_K9_K5_K2_6_7_8_10_11_12_13_14_15_16_17_18_19_20_21_22_23_24_25_26_27_28_,NONCLUSTERED,MODUSRID,0,0,0
RM_LOT,_dta_index_RM_LOT_5_1720232749__K74_K1_K4_K72_K73_K3_K9_K5_K2_6_7_8_10_11_12_13_14_15_16_17_18_19_20_21_22_23_24_25_26_27_28_,NONCLUSTERED,PTYPE,0,0,0
RM_LOT,_dta_index_RM_LOT_5_1720232749__K74_K1_K4_K72_K73_K3_K9_K5_K2_6_7_8_10_11_12_13_14_15_16_17_18_19_20_21_22_23_24_25_26_27_28_,NONCLUSTERED,RG23A,0,0,0
RM_LOT,_dta_index_RM_LOT_5_1720232749__K74_K1_K4_K72_K73_K3_K9_K5_K2_6_7_8_10_11_12_13_14_15_16_17_18_19_20_21_22_23_24_25_26_27_28_,NONCLUSTERED,dutydocno,0,0,0
RM_LOT,_dta_index_RM_LOT_5_1720232749__K74_K1_K4_K72_K73_K3_K9_K5_K2_6_7_8_10_11_12_13_14_15_16_17_18_19_20_21_22_23_24_25_26_27_28_,NONCLUSTERED,PLOTNO,0,0,0
RM_LOT,_dta_index_RM_LOT_5_1720232749__K74_K1_K4_K72_K73_K3_K9_K5_K2_6_7_8_10_11_12_13_14_15_16_17_18_19_20_21_22_23_24_25_26_27_28_,NONCLUSTERED,OPFLG,0,0,0
RM_LOT,_dta_index_RM_LOT_5_1720232749__K74_K1_K4_K72_K73_K3_K9_K5_K2_6_7_8_10_11_12_13_14_15_16_17_18_19_20_21_22_23_24_25_26_27_28_,NONCLUSTERED,STAPLEN50,0,0,0
RM_LOT,_dta_index_RM_LOT_5_1720232749__K74_K1_K4_K72_K73_K3_K9_K5_K2_6_7_8_10_11_12_13_14_15_16_17_18_19_20_21_22_23_24_25_26_27_28_,NONCLUSTERED,ISSBAL,0,0,0
RM_LOT,_dta_index_RM_LOT_5_1720232749__K74_K1_K4_K72_K73_K3_K9_K5_K2_6_7_8_10_11_12_13_14_15_16_17_18_19_20_21_22_23_24_25_26_27_28_,NONCLUSTERED,ISSWT,0,0,0
RM_LOT,_dta_index_RM_LOT_5_1720232749__K74_K1_K4_K72_K73_K3_K9_K5_K2_6_7_8_10_11_12_13_14_15_16_17_18_19_20_21_22_23_24_25_26_27_28_,NONCLUSTERED,PJTC,0,0,0
RM_LOT,_dta_index_RM_LOT_5_1720232749__K74_K1_K4_K72_K73_K3_K9_K5_K2_6_7_8_10_11_12_13_14_15_16_17_18_19_20_21_22_23_24_25_26_27_28_,NONCLUSTERED,PJNO,0,0,0
RM_LOT,_dta_index_RM_LOT_5_1720232749__K74_K1_K4_K72_K73_K3_K9_K5_K2_6_7_8_10_11_12_13_14_15_16_17_18_19_20_21_22_23_24_25_26_27_28_,NONCLUSTERED,PJDT,0,0,0
RM_LOT,_dta_index_RM_LOT_5_1720232749__K74_K1_K4_K72_K73_K3_K9_K5_K2_6_7_8_10_11_12_13_14_15_16_17_18_19_20_21_22_23_24_25_26_27_28_,NONCLUSTERED,PJAMT,0,0,0
RM_LOT,_dta_index_RM_LOT_5_1720232749__K74_K1_K4_K72_K73_K3_K9_K5_K2_6_7_8_10_11_12_13_14_15_16_17_18_19_20_21_22_23_24_25_26_27_28_,NONCLUSTERED,GODOWN,0,0,0
RM_LOT,_dta_index_RM_LOT_5_1720232749__K74_K1_K4_K72_K73_K3_K9_K5_K2_6_7_8_10_11_12_13_14_15_16_17_18_19_20_21_22_23_24_25_26_27_28_,NONCLUSTERED,LGROUP,0,0,0
RM_LOT,_dta_index_RM_LOT_5_1720232749__K74_K1_K4_K72_K73_K3_K9_K5_K2_6_7_8_10_11_12_13_14_15_16_17_18_19_20_21_22_23_24_25_26_27_28_,NONCLUSTERED,STAPLEN,0,0,0
RM_LOT,_dta_index_RM_LOT_5_1720232749__K74_K1_K4_K72_K73_K3_K9_K5_K2_6_7_8_10_11_12_13_14_15_16_17_18_19_20_21_22_23_24_25_26_27_28_,NONCLUSTERED,SHORT_FIBRE,0,0,0
RM_LOT,_dta_index_RM_LOT_5_1720232749__K74_K1_K4_K72_K73_K3_K9_K5_K2_6_7_8_10_11_12_13_14_15_16_17_18_19_20_21_22_23_24_25_26_27_28_,NONCLUSTERED,MICRONAIRE,0,0,0
RM_LOT,_dta_index_RM_LOT_5_1720232749__K74_K1_K4_K72_K73_K3_K9_K5_K2_6_7_8_10_11_12_13_14_15_16_17_18_19_20_21_22_23_24_25_26_27_28_,NONCLUSTERED,LOTYEAR,1,0,0
RM_LOT,_dta_index_RM_LOT_5_1720232749__K74_K1_K4_K72_K73_K3_K9_K5_K2_6_7_8_10_11_12_13_14_15_16_17_18_19_20_21_22_23_24_25_26_27_28_,NONCLUSTERED,DIVCODE,2,0,0
RM_LOT,_dta_index_RM_LOT_5_1720232749__K74_K1_K4_K72_K73_K3_K9_K5_K2_6_7_8_10_11_12_13_14_15_16_17_18_19_20_21_22_23_24_25_26_27_28_,NONCLUSTERED,LOTDT,3,0,0
RM_LOT,_dta_index_RM_LOT_5_1720232749__K74_K1_K4_K72_K73_K3_K9_K5_K2_6_7_8_10_11_12_13_14_15_16_17_18_19_20_21_22_23_24_25_26_27_28_,NONCLUSTERED,REJFLG,4,0,0
RM_LOT,_dta_index_RM_LOT_5_1720232749__K74_K1_K4_K72_K73_K3_K9_K5_K2_6_7_8_10_11_12_13_14_15_16_17_18_19_20_21_22_23_24_25_26_27_28_,NONCLUSTERED,REJDT,5,0,0
RM_LOT,_dta_index_RM_LOT_5_1720232749__K74_K1_K4_K72_K73_K3_K9_K5_K2_6_7_8_10_11_12_13_14_15_16_17_18_19_20_21_22_23_24_25_26_27_28_,NONCLUSTERED,LOTNO,6,0,0
RM_LOT,_dta_index_RM_LOT_5_1720232749__K74_K1_K4_K72_K73_K3_K9_K5_K2_6_7_8_10_11_12_13_14_15_16_17_18_19_20_21_22_23_24_25_26_27_28_,NONCLUSTERED,VARCODE,7,0,0
RM_LOT,_dta_index_RM_LOT_5_1720232749__K74_K1_K4_K72_K73_K3_K9_K5_K2_6_7_8_10_11_12_13_14_15_16_17_18_19_20_21_22_23_24_25_26_27_28_,NONCLUSTERED,LOTTYPE,8,0,0
RM_LOT,_dta_index_RM_LOT_5_1720232749__K74_K1_K4_K72_K73_K3_K9_K5_K2_6_7_8_10_11_12_13_14_15_16_17_18_19_20_21_22_23_24_25_26_27_28_,NONCLUSTERED,CATCD,9,0,0
RM_LOT,_dta_index_RM_LOT_5_1720232749__K74_K1_K72_K73_K4_K5_K3_K2_K36_K38_K37_K56_35,NONCLUSTERED,NETWT,0,0,0
RM_LOT,_dta_index_RM_LOT_5_1720232749__K74_K1_K72_K73_K4_K5_K3_K2_K36_K38_K37_K56_35,NONCLUSTERED,LOTYEAR,1,0,0
RM_LOT,_dta_index_RM_LOT_5_1720232749__K74_K1_K72_K73_K4_K5_K3_K2_K36_K38_K37_K56_35,NONCLUSTERED,DIVCODE,2,0,0
RM_LOT,_dta_index_RM_LOT_5_1720232749__K74_K1_K72_K73_K4_K5_K3_K2_K36_K38_K37_K56_35,NONCLUSTERED,REJFLG,3,0,0
RM_LOT,_dta_index_RM_LOT_5_1720232749__K74_K1_K72_K73_K4_K5_K3_K2_K36_K38_K37_K56_35,NONCLUSTERED,REJDT,4,0,0
RM_LOT,_dta_index_RM_LOT_5_1720232749__K74_K1_K72_K73_K4_K5_K3_K2_K36_K38_K37_K56_35,NONCLUSTERED,LOTDT,5,0,0
RM_LOT,_dta_index_RM_LOT_5_1720232749__K74_K1_K72_K73_K4_K5_K3_K2_K36_K38_K37_K56_35,NONCLUSTERED,LOTTYPE,6,0,0
RM_LOT,_dta_index_RM_LOT_5_1720232749__K74_K1_K72_K73_K4_K5_K3_K2_K36_K38_K37_K56_35,NONCLUSTERED,LOTNO,7,0,0
RM_LOT,_dta_index_RM_LOT_5_1720232749__K74_K1_K72_K73_K4_K5_K3_K2_K36_K38_K37_K56_35,NONCLUSTERED,CATCD,8,0,0
RM_LOT,_dta_index_RM_LOT_5_1720232749__K74_K1_K72_K73_K4_K5_K3_K2_K36_K38_K37_K56_35,NONCLUSTERED,BBLFLG,9,0,0
RM_LOT,_dta_index_RM_LOT_5_1720232749__K74_K1_K72_K73_K4_K5_K3_K2_K36_K38_K37_K56_35,NONCLUSTERED,RATEKG,10,0,0
RM_LOT,_dta_index_RM_LOT_5_1720232749__K74_K1_K72_K73_K4_K5_K3_K2_K36_K38_K37_K56_35,NONCLUSTERED,BALES,11,0,0
RM_LOT,_dta_index_RM_LOT_5_1720232749__K74_K1_K72_K73_K4_K5_K3_K2_K36_K38_K37_K56_35,NONCLUSTERED,OPFLG,12,0,0
RM_LOT,_dta_index_RM_LOT_65_686625489__K1_K2_K3_K4_K74_K72_K9_K5_K55_K107,NONCLUSTERED,DIVCODE,1,0,0
RM_LOT,_dta_index_RM_LOT_65_686625489__K1_K2_K3_K4_K74_K72_K9_K5_K55_K107,NONCLUSTERED,CATCD,2,0,0
RM_LOT,_dta_index_RM_LOT_65_686625489__K1_K2_K3_K4_K74_K72_K9_K5_K55_K107,NONCLUSTERED,LOTNO,3,0,0
RM_LOT,_dta_index_RM_LOT_65_686625489__K1_K2_K3_K4_K74_K72_K9_K5_K55_K107,NONCLUSTERED,LOTDT,4,0,0
RM_LOT,_dta_index_RM_LOT_65_686625489__K1_K2_K3_K4_K74_K72_K9_K5_K55_K107,NONCLUSTERED,LOTYEAR,5,0,0
RM_LOT,_dta_index_RM_LOT_65_686625489__K1_K2_K3_K4_K74_K72_K9_K5_K55_K107,NONCLUSTERED,REJFLG,6,0,0
RM_LOT,_dta_index_RM_LOT_65_686625489__K1_K2_K3_K4_K74_K72_K9_K5_K55_K107,NONCLUSTERED,VARCODE,7,0,0
RM_LOT,_dta_index_RM_LOT_65_686625489__K1_K2_K3_K4_K74_K72_K9_K5_K55_K107,NONCLUSTERED,LOTTYPE,8,0,0
RM_LOT,_dta_index_RM_LOT_65_686625489__K1_K2_K3_K4_K74_K72_K9_K5_K55_K107,NONCLUSTERED,PLOTNO,9,0,0
RM_LOT,_dta_index_RM_LOT_65_686625489__K1_K2_K3_K4_K74_K72_K9_K5_K55_K107,NONCLUSTERED,COLORCODE,10,0,0
RM_LOT,_dta_index_RM_LOT_65_686625489__K1_K5_K2_K3_K4_K74_K9,NONCLUSTERED,DIVCODE,1,0,0
RM_LOT,_dta_index_RM_LOT_65_686625489__K1_K5_K2_K3_K4_K74_K9,NONCLUSTERED,LOTTYPE,2,0,0
RM_LOT,_dta_index_RM_LOT_65_686625489__K1_K5_K2_K3_K4_K74_K9,NONCLUSTERED,CATCD,3,0,0
RM_LOT,_dta_index_RM_LOT_65_686625489__K1_K5_K2_K3_K4_K74_K9,NONCLUSTERED,LOTNO,4,0,0
RM_LOT,_dta_index_RM_LOT_65_686625489__K1_K5_K2_K3_K4_K74_K9,NONCLUSTERED,LOTDT,5,0,0
RM_LOT,_dta_index_RM_LOT_65_686625489__K1_K5_K2_K3_K4_K74_K9,NONCLUSTERED,LOTYEAR,6,0,0
RM_LOT,_dta_index_RM_LOT_65_686625489__K1_K5_K2_K3_K4_K74_K9,NONCLUSTERED,VARCODE,7,0,0
RM_LOT,_dta_index_RM_LOT_65_686625489__K1_K5_K2_K3_K4_K74_K9_K56_K6,NONCLUSTERED,DIVCODE,1,0,0
RM_LOT,_dta_index_RM_LOT_65_686625489__K1_K5_K2_K3_K4_K74_K9_K56_K6,NONCLUSTERED,LOTTYPE,2,0,0
RM_LOT,_dta_index_RM_LOT_65_686625489__K1_K5_K2_K3_K4_K74_K9_K56_K6,NONCLUSTERED,CATCD,3,0,0
RM_LOT,_dta_index_RM_LOT_65_686625489__K1_K5_K2_K3_K4_K74_K9_K56_K6,NONCLUSTERED,LOTNO,4,0,0
RM_LOT,_dta_index_RM_LOT_65_686625489__K1_K5_K2_K3_K4_K74_K9_K56_K6,NONCLUSTERED,LOTDT,5,0,0
RM_LOT,_dta_index_RM_LOT_65_686625489__K1_K5_K2_K3_K4_K74_K9_K56_K6,NONCLUSTERED,LOTYEAR,6,0,0
RM_LOT,_dta_index_RM_LOT_65_686625489__K1_K5_K2_K3_K4_K74_K9_K56_K6,NONCLUSTERED,VARCODE,7,0,0
RM_LOT,_dta_index_RM_LOT_65_686625489__K1_K5_K2_K3_K4_K74_K9_K56_K6,NONCLUSTERED,OPFLG,8,0,0
RM_LOT,_dta_index_RM_LOT_65_686625489__K1_K5_K2_K3_K4_K74_K9_K56_K6,NONCLUSTERED,SUPCD,9,0,0
RM_LOT,_dta_index_RM_LOT_65_686625489__K1_K56_K11_K65_K74_K2_K3_K4_K9_K5_15_20_21_23_25_27_28_29_30_31_32_33_35_51_104_108_109_110_,NONCLUSTERED,TAXAMT,0,0,0
RM_LOT,_dta_index_RM_LOT_65_686625489__K1_K56_K11_K65_K74_K2_K3_K4_K9_K5_15_20_21_23_25_27_28_29_30_31_32_33_35_51_104_108_109_110_,NONCLUSTERED,RLYFRT,0,0,0
RM_LOT,_dta_index_RM_LOT_65_686625489__K1_K56_K11_K65_K74_K2_K3_K4_K9_K5_15_20_21_23_25_27_28_29_30_31_32_33_35_51_104_108_109_110_,NONCLUSTERED,igstamt,0,0,0
RM_LOT,_dta_index_RM_LOT_65_686625489__K1_K56_K11_K65_K74_K2_K3_K4_K9_K5_15_20_21_23_25_27_28_29_30_31_32_33_35_51_104_108_109_110_,NONCLUSTERED,Line_No,0,0,0
RM_LOT,_dta_index_RM_LOT_65_686625489__K1_K56_K11_K65_K74_K2_K3_K4_K9_K5_15_20_21_23_25_27_28_29_30_31_32_33_35_51_104_108_109_110_,NONCLUSTERED,PlCode,0,0,0
RM_LOT,_dta_index_RM_LOT_65_686625489__K1_K56_K11_K65_K74_K2_K3_K4_K9_K5_15_20_21_23_25_27_28_29_30_31_32_33_35_51_104_108_109_110_,NONCLUSTERED,Comm_Wt,0,0,0
RM_LOT,_dta_index_RM_LOT_65_686625489__K1_K56_K11_K65_K74_K2_K3_K4_K9_K5_15_20_21_23_25_27_28_29_30_31_32_33_35_51_104_108_109_110_,NONCLUSTERED,ComWt_Flg,0,0,0
RM_LOT,_dta_index_RM_LOT_65_686625489__K1_K56_K11_K65_K74_K2_K3_K4_K9_K5_15_20_21_23_25_27_28_29_30_31_32_33_35_51_104_108_109_110_,NONCLUSTERED,SICAAmt,0,0,0
RM_LOT,_dta_index_RM_LOT_65_686625489__K1_K56_K11_K65_K74_K2_K3_K4_K9_K5_15_20_21_23_25_27_28_29_30_31_32_33_35_51_104_108_109_110_,NONCLUSTERED,cgstper,0,0,0
RM_LOT,_dta_index_RM_LOT_65_686625489__K1_K56_K11_K65_K74_K2_K3_K4_K9_K5_15_20_21_23_25_27_28_29_30_31_32_33_35_51_104_108_109_110_,NONCLUSTERED,cgstamt,0,0,0
RM_LOT,_dta_index_RM_LOT_65_686625489__K1_K56_K11_K65_K74_K2_K3_K4_K9_K5_15_20_21_23_25_27_28_29_30_31_32_33_35_51_104_108_109_110_,NONCLUSTERED,sgstper,0,0,0
RM_LOT,_dta_index_RM_LOT_65_686625489__K1_K56_K11_K65_K74_K2_K3_K4_K9_K5_15_20_21_23_25_27_28_29_30_31_32_33_35_51_104_108_109_110_,NONCLUSTERED,sgstamt,0,0,0
RM_LOT,_dta_index_RM_LOT_65_686625489__K1_K56_K11_K65_K74_K2_K3_K4_K9_K5_15_20_21_23_25_27_28_29_30_31_32_33_35_51_104_108_109_110_,NONCLUSTERED,igstper,0,0,0
RM_LOT,_dta_index_RM_LOT_65_686625489__K1_K56_K11_K65_K74_K2_K3_K4_K9_K5_15_20_21_23_25_27_28_29_30_31_32_33_35_51_104_108_109_110_,NONCLUSTERED,tradedisamt,0,0,0
RM_LOT,_dta_index_RM_LOT_65_686625489__K1_K56_K11_K65_K74_K2_K3_K4_K9_K5_15_20_21_23_25_27_28_29_30_31_32_33_35_51_104_108_109_110_,NONCLUSTERED,shipchrg,0,0,0
RM_LOT,_dta_index_RM_LOT_65_686625489__K1_K56_K11_K65_K74_K2_K3_K4_K9_K5_15_20_21_23_25_27_28_29_30_31_32_33_35_51_104_108_109_110_,NONCLUSTERED,OtherTaxableAmt,0,0,0
RM_LOT,_dta_index_RM_LOT_65_686625489__K1_K56_K11_K65_K74_K2_K3_K4_K9_K5_15_20_21_23_25_27_28_29_30_31_32_33_35_51_104_108_109_110_,NONCLUSTERED,addtaxper,0,0,0
RM_LOT,_dta_index_RM_LOT_65_686625489__K1_K56_K11_K65_K74_K2_K3_K4_K9_K5_15_20_21_23_25_27_28_29_30_31_32_33_35_51_104_108_109_110_,NONCLUSTERED,addtaxamount,0,0,0
RM_LOT,_dta_index_RM_LOT_65_686625489__K1_K56_K11_K65_K74_K2_K3_K4_K9_K5_15_20_21_23_25_27_28_29_30_31_32_33_35_51_104_108_109_110_,NONCLUSTERED,pinvval,0,0,0
RM_LOT,_dta_index_RM_LOT_65_686625489__K1_K56_K11_K65_K74_K2_K3_K4_K9_K5_15_20_21_23_25_27_28_29_30_31_32_33_35_51_104_108_109_110_,NONCLUSTERED,ALLOWANCEAMT,0,0,0
RM_LOT,_dta_index_RM_LOT_65_686625489__K1_K56_K11_K65_K74_K2_K3_K4_K9_K5_15_20_21_23_25_27_28_29_30_31_32_33_35_51_104_108_109_110_,NONCLUSTERED,CUSTOMSDUTYAMT,0,0,0
RM_LOT,_dta_index_RM_LOT_65_686625489__K1_K56_K11_K65_K74_K2_K3_K4_K9_K5_15_20_21_23_25_27_28_29_30_31_32_33_35_51_104_108_109_110_,NONCLUSTERED,moisture_et,0,0,0
RM_LOT,_dta_index_RM_LOT_65_686625489__K1_K56_K11_K65_K74_K2_K3_K4_K9_K5_15_20_21_23_25_27_28_29_30_31_32_33_35_51_104_108_109_110_,NONCLUSTERED,CashDisper,0,0,0
RM_LOT,_dta_index_RM_LOT_65_686625489__K1_K56_K11_K65_K74_K2_K3_K4_K9_K5_15_20_21_23_25_27_28_29_30_31_32_33_35_51_104_108_109_110_,NONCLUSTERED,cashdisamt,0,0,0
RM_LOT,_dta_index_RM_LOT_65_686625489__K1_K56_K11_K65_K74_K2_K3_K4_K9_K5_15_20_21_23_25_27_28_29_30_31_32_33_35_51_104_108_109_110_,NONCLUSTERED,TradeDisper,0,0,0
RM_LOT,_dta_index_RM_LOT_65_686625489__K1_K56_K11_K65_K74_K2_K3_K4_K9_K5_15_20_21_23_25_27_28_29_30_31_32_33_35_51_104_108_109_110_,NONCLUSTERED,LCINTAMT,0,0,0
RM_LOT,_dta_index_RM_LOT_65_686625489__K1_K56_K11_K65_K74_K2_K3_K4_K9_K5_15_20_21_23_25_27_28_29_30_31_32_33_35_51_104_108_109_110_,NONCLUSTERED,CHARITYAMT,0,0,0
RM_LOT,_dta_index_RM_LOT_65_686625489__K1_K56_K11_K65_K74_K2_K3_K4_K9_K5_15_20_21_23_25_27_28_29_30_31_32_33_35_51_104_108_109_110_,NONCLUSTERED,DAMAGEAMT,0,0,0
RM_LOT,_dta_index_RM_LOT_65_686625489__K1_K56_K11_K65_K74_K2_K3_K4_K9_K5_15_20_21_23_25_27_28_29_30_31_32_33_35_51_104_108_109_110_,NONCLUSTERED,WARPAGEAMT,0,0,0
RM_LOT,_dta_index_RM_LOT_65_686625489__K1_K56_K11_K65_K74_K2_K3_K4_K9_K5_15_20_21_23_25_27_28_29_30_31_32_33_35_51_104_108_109_110_,NONCLUSTERED,CLEARANCEAMT,0,0,0
RM_LOT,_dta_index_RM_LOT_65_686625489__K1_K56_K11_K65_K74_K2_K3_K4_K9_K5_15_20_21_23_25_27_28_29_30_31_32_33_35_51_104_108_109_110_,NONCLUSTERED,OTHERSAMT,0,0,0
RM_LOT,_dta_index_RM_LOT_65_686625489__K1_K56_K11_K65_K74_K2_K3_K4_K9_K5_15_20_21_23_25_27_28_29_30_31_32_33_35_51_104_108_109_110_,NONCLUSTERED,RLYFRTPER,0,0,0
RM_LOT,_dta_index_RM_LOT_65_686625489__K1_K56_K11_K65_K74_K2_K3_K4_K9_K5_15_20_21_23_25_27_28_29_30_31_32_33_35_51_104_108_109_110_,NONCLUSTERED,RLYFRTAMT,0,0,0
RM_LOT,_dta_index_RM_LOT_65_686625489__K1_K56_K11_K65_K74_K2_K3_K4_K9_K5_15_20_21_23_25_27_28_29_30_31_32_33_35_51_104_108_109_110_,NONCLUSTERED,INSPER,0,0,0
RM_LOT,_dta_index_RM_LOT_65_686625489__K1_K56_K11_K65_K74_K2_K3_K4_K9_K5_15_20_21_23_25_27_28_29_30_31_32_33_35_51_104_108_109_110_,NONCLUSTERED,COMMPER,0,0,0
RM_LOT,_dta_index_RM_LOT_65_686625489__K1_K56_K11_K65_K74_K2_K3_K4_K9_K5_15_20_21_23_25_27_28_29_30_31_32_33_35_51_104_108_109_110_,NONCLUSTERED,COMMAMT,0,0,0
RM_LOT,_dta_index_RM_LOT_65_686625489__K1_K56_K11_K65_K74_K2_K3_K4_K9_K5_15_20_21_23_25_27_28_29_30_31_32_33_35_51_104_108_109_110_,NONCLUSTERED,LCINTPER,0,0,0
RM_LOT,_dta_index_RM_LOT_65_686625489__K1_K56_K11_K65_K74_K2_K3_K4_K9_K5_15_20_21_23_25_27_28_29_30_31_32_33_35_51_104_108_109_110_,NONCLUSTERED,CESSAMT,0,0,0
RM_LOT,_dta_index_RM_LOT_65_686625489__K1_K56_K11_K65_K74_K2_K3_K4_K9_K5_15_20_21_23_25_27_28_29_30_31_32_33_35_51_104_108_109_110_,NONCLUSTERED,VATPER,0,0,0
RM_LOT,_dta_index_RM_LOT_65_686625489__K1_K56_K11_K65_K74_K2_K3_K4_K9_K5_15_20_21_23_25_27_28_29_30_31_32_33_35_51_104_108_109_110_,NONCLUSTERED,OTHTAXPER,0,0,0
RM_LOT,_dta_index_RM_LOT_65_686625489__K1_K56_K11_K65_K74_K2_K3_K4_K9_K5_15_20_21_23_25_27_28_29_30_31_32_33_35_51_104_108_109_110_,NONCLUSTERED,OTHTAXAMT,0,0,0
RM_LOT,_dta_index_RM_LOT_65_686625489__K1_K56_K11_K65_K74_K2_K3_K4_K9_K5_15_20_21_23_25_27_28_29_30_31_32_33_35_51_104_108_109_110_,NONCLUSTERED,LRFRTPER,0,0,0
RM_LOT,_dta_index_RM_LOT_65_686625489__K1_K56_K11_K65_K74_K2_K3_K4_K9_K5_15_20_21_23_25_27_28_29_30_31_32_33_35_51_104_108_109_110_,NONCLUSTERED,LRFRTAMT,0,0,0
RM_LOT,_dta_index_RM_LOT_65_686625489__K1_K56_K11_K65_K74_K2_K3_K4_K9_K5_15_20_21_23_25_27_28_29_30_31_32_33_35_51_104_108_109_110_,NONCLUSTERED,VATAMT,0,0,0
RM_LOT,_dta_index_RM_LOT_65_686625489__K1_K56_K11_K65_K74_K2_K3_K4_K9_K5_15_20_21_23_25_27_28_29_30_31_32_33_35_51_104_108_109_110_,NONCLUSTERED,BEDPER,0,0,0
RM_LOT,_dta_index_RM_LOT_65_686625489__K1_K56_K11_K65_K74_K2_K3_K4_K9_K5_15_20_21_23_25_27_28_29_30_31_32_33_35_51_104_108_109_110_,NONCLUSTERED,SEDPER,0,0,0
RM_LOT,_dta_index_RM_LOT_65_686625489__K1_K56_K11_K65_K74_K2_K3_K4_K9_K5_15_20_21_23_25_27_28_29_30_31_32_33_35_51_104_108_109_110_,NONCLUSTERED,SEDAMT,0,0,0
RM_LOT,_dta_index_RM_LOT_65_686625489__K1_K56_K11_K65_K74_K2_K3_K4_K9_K5_15_20_21_23_25_27_28_29_30_31_32_33_35_51_104_108_109_110_,NONCLUSTERED,AEDPER,0,0,0
RM_LOT,_dta_index_RM_LOT_65_686625489__K1_K56_K11_K65_K74_K2_K3_K4_K9_K5_15_20_21_23_25_27_28_29_30_31_32_33_35_51_104_108_109_110_,NONCLUSTERED,CESSPER,0,0,0
RM_LOT,_dta_index_RM_LOT_65_686625489__K1_K56_K11_K65_K74_K2_K3_K4_K9_K5_15_20_21_23_25_27_28_29_30_31_32_33_35_51_104_108_109_110_,NONCLUSTERED,AEDAMT,0,0,0
RM_LOT,_dta_index_RM_LOT_65_686625489__K1_K56_K11_K65_K74_K2_K3_K4_K9_K5_15_20_21_23_25_27_28_29_30_31_32_33_35_51_104_108_109_110_,NONCLUSTERED,TOTLANDCOST,0,0,0
RM_LOT,_dta_index_RM_LOT_65_686625489__K1_K56_K11_K65_K74_K2_K3_K4_K9_K5_15_20_21_23_25_27_28_29_30_31_32_33_35_51_104_108_109_110_,NONCLUSTERED,GRSWGT,0,0,0
RM_LOT,_dta_index_RM_LOT_65_686625489__K1_K56_K11_K65_K74_K2_K3_K4_K9_K5_15_20_21_23_25_27_28_29_30_31_32_33_35_51_104_108_109_110_,NONCLUSTERED,TAREWT,0,0,0
RM_LOT,_dta_index_RM_LOT_65_686625489__K1_K56_K11_K65_K74_K2_K3_K4_K9_K5_15_20_21_23_25_27_28_29_30_31_32_33_35_51_104_108_109_110_,NONCLUSTERED,NETWT,0,0,0
RM_LOT,_dta_index_RM_LOT_65_686625489__K1_K56_K11_K65_K74_K2_K3_K4_K9_K5_15_20_21_23_25_27_28_29_30_31_32_33_35_51_104_108_109_110_,NONCLUSTERED,PJAMT,0,0,0
RM_LOT,_dta_index_RM_LOT_65_686625489__K1_K56_K11_K65_K74_K2_K3_K4_K9_K5_15_20_21_23_25_27_28_29_30_31_32_33_35_51_104_108_109_110_,NONCLUSTERED,LDGULG,0,0,0
RM_LOT,_dta_index_RM_LOT_65_686625489__K1_K56_K11_K65_K74_K2_K3_K4_K9_K5_15_20_21_23_25_27_28_29_30_31_32_33_35_51_104_108_109_110_,NONCLUSTERED,BRKCOM,0,0,0
RM_LOT,_dta_index_RM_LOT_65_686625489__K1_K56_K11_K65_K74_K2_K3_K4_K9_K5_15_20_21_23_25_27_28_29_30_31_32_33_35_51_104_108_109_110_,NONCLUSTERED,DNAMT1,0,0,0
RM_LOT,_dta_index_RM_LOT_65_686625489__K1_K56_K11_K65_K74_K2_K3_K4_K9_K5_15_20_21_23_25_27_28_29_30_31_32_33_35_51_104_108_109_110_,NONCLUSTERED,SPOTEXP,0,0,0
RM_LOT,_dta_index_RM_LOT_65_686625489__K1_K56_K11_K65_K74_K2_K3_K4_K9_K5_15_20_21_23_25_27_28_29_30_31_32_33_35_51_104_108_109_110_,NONCLUSTERED,INSAMT,0,0,0
RM_LOT,_dta_index_RM_LOT_65_686625489__K1_K56_K11_K65_K74_K2_K3_K4_K9_K5_15_20_21_23_25_27_28_29_30_31_32_33_35_51_104_108_109_110_,NONCLUSTERED,BEDAMT,0,0,0
RM_LOT,_dta_index_RM_LOT_65_686625489__K1_K56_K11_K65_K74_K2_K3_K4_K9_K5_15_20_21_23_25_27_28_29_30_31_32_33_35_51_104_108_109_110_,NONCLUSTERED,DIVCODE,1,0,0
RM_LOT,_dta_index_RM_LOT_65_686625489__K1_K56_K11_K65_K74_K2_K3_K4_K9_K5_15_20_21_23_25_27_28_29_30_31_32_33_35_51_104_108_109_110_,NONCLUSTERED,OPFLG,2,0,0
RM_LOT,_dta_index_RM_LOT_65_686625489__K1_K56_K11_K65_K74_K2_K3_K4_K9_K5_15_20_21_23_25_27_28_29_30_31_32_33_35_51_104_108_109_110_,NONCLUSTERED,ARRNO,3,0,0
RM_LOT,_dta_index_RM_LOT_65_686625489__K1_K56_K11_K65_K74_K2_K3_K4_K9_K5_15_20_21_23_25_27_28_29_30_31_32_33_35_51_104_108_109_110_,NONCLUSTERED,ARRDT,4,0,0
RM_LOT,_dta_index_RM_LOT_65_686625489__K1_K56_K11_K65_K74_K2_K3_K4_K9_K5_15_20_21_23_25_27_28_29_30_31_32_33_35_51_104_108_109_110_,NONCLUSTERED,LOTYEAR,5,0,0
RM_LOT,_dta_index_RM_LOT_65_686625489__K1_K56_K11_K65_K74_K2_K3_K4_K9_K5_15_20_21_23_25_27_28_29_30_31_32_33_35_51_104_108_109_110_,NONCLUSTERED,CATCD,6,0,0
RM_LOT,_dta_index_RM_LOT_65_686625489__K1_K56_K11_K65_K74_K2_K3_K4_K9_K5_15_20_21_23_25_27_28_29_30_31_32_33_35_51_104_108_109_110_,NONCLUSTERED,LOTNO,7,0,0
RM_LOT,_dta_index_RM_LOT_65_686625489__K1_K56_K11_K65_K74_K2_K3_K4_K9_K5_15_20_21_23_25_27_28_29_30_31_32_33_35_51_104_108_109_110_,NONCLUSTERED,LOTDT,8,0,0
RM_LOT,_dta_index_RM_LOT_65_686625489__K1_K56_K11_K65_K74_K2_K3_K4_K9_K5_15_20_21_23_25_27_28_29_30_31_32_33_35_51_104_108_109_110_,NONCLUSTERED,VARCODE,9,0,0
RM_LOT,_dta_index_RM_LOT_65_686625489__K1_K56_K11_K65_K74_K2_K3_K4_K9_K5_15_20_21_23_25_27_28_29_30_31_32_33_35_51_104_108_109_110_,NONCLUSTERED,LOTTYPE,10,0,0
RM_LOT,_dta_index_RM_LOT_65_686625489__K1_K74_K167_K56_K4_K3_2_5_9_10_11_55_65,NONCLUSTERED,ARRDT,0,0,0
RM_LOT,_dta_index_RM_LOT_65_686625489__K1_K74_K167_K56_K4_K3_2_5_9_10_11_55_65,NONCLUSTERED,CATCD,0,0,0
RM_LOT,_dta_index_RM_LOT_65_686625489__K1_K74_K167_K56_K4_K3_2_5_9_10_11_55_65,NONCLUSTERED,LOTTYPE,0,0,0
RM_LOT,_dta_index_RM_LOT_65_686625489__K1_K74_K167_K56_K4_K3_2_5_9_10_11_55_65,NONCLUSTERED,VARCODE,0,0,0
RM_LOT,_dta_index_RM_LOT_65_686625489__K1_K74_K167_K56_K4_K3_2_5_9_10_11_55_65,NONCLUSTERED,CNTCODE,0,0,0
RM_LOT,_dta_index_RM_LOT_65_686625489__K1_K74_K167_K56_K4_K3_2_5_9_10_11_55_65,NONCLUSTERED,ARRNO,0,0,0
RM_LOT,_dta_index_RM_LOT_65_686625489__K1_K74_K167_K56_K4_K3_2_5_9_10_11_55_65,NONCLUSTERED,PLOTNO,0,0,0
RM_LOT,_dta_index_RM_LOT_65_686625489__K1_K74_K167_K56_K4_K3_2_5_9_10_11_55_65,NONCLUSTERED,DIVCODE,1,0,0
RM_LOT,_dta_index_RM_LOT_65_686625489__K1_K74_K167_K56_K4_K3_2_5_9_10_11_55_65,NONCLUSTERED,LOTYEAR,2,0,0
RM_LOT,_dta_index_RM_LOT_65_686625489__K1_K74_K167_K56_K4_K3_2_5_9_10_11_55_65,NONCLUSTERED,ins_flg,3,0,0
RM_LOT,_dta_index_RM_LOT_65_686625489__K1_K74_K167_K56_K4_K3_2_5_9_10_11_55_65,NONCLUSTERED,OPFLG,4,0,0
RM_LOT,_dta_index_RM_LOT_65_686625489__K1_K74_K167_K56_K4_K3_2_5_9_10_11_55_65,NONCLUSTERED,LOTDT,5,0,0
RM_LOT,_dta_index_RM_LOT_65_686625489__K1_K74_K167_K56_K4_K3_2_5_9_10_11_55_65,NONCLUSTERED,LOTNO,6,0,0
RM_LOT,_dta_index_RM_LOT_65_686625489__K1_K74_K4_49,NONCLUSTERED,PJNO,0,0,0
RM_LOT,_dta_index_RM_LOT_65_686625489__K1_K74_K4_49,NONCLUSTERED,DIVCODE,1,0,0
RM_LOT,_dta_index_RM_LOT_65_686625489__K1_K74_K4_49,NONCLUSTERED,LOTYEAR,2,0,0
RM_LOT,_dta_index_RM_LOT_65_686625489__K1_K74_K4_49,NONCLUSTERED,LOTDT,3,0,0
RM_LOT,_dta_index_RM_LOT_65_686625489__K167_K40_K74_K1_K4_K8_K9_K2_K6_K3_K65_K11_K5_55,NONCLUSTERED,PLOTNO,0,0,0
RM_LOT,_dta_index_RM_LOT_65_686625489__K167_K40_K74_K1_K4_K8_K9_K2_K6_K3_K65_K11_K5_55,NONCLUSTERED,ins_flg,1,0,0
RM_LOT,_dta_index_RM_LOT_65_686625489__K167_K40_K74_K1_K4_K8_K9_K2_K6_K3_K65_K11_K5_55,NONCLUSTERED,GODOWN,2,0,0
RM_LOT,_dta_index_RM_LOT_65_686625489__K167_K40_K74_K1_K4_K8_K9_K2_K6_K3_K65_K11_K5_55,NONCLUSTERED,LOTYEAR,3,0,0
RM_LOT,_dta_index_RM_LOT_65_686625489__K167_K40_K74_K1_K4_K8_K9_K2_K6_K3_K65_K11_K5_55,NONCLUSTERED,DIVCODE,4,0,0
RM_LOT,_dta_index_RM_LOT_65_686625489__K167_K40_K74_K1_K4_K8_K9_K2_K6_K3_K65_K11_K5_55,NONCLUSTERED,LOTDT,5,0,0
RM_LOT,_dta_index_RM_LOT_65_686625489__K167_K40_K74_K1_K4_K8_K9_K2_K6_K3_K65_K11_K5_55,NONCLUSTERED,AREACD,6,0,0
RM_LOT,_dta_index_RM_LOT_65_686625489__K167_K40_K74_K1_K4_K8_K9_K2_K6_K3_K65_K11_K5_55,NONCLUSTERED,VARCODE,7,0,0
RM_LOT,_dta_index_RM_LOT_65_686625489__K167_K40_K74_K1_K4_K8_K9_K2_K6_K3_K65_K11_K5_55,NONCLUSTERED,CATCD,8,0,0
RM_LOT,_dta_index_RM_LOT_65_686625489__K167_K40_K74_K1_K4_K8_K9_K2_K6_K3_K65_K11_K5_55,NONCLUSTERED,SUPCD,9,0,0
RM_LOT,_dta_index_RM_LOT_65_686625489__K167_K40_K74_K1_K4_K8_K9_K2_K6_K3_K65_K11_K5_55,NONCLUSTERED,LOTNO,10,0,0
RM_LOT,_dta_index_RM_LOT_65_686625489__K167_K40_K74_K1_K4_K8_K9_K2_K6_K3_K65_K11_K5_55,NONCLUSTERED,ARRDT,11,0,0
RM_LOT,_dta_index_RM_LOT_65_686625489__K167_K40_K74_K1_K4_K8_K9_K2_K6_K3_K65_K11_K5_55,NONCLUSTERED,ARRNO,12,0,0
RM_LOT,_dta_index_RM_LOT_65_686625489__K167_K40_K74_K1_K4_K8_K9_K2_K6_K3_K65_K11_K5_55,NONCLUSTERED,LOTTYPE,13,0,0
RM_LOT,_dta_index_RM_LOT_65_686625489__K4_K11_K74_K1_K5_K56_2_3_6_7_8_9_10_12_13_14_15_16_17_19_20_21_23_25_26_27_28_29_30_31_32_33_,NONCLUSTERED,PlCode,0,0,0
RM_LOT,_dta_index_RM_LOT_65_686625489__K4_K11_K74_K1_K5_K56_2_3_6_7_8_9_10_12_13_14_15_16_17_19_20_21_23_25_26_27_28_29_30_31_32_33_,NONCLUSTERED,BillCurrency,0,0,0
RM_LOT,_dta_index_RM_LOT_65_686625489__K4_K11_K74_K1_K5_K56_2_3_6_7_8_9_10_12_13_14_15_16_17_19_20_21_23_25_26_27_28_29_30_31_32_33_,NONCLUSTERED,ExchangeRate,0,0,0
RM_LOT,_dta_index_RM_LOT_65_686625489__K4_K11_K74_K1_K5_K56_2_3_6_7_8_9_10_12_13_14_15_16_17_19_20_21_23_25_26_27_28_29_30_31_32_33_,NONCLUSTERED,Comm_Wt,0,0,0
RM_LOT,_dta_index_RM_LOT_65_686625489__K4_K11_K74_K1_K5_K56_2_3_6_7_8_9_10_12_13_14_15_16_17_19_20_21_23_25_26_27_28_29_30_31_32_33_,NONCLUSTERED,ComWt_Flg,0,0,0
RM_LOT,_dta_index_RM_LOT_65_686625489__K4_K11_K74_K1_K5_K56_2_3_6_7_8_9_10_12_13_14_15_16_17_19_20_21_23_25_26_27_28_29_30_31_32_33_,NONCLUSTERED,cgstamt,0,0,0
RM_LOT,_dta_index_RM_LOT_65_686625489__K4_K11_K74_K1_K5_K56_2_3_6_7_8_9_10_12_13_14_15_16_17_19_20_21_23_25_26_27_28_29_30_31_32_33_,NONCLUSTERED,sgstper,0,0,0
RM_LOT,_dta_index_RM_LOT_65_686625489__K4_K11_K74_K1_K5_K56_2_3_6_7_8_9_10_12_13_14_15_16_17_19_20_21_23_25_26_27_28_29_30_31_32_33_,NONCLUSTERED,sgstamt,0,0,0
RM_LOT,_dta_index_RM_LOT_65_686625489__K4_K11_K74_K1_K5_K56_2_3_6_7_8_9_10_12_13_14_15_16_17_19_20_21_23_25_26_27_28_29_30_31_32_33_,NONCLUSTERED,igstper,0,0,0
RM_LOT,_dta_index_RM_LOT_65_686625489__K4_K11_K74_K1_K5_K56_2_3_6_7_8_9_10_12_13_14_15_16_17_19_20_21_23_25_26_27_28_29_30_31_32_33_,NONCLUSTERED,igstamt,0,0,0
RM_LOT,_dta_index_RM_LOT_65_686625489__K4_K11_K74_K1_K5_K56_2_3_6_7_8_9_10_12_13_14_15_16_17_19_20_21_23_25_26_27_28_29_30_31_32_33_,NONCLUSTERED,Line_No,0,0,0
RM_LOT,_dta_index_RM_LOT_65_686625489__K4_K11_K74_K1_K5_K56_2_3_6_7_8_9_10_12_13_14_15_16_17_19_20_21_23_25_26_27_28_29_30_31_32_33_,NONCLUSTERED,favaourablewgt,0,0,0
RM_LOT,_dta_index_RM_LOT_65_686625489__K4_K11_K74_K1_K5_K56_2_3_6_7_8_9_10_12_13_14_15_16_17_19_20_21_23_25_26_27_28_29_30_31_32_33_,NONCLUSTERED,weightflg,0,0,0
RM_LOT,_dta_index_RM_LOT_65_686625489__K4_K11_K74_K1_K5_K56_2_3_6_7_8_9_10_12_13_14_15_16_17_19_20_21_23_25_26_27_28_29_30_31_32_33_,NONCLUSTERED,pinvval,0,0,0
RM_LOT,_dta_index_RM_LOT_65_686625489__K4_K11_K74_K1_K5_K56_2_3_6_7_8_9_10_12_13_14_15_16_17_19_20_21_23_25_26_27_28_29_30_31_32_33_,NONCLUSTERED,SICAAmt,0,0,0
RM_LOT,_dta_index_RM_LOT_65_686625489__K4_K11_K74_K1_K5_K56_2_3_6_7_8_9_10_12_13_14_15_16_17_19_20_21_23_25_26_27_28_29_30_31_32_33_,NONCLUSTERED,HSN,0,0,0
RM_LOT,_dta_index_RM_LOT_65_686625489__K4_K11_K74_K1_K5_K56_2_3_6_7_8_9_10_12_13_14_15_16_17_19_20_21_23_25_26_27_28_29_30_31_32_33_,NONCLUSTERED,cgstper,0,0,0
RM_LOT,_dta_index_RM_LOT_65_686625489__K4_K11_K74_K1_K5_K56_2_3_6_7_8_9_10_12_13_14_15_16_17_19_20_21_23_25_26_27_28_29_30_31_32_33_,NONCLUSTERED,weighbridgewt,0,0,0
RM_LOT,_dta_index_RM_LOT_65_686625489__K4_K11_K74_K1_K5_K56_2_3_6_7_8_9_10_12_13_14_15_16_17_19_20_21_23_25_26_27_28_29_30_31_32_33_,NONCLUSTERED,inwardno,0,0,0
RM_LOT,_dta_index_RM_LOT_65_686625489__K4_K11_K74_K1_K5_K56_2_3_6_7_8_9_10_12_13_14_15_16_17_19_20_21_23_25_26_27_28_29_30_31_32_33_,NONCLUSTERED,inwarddate,0,0,0
RM_LOT,_dta_index_RM_LOT_65_686625489__K4_K11_K74_K1_K5_K56_2_3_6_7_8_9_10_12_13_14_15_16_17_19_20_21_23_25_26_27_28_29_30_31_32_33_,NONCLUSTERED,dutyclaimable,0,0,0
RM_LOT,_dta_index_RM_LOT_65_686625489__K4_K11_K74_K1_K5_K56_2_3_6_7_8_9_10_12_13_14_15_16_17_19_20_21_23_25_26_27_28_29_30_31_32_33_,NONCLUSTERED,OtherTaxableAmt,0,0,0
RM_LOT,_dta_index_RM_LOT_65_686625489__K4_K11_K74_K1_K5_K56_2_3_6_7_8_9_10_12_13_14_15_16_17_19_20_21_23_25_26_27_28_29_30_31_32_33_,NONCLUSTERED,DiscountFlg,0,0,0
RM_LOT,_dta_index_RM_LOT_65_686625489__K4_K11_K74_K1_K5_K56_2_3_6_7_8_9_10_12_13_14_15_16_17_19_20_21_23_25_26_27_28_29_30_31_32_33_,NONCLUSTERED,TradeDisper,0,0,0
RM_LOT,_dta_index_RM_LOT_65_686625489__K4_K11_K74_K1_K5_K56_2_3_6_7_8_9_10_12_13_14_15_16_17_19_20_21_23_25_26_27_28_29_30_31_32_33_,NONCLUSTERED,tradedisamt,0,0,0
RM_LOT,_dta_index_RM_LOT_65_686625489__K4_K11_K74_K1_K5_K56_2_3_6_7_8_9_10_12_13_14_15_16_17_19_20_21_23_25_26_27_28_29_30_31_32_33_,NONCLUSTERED,rebate,0,0,0
RM_LOT,_dta_index_RM_LOT_65_686625489__K4_K11_K74_K1_K5_K56_2_3_6_7_8_9_10_12_13_14_15_16_17_19_20_21_23_25_26_27_28_29_30_31_32_33_,NONCLUSTERED,TAX_CHOICE,0,0,0
RM_LOT,_dta_index_RM_LOT_65_686625489__K4_K11_K74_K1_K5_K56_2_3_6_7_8_9_10_12_13_14_15_16_17_19_20_21_23_25_26_27_28_29_30_31_32_33_,NONCLUSTERED,VCATCD,0,0,0
RM_LOT,_dta_index_RM_LOT_65_686625489__K4_K11_K74_K1_K5_K56_2_3_6_7_8_9_10_12_13_14_15_16_17_19_20_21_23_25_26_27_28_29_30_31_32_33_,NONCLUSTERED,shipchrg,0,0,0
RM_LOT,_dta_index_RM_LOT_65_686625489__K4_K11_K74_K1_K5_K56_2_3_6_7_8_9_10_12_13_14_15_16_17_19_20_21_23_25_26_27_28_29_30_31_32_33_,NONCLUSTERED,ALLOWANCEAMT,0,0,0
RM_LOT,_dta_index_RM_LOT_65_686625489__K4_K11_K74_K1_K5_K56_2_3_6_7_8_9_10_12_13_14_15_16_17_19_20_21_23_25_26_27_28_29_30_31_32_33_,NONCLUSTERED,CUSTOMSDUTYAMT,0,0,0
RM_LOT,_dta_index_RM_LOT_65_686625489__K4_K11_K74_K1_K5_K56_2_3_6_7_8_9_10_12_13_14_15_16_17_19_20_21_23_25_26_27_28_29_30_31_32_33_,NONCLUSTERED,moisture_et,0,0,0
RM_LOT,_dta_index_RM_LOT_65_686625489__K4_K11_K74_K1_K5_K56_2_3_6_7_8_9_10_12_13_14_15_16_17_19_20_21_23_25_26_27_28_29_30_31_32_33_,NONCLUSTERED,awt_flg,0,0,0
RM_LOT,_dta_index_RM_LOT_65_686625489__K4_K11_K74_K1_K5_K56_2_3_6_7_8_9_10_12_13_14_15_16_17_19_20_21_23_25_26_27_28_29_30_31_32_33_,NONCLUSTERED,CashDisper,0,0,0
RM_LOT,_dta_index_RM_LOT_65_686625489__K4_K11_K74_K1_K5_K56_2_3_6_7_8_9_10_12_13_14_15_16_17_19_20_21_23_25_26_27_28_29_30_31_32_33_,NONCLUSTERED,cashdisamt,0,0,0
RM_LOT,_dta_index_RM_LOT_65_686625489__K4_K11_K74_K1_K5_K56_2_3_6_7_8_9_10_12_13_14_15_16_17_19_20_21_23_25_26_27_28_29_30_31_32_33_,NONCLUSTERED,LCINTAMT,0,0,0
RM_LOT,_dta_index_RM_LOT_65_686625489__K4_K11_K74_K1_K5_K56_2_3_6_7_8_9_10_12_13_14_15_16_17_19_20_21_23_25_26_27_28_29_30_31_32_33_,NONCLUSTERED,CHARITYAMT,0,0,0
RM_LOT,_dta_index_RM_LOT_65_686625489__K4_K11_K74_K1_K5_K56_2_3_6_7_8_9_10_12_13_14_15_16_17_19_20_21_23_25_26_27_28_29_30_31_32_33_,NONCLUSTERED,DAMAGEAMT,0,0,0
RM_LOT,_dta_index_RM_LOT_65_686625489__K4_K11_K74_K1_K5_K56_2_3_6_7_8_9_10_12_13_14_15_16_17_19_20_21_23_25_26_27_28_29_30_31_32_33_,NONCLUSTERED,WARPAGEAMT,0,0,0
RM_LOT,_dta_index_RM_LOT_65_686625489__K4_K11_K74_K1_K5_K56_2_3_6_7_8_9_10_12_13_14_15_16_17_19_20_21_23_25_26_27_28_29_30_31_32_33_,NONCLUSTERED,CLEARANCEAMT,0,0,0
RM_LOT,_dta_index_RM_LOT_65_686625489__K4_K11_K74_K1_K5_K56_2_3_6_7_8_9_10_12_13_14_15_16_17_19_20_21_23_25_26_27_28_29_30_31_32_33_,NONCLUSTERED,OTHERSAMT,0,0,0
RM_LOT,_dta_index_RM_LOT_65_686625489__K4_K11_K74_K1_K5_K56_2_3_6_7_8_9_10_12_13_14_15_16_17_19_20_21_23_25_26_27_28_29_30_31_32_33_,NONCLUSTERED,RLYFRTPER,0,0,0
RM_LOT,_dta_index_RM_LOT_65_686625489__K4_K11_K74_K1_K5_K56_2_3_6_7_8_9_10_12_13_14_15_16_17_19_20_21_23_25_26_27_28_29_30_31_32_33_,NONCLUSTERED,RLYFRTAMT,0,0,0
RM_LOT,_dta_index_RM_LOT_65_686625489__K4_K11_K74_K1_K5_K56_2_3_6_7_8_9_10_12_13_14_15_16_17_19_20_21_23_25_26_27_28_29_30_31_32_33_,NONCLUSTERED,INSPER,0,0,0
RM_LOT,_dta_index_RM_LOT_65_686625489__K4_K11_K74_K1_K5_K56_2_3_6_7_8_9_10_12_13_14_15_16_17_19_20_21_23_25_26_27_28_29_30_31_32_33_,NONCLUSTERED,COMMPER,0,0,0
RM_LOT,_dta_index_RM_LOT_65_686625489__K4_K11_K74_K1_K5_K56_2_3_6_7_8_9_10_12_13_14_15_16_17_19_20_21_23_25_26_27_28_29_30_31_32_33_,NONCLUSTERED,COMMAMT,0,0,0
RM_LOT,_dta_index_RM_LOT_65_686625489__K4_K11_K74_K1_K5_K56_2_3_6_7_8_9_10_12_13_14_15_16_17_19_20_21_23_25_26_27_28_29_30_31_32_33_,NONCLUSTERED,LCINTPER,0,0,0
RM_LOT,_dta_index_RM_LOT_65_686625489__K4_K11_K74_K1_K5_K56_2_3_6_7_8_9_10_12_13_14_15_16_17_19_20_21_23_25_26_27_28_29_30_31_32_33_,NONCLUSTERED,SCPER,0,0,0
RM_LOT,_dta_index_RM_LOT_65_686625489__K4_K11_K74_K1_K5_K56_2_3_6_7_8_9_10_12_13_14_15_16_17_19_20_21_23_25_26_27_28_29_30_31_32_33_,NONCLUSTERED,SCAMT,0,0,0
RM_LOT,_dta_index_RM_LOT_65_686625489__K4_K11_K74_K1_K5_K56_2_3_6_7_8_9_10_12_13_14_15_16_17_19_20_21_23_25_26_27_28_29_30_31_32_33_,NONCLUSTERED,OTHTAXPER,0,0,0
RM_LOT,_dta_index_RM_LOT_65_686625489__K4_K11_K74_K1_K5_K56_2_3_6_7_8_9_10_12_13_14_15_16_17_19_20_21_23_25_26_27_28_29_30_31_32_33_,NONCLUSTERED,OTHTAXAMT,0,0,0
RM_LOT,_dta_index_RM_LOT_65_686625489__K4_K11_K74_K1_K5_K56_2_3_6_7_8_9_10_12_13_14_15_16_17_19_20_21_23_25_26_27_28_29_30_31_32_33_,NONCLUSTERED,LRFRTPER,0,0,0
RM_LOT,_dta_index_RM_LOT_65_686625489__K4_K11_K74_K1_K5_K56_2_3_6_7_8_9_10_12_13_14_15_16_17_19_20_21_23_25_26_27_28_29_30_31_32_33_,NONCLUSTERED,LRFRTAMT,0,0,0
RM_LOT,_dta_index_RM_LOT_65_686625489__K4_K11_K74_K1_K5_K56_2_3_6_7_8_9_10_12_13_14_15_16_17_19_20_21_23_25_26_27_28_29_30_31_32_33_,NONCLUSTERED,OCTROIAMT,0,0,0
RM_LOT,_dta_index_RM_LOT_65_686625489__K4_K11_K74_K1_K5_K56_2_3_6_7_8_9_10_12_13_14_15_16_17_19_20_21_23_25_26_27_28_29_30_31_32_33_,NONCLUSTERED,VATPER,0,0,0
RM_LOT,_dta_index_RM_LOT_65_686625489__K4_K11_K74_K1_K5_K56_2_3_6_7_8_9_10_12_13_14_15_16_17_19_20_21_23_25_26_27_28_29_30_31_32_33_,NONCLUSTERED,CSTPER,0,0,0
RM_LOT,_dta_index_RM_LOT_65_686625489__K4_K11_K74_K1_K5_K56_2_3_6_7_8_9_10_12_13_14_15_16_17_19_20_21_23_25_26_27_28_29_30_31_32_33_,NONCLUSTERED,CSTAMT,0,0,0
RM_LOT,_dta_index_RM_LOT_65_686625489__K4_K11_K74_K1_K5_K56_2_3_6_7_8_9_10_12_13_14_15_16_17_19_20_21_23_25_26_27_28_29_30_31_32_33_,NONCLUSTERED,TNGSTPER,0,0,0
RM_LOT,_dta_index_RM_LOT_65_686625489__K4_K11_K74_K1_K5_K56_2_3_6_7_8_9_10_12_13_14_15_16_17_19_20_21_23_25_26_27_28_29_30_31_32_33_,NONCLUSTERED,TNGSTAMT,0,0,0
RM_LOT,_dta_index_RM_LOT_65_686625489__K4_K11_K74_K1_K5_K56_2_3_6_7_8_9_10_12_13_14_15_16_17_19_20_21_23_25_26_27_28_29_30_31_32_33_,NONCLUSTERED,SEDPER,0,0,0
RM_LOT,_dta_index_RM_LOT_65_686625489__K4_K11_K74_K1_K5_K56_2_3_6_7_8_9_10_12_13_14_15_16_17_19_20_21_23_25_26_27_28_29_30_31_32_33_,NONCLUSTERED,SEDAMT,0,0,0
RM_LOT,_dta_index_RM_LOT_65_686625489__K4_K11_K74_K1_K5_K56_2_3_6_7_8_9_10_12_13_14_15_16_17_19_20_21_23_25_26_27_28_29_30_31_32_33_,NONCLUSTERED,AEDPER,0,0,0
RM_LOT,_dta_index_RM_LOT_65_686625489__K4_K11_K74_K1_K5_K56_2_3_6_7_8_9_10_12_13_14_15_16_17_19_20_21_23_25_26_27_28_29_30_31_32_33_,NONCLUSTERED,CESSPER,0,0,0
RM_LOT,_dta_index_RM_LOT_65_686625489__K4_K11_K74_K1_K5_K56_2_3_6_7_8_9_10_12_13_14_15_16_17_19_20_21_23_25_26_27_28_29_30_31_32_33_,NONCLUSTERED,CESSAMT,0,0,0
RM_LOT,_dta_index_RM_LOT_65_686625489__K4_K11_K74_K1_K5_K56_2_3_6_7_8_9_10_12_13_14_15_16_17_19_20_21_23_25_26_27_28_29_30_31_32_33_,NONCLUSTERED,OCTROIPER,0,0,0
RM_LOT,_dta_index_RM_LOT_65_686625489__K4_K11_K74_K1_K5_K56_2_3_6_7_8_9_10_12_13_14_15_16_17_19_20_21_23_25_26_27_28_29_30_31_32_33_,NONCLUSTERED,PTAREWT,0,0,0
RM_LOT,_dta_index_RM_LOT_65_686625489__K4_K11_K74_K1_K5_K56_2_3_6_7_8_9_10_12_13_14_15_16_17_19_20_21_23_25_26_27_28_29_30_31_32_33_,NONCLUSTERED,PNETWT,0,0,0
RM_LOT,_dta_index_RM_LOT_65_686625489__K4_K11_K74_K1_K5_K56_2_3_6_7_8_9_10_12_13_14_15_16_17_19_20_21_23_25_26_27_28_29_30_31_32_33_,NONCLUSTERED,Tax_code,0,0,0
RM_LOT,_dta_index_RM_LOT_65_686625489__K4_K11_K74_K1_K5_K56_2_3_6_7_8_9_10_12_13_14_15_16_17_19_20_21_23_25_26_27_28_29_30_31_32_33_,NONCLUSTERED,VATAMT,0,0,0
RM_LOT,_dta_index_RM_LOT_65_686625489__K4_K11_K74_K1_K5_K56_2_3_6_7_8_9_10_12_13_14_15_16_17_19_20_21_23_25_26_27_28_29_30_31_32_33_,NONCLUSTERED,COLORCODE,0,0,0
RM_LOT,_dta_index_RM_LOT_65_686625489__K4_K11_K74_K1_K5_K56_2_3_6_7_8_9_10_12_13_14_15_16_17_19_20_21_23_25_26_27_28_29_30_31_32_33_,NONCLUSTERED,BEDPER,0,0,0
RM_LOT,_dta_index_RM_LOT_65_686625489__K4_K11_K74_K1_K5_K56_2_3_6_7_8_9_10_12_13_14_15_16_17_19_20_21_23_25_26_27_28_29_30_31_32_33_,NONCLUSTERED,PTYPE,0,0,0
RM_LOT,_dta_index_RM_LOT_65_686625489__K4_K11_K74_K1_K5_K56_2_3_6_7_8_9_10_12_13_14_15_16_17_19_20_21_23_25_26_27_28_29_30_31_32_33_,NONCLUSTERED,RG23A,0,0,0
RM_LOT,_dta_index_RM_LOT_65_686625489__K4_K11_K74_K1_K5_K56_2_3_6_7_8_9_10_12_13_14_15_16_17_19_20_21_23_25_26_27_28_29_30_31_32_33_,NONCLUSTERED,PLOTNO,0,0,0
RM_LOT,_dta_index_RM_LOT_65_686625489__K4_K11_K74_K1_K5_K56_2_3_6_7_8_9_10_12_13_14_15_16_17_19_20_21_23_25_26_27_28_29_30_31_32_33_,NONCLUSTERED,ARRDT,0,0,0
RM_LOT,_dta_index_RM_LOT_65_686625489__K4_K11_K74_K1_K5_K56_2_3_6_7_8_9_10_12_13_14_15_16_17_19_20_21_23_25_26_27_28_29_30_31_32_33_,NONCLUSTERED,REJFLG,0,0,0
RM_LOT,_dta_index_RM_LOT_65_686625489__K4_K11_K74_K1_K5_K56_2_3_6_7_8_9_10_12_13_14_15_16_17_19_20_21_23_25_26_27_28_29_30_31_32_33_,NONCLUSTERED,PGRSWT,0,0,0
RM_LOT,_dta_index_RM_LOT_65_686625489__K4_K11_K74_K1_K5_K56_2_3_6_7_8_9_10_12_13_14_15_16_17_19_20_21_23_25_26_27_28_29_30_31_32_33_,NONCLUSTERED,RATEKG,0,0,0
RM_LOT,_dta_index_RM_LOT_65_686625489__K4_K11_K74_K1_K5_K56_2_3_6_7_8_9_10_12_13_14_15_16_17_19_20_21_23_25_26_27_28_29_30_31_32_33_,NONCLUSTERED,RATECY,0,0,0
RM_LOT,_dta_index_RM_LOT_65_686625489__K4_K11_K74_K1_K5_K56_2_3_6_7_8_9_10_12_13_14_15_16_17_19_20_21_23_25_26_27_28_29_30_31_32_33_,NONCLUSTERED,GODOWN,0,0,0
RM_LOT,_dta_index_RM_LOT_65_686625489__K4_K11_K74_K1_K5_K56_2_3_6_7_8_9_10_12_13_14_15_16_17_19_20_21_23_25_26_27_28_29_30_31_32_33_,NONCLUSTERED,LGROUP,0,0,0
RM_LOT,_dta_index_RM_LOT_65_686625489__K4_K11_K74_K1_K5_K56_2_3_6_7_8_9_10_12_13_14_15_16_17_19_20_21_23_25_26_27_28_29_30_31_32_33_,NONCLUSTERED,PJTC,0,0,0
RM_LOT,_dta_index_RM_LOT_65_686625489__K4_K11_K74_K1_K5_K56_2_3_6_7_8_9_10_12_13_14_15_16_17_19_20_21_23_25_26_27_28_29_30_31_32_33_,NONCLUSTERED,PJAMT,0,0,0
RM_LOT,_dta_index_RM_LOT_65_686625489__K4_K11_K74_K1_K5_K56_2_3_6_7_8_9_10_12_13_14_15_16_17_19_20_21_23_25_26_27_28_29_30_31_32_33_,NONCLUSTERED,GRSWGT,0,0,0
RM_LOT,_dta_index_RM_LOT_65_686625489__K4_K11_K74_K1_K5_K56_2_3_6_7_8_9_10_12_13_14_15_16_17_19_20_21_23_25_26_27_28_29_30_31_32_33_,NONCLUSTERED,TAREWT,0,0,0
RM_LOT,_dta_index_RM_LOT_65_686625489__K4_K11_K74_K1_K5_K56_2_3_6_7_8_9_10_12_13_14_15_16_17_19_20_21_23_25_26_27_28_29_30_31_32_33_,NONCLUSTERED,SAMPWT,0,0,0
RM_LOT,_dta_index_RM_LOT_65_686625489__K4_K11_K74_K1_K5_K56_2_3_6_7_8_9_10_12_13_14_15_16_17_19_20_21_23_25_26_27_28_29_30_31_32_33_,NONCLUSTERED,NETWT,0,0,0
RM_LOT,_dta_index_RM_LOT_65_686625489__K4_K11_K74_K1_K5_K56_2_3_6_7_8_9_10_12_13_14_15_16_17_19_20_21_23_25_26_27_28_29_30_31_32_33_,NONCLUSTERED,BBLFLG,0,0,0
RM_LOT,_dta_index_RM_LOT_65_686625489__K4_K11_K74_K1_K5_K56_2_3_6_7_8_9_10_12_13_14_15_16_17_19_20_21_23_25_26_27_28_29_30_31_32_33_,NONCLUSTERED,BALES,0,0,0
RM_LOT,_dta_index_RM_LOT_65_686625489__K4_K11_K74_K1_K5_K56_2_3_6_7_8_9_10_12_13_14_15_16_17_19_20_21_23_25_26_27_28_29_30_31_32_33_,NONCLUSTERED,DNAMT2,0,0,0
RM_LOT,_dta_index_RM_LOT_65_686625489__K4_K11_K74_K1_K5_K56_2_3_6_7_8_9_10_12_13_14_15_16_17_19_20_21_23_25_26_27_28_29_30_31_32_33_,NONCLUSTERED,SPOTEXP,0,0,0
RM_LOT,_dta_index_RM_LOT_65_686625489__K4_K11_K74_K1_K5_K56_2_3_6_7_8_9_10_12_13_14_15_16_17_19_20_21_23_25_26_27_28_29_30_31_32_33_,NONCLUSTERED,INSAMT,0,0,0
RM_LOT,_dta_index_RM_LOT_65_686625489__K4_K11_K74_K1_K5_K56_2_3_6_7_8_9_10_12_13_14_15_16_17_19_20_21_23_25_26_27_28_29_30_31_32_33_,NONCLUSTERED,BEDAMT,0,0,0
RM_LOT,_dta_index_RM_LOT_65_686625489__K4_K11_K74_K1_K5_K56_2_3_6_7_8_9_10_12_13_14_15_16_17_19_20_21_23_25_26_27_28_29_30_31_32_33_,NONCLUSTERED,AEDAMT,0,0,0
RM_LOT,_dta_index_RM_LOT_65_686625489__K4_K11_K74_K1_K5_K56_2_3_6_7_8_9_10_12_13_14_15_16_17_19_20_21_23_25_26_27_28_29_30_31_32_33_,NONCLUSTERED,TOTLANDCOST,0,0,0
RM_LOT,_dta_index_RM_LOT_65_686625489__K4_K11_K74_K1_K5_K56_2_3_6_7_8_9_10_12_13_14_15_16_17_19_20_21_23_25_26_27_28_29_30_31_32_33_,NONCLUSTERED,ODINT,0,0,0
RM_LOT,_dta_index_RM_LOT_65_686625489__K4_K11_K74_K1_K5_K56_2_3_6_7_8_9_10_12_13_14_15_16_17_19_20_21_23_25_26_27_28_29_30_31_32_33_,NONCLUSTERED,FREGHT,0,0,0
RM_LOT,_dta_index_RM_LOT_65_686625489__K4_K11_K74_K1_K5_K56_2_3_6_7_8_9_10_12_13_14_15_16_17_19_20_21_23_25_26_27_28_29_30_31_32_33_,NONCLUSTERED,RLYFRT,0,0,0
RM_LOT,_dta_index_RM_LOT_65_686625489__K4_K11_K74_K1_K5_K56_2_3_6_7_8_9_10_12_13_14_15_16_17_19_20_21_23_25_26_27_28_29_30_31_32_33_,NONCLUSTERED,LDGULG,0,0,0
RM_LOT,_dta_index_RM_LOT_65_686625489__K4_K11_K74_K1_K5_K56_2_3_6_7_8_9_10_12_13_14_15_16_17_19_20_21_23_25_26_27_28_29_30_31_32_33_,NONCLUSTERED,BRKCOM,0,0,0
RM_LOT,_dta_index_RM_LOT_65_686625489__K4_K11_K74_K1_K5_K56_2_3_6_7_8_9_10_12_13_14_15_16_17_19_20_21_23_25_26_27_28_29_30_31_32_33_,NONCLUSTERED,DNAMT1,0,0,0
RM_LOT,_dta_index_RM_LOT_65_686625489__K4_K11_K74_K1_K5_K56_2_3_6_7_8_9_10_12_13_14_15_16_17_19_20_21_23_25_26_27_28_29_30_31_32_33_,NONCLUSTERED,CNTCODE,0,0,0
RM_LOT,_dta_index_RM_LOT_65_686625489__K4_K11_K74_K1_K5_K56_2_3_6_7_8_9_10_12_13_14_15_16_17_19_20_21_23_25_26_27_28_29_30_31_32_33_,NONCLUSTERED,BILLNO,0,0,0
RM_LOT,_dta_index_RM_LOT_65_686625489__K4_K11_K74_K1_K5_K56_2_3_6_7_8_9_10_12_13_14_15_16_17_19_20_21_23_25_26_27_28_29_30_31_32_33_,NONCLUSTERED,BILLDT,0,0,0
RM_LOT,_dta_index_RM_LOT_65_686625489__K4_K11_K74_K1_K5_K56_2_3_6_7_8_9_10_12_13_14_15_16_17_19_20_21_23_25_26_27_28_29_30_31_32_33_,NONCLUSTERED,PTYWGT,0,0,0
RM_LOT,_dta_index_RM_LOT_65_686625489__K4_K11_K74_K1_K5_K56_2_3_6_7_8_9_10_12_13_14_15_16_17_19_20_21_23_25_26_27_28_29_30_31_32_33_,NONCLUSTERED,TAXAMT,0,0,0
RM_LOT,_dta_index_RM_LOT_65_686625489__K4_K11_K74_K1_K5_K56_2_3_6_7_8_9_10_12_13_14_15_16_17_19_20_21_23_25_26_27_28_29_30_31_32_33_,NONCLUSTERED,BNKCHG,0,0,0
RM_LOT,_dta_index_RM_LOT_65_686625489__K4_K11_K74_K1_K5_K56_2_3_6_7_8_9_10_12_13_14_15_16_17_19_20_21_23_25_26_27_28_29_30_31_32_33_,NONCLUSTERED,CATCD,0,0,0
RM_LOT,_dta_index_RM_LOT_65_686625489__K4_K11_K74_K1_K5_K56_2_3_6_7_8_9_10_12_13_14_15_16_17_19_20_21_23_25_26_27_28_29_30_31_32_33_,NONCLUSTERED,LOTNO,0,0,0
RM_LOT,_dta_index_RM_LOT_65_686625489__K4_K11_K74_K1_K5_K56_2_3_6_7_8_9_10_12_13_14_15_16_17_19_20_21_23_25_26_27_28_29_30_31_32_33_,NONCLUSTERED,SUPCD,0,0,0
RM_LOT,_dta_index_RM_LOT_65_686625489__K4_K11_K74_K1_K5_K56_2_3_6_7_8_9_10_12_13_14_15_16_17_19_20_21_23_25_26_27_28_29_30_31_32_33_,NONCLUSTERED,BRKCD,0,0,0
RM_LOT,_dta_index_RM_LOT_65_686625489__K4_K11_K74_K1_K5_K56_2_3_6_7_8_9_10_12_13_14_15_16_17_19_20_21_23_25_26_27_28_29_30_31_32_33_,NONCLUSTERED,AREACD,0,0,0
RM_LOT,_dta_index_RM_LOT_65_686625489__K4_K11_K74_K1_K5_K56_2_3_6_7_8_9_10_12_13_14_15_16_17_19_20_21_23_25_26_27_28_29_30_31_32_33_,NONCLUSTERED,VARCODE,0,0,0
RM_LOT,_dta_index_RM_LOT_65_686625489__K4_K11_K74_K1_K5_K56_2_3_6_7_8_9_10_12_13_14_15_16_17_19_20_21_23_25_26_27_28_29_30_31_32_33_,NONCLUSTERED,LOTDT,1,0,0
RM_LOT,_dta_index_RM_LOT_65_686625489__K4_K11_K74_K1_K5_K56_2_3_6_7_8_9_10_12_13_14_15_16_17_19_20_21_23_25_26_27_28_29_30_31_32_33_,NONCLUSTERED,ARRNO,2,0,0
RM_LOT,_dta_index_RM_LOT_65_686625489__K4_K11_K74_K1_K5_K56_2_3_6_7_8_9_10_12_13_14_15_16_17_19_20_21_23_25_26_27_28_29_30_31_32_33_,NONCLUSTERED,LOTYEAR,3,0,0
RM_LOT,_dta_index_RM_LOT_65_686625489__K4_K11_K74_K1_K5_K56_2_3_6_7_8_9_10_12_13_14_15_16_17_19_20_21_23_25_26_27_28_29_30_31_32_33_,NONCLUSTERED,DIVCODE,4,0,0
RM_LOT,_dta_index_RM_LOT_65_686625489__K4_K11_K74_K1_K5_K56_2_3_6_7_8_9_10_12_13_14_15_16_17_19_20_21_23_25_26_27_28_29_30_31_32_33_,NONCLUSTERED,LOTTYPE,5,0,0
RM_LOT,_dta_index_RM_LOT_65_686625489__K4_K11_K74_K1_K5_K56_2_3_6_7_8_9_10_12_13_14_15_16_17_19_20_21_23_25_26_27_28_29_30_31_32_33_,NONCLUSTERED,OPFLG,6,0,0
RM_LOT,_dta_index_RM_LOT_65_686625489__K4_K3_K74_K1_K2_K9_K5_K11,NONCLUSTERED,LOTDT,1,0,0
RM_LOT,_dta_index_RM_LOT_65_686625489__K4_K3_K74_K1_K2_K9_K5_K11,NONCLUSTERED,LOTNO,2,0,0
RM_LOT,_dta_index_RM_LOT_65_686625489__K4_K3_K74_K1_K2_K9_K5_K11,NONCLUSTERED,LOTYEAR,3,0,0
RM_LOT,_dta_index_RM_LOT_65_686625489__K4_K3_K74_K1_K2_K9_K5_K11,NONCLUSTERED,DIVCODE,4,0,0
RM_LOT,_dta_index_RM_LOT_65_686625489__K4_K3_K74_K1_K2_K9_K5_K11,NONCLUSTERED,CATCD,5,0,0
RM_LOT,_dta_index_RM_LOT_65_686625489__K4_K3_K74_K1_K2_K9_K5_K11,NONCLUSTERED,VARCODE,6,0,0
RM_LOT,_dta_index_RM_LOT_65_686625489__K4_K3_K74_K1_K2_K9_K5_K11,NONCLUSTERED,LOTTYPE,7,0,0
RM_LOT,_dta_index_RM_LOT_65_686625489__K4_K3_K74_K1_K2_K9_K5_K11,NONCLUSTERED,ARRNO,8,0,0
RM_LOT,_dta_index_RM_LOT_65_686625489__K49_K50_K48_K6_K101_K228_K94_K95_K226_K52_K7_K302_K1_K5_K56_2_3_4_9_23_25_28_29_30_37_38_51_74_,NONCLUSTERED,addtaxper,0,0,0
RM_LOT,_dta_index_RM_LOT_65_686625489__K49_K50_K48_K6_K101_K228_K94_K95_K226_K52_K7_K302_K1_K5_K56_2_3_4_9_23_25_28_29_30_37_38_51_74_,NONCLUSTERED,addtaxamount,0,0,0
RM_LOT,_dta_index_RM_LOT_65_686625489__K49_K50_K48_K6_K101_K228_K94_K95_K226_K52_K7_K302_K1_K5_K56_2_3_4_9_23_25_28_29_30_37_38_51_74_,NONCLUSTERED,favaourablewgt,0,0,0
RM_LOT,_dta_index_RM_LOT_65_686625489__K49_K50_K48_K6_K101_K228_K94_K95_K226_K52_K7_K302_K1_K5_K56_2_3_4_9_23_25_28_29_30_37_38_51_74_,NONCLUSTERED,CUSTOMSDUTYAMT,0,0,0
RM_LOT,_dta_index_RM_LOT_65_686625489__K49_K50_K48_K6_K101_K228_K94_K95_K226_K52_K7_K302_K1_K5_K56_2_3_4_9_23_25_28_29_30_37_38_51_74_,NONCLUSTERED,CashDisper,0,0,0
RM_LOT,_dta_index_RM_LOT_65_686625489__K49_K50_K48_K6_K101_K228_K94_K95_K226_K52_K7_K302_K1_K5_K56_2_3_4_9_23_25_28_29_30_37_38_51_74_,NONCLUSTERED,cashdisamt,0,0,0
RM_LOT,_dta_index_RM_LOT_65_686625489__K49_K50_K48_K6_K101_K228_K94_K95_K226_K52_K7_K302_K1_K5_K56_2_3_4_9_23_25_28_29_30_37_38_51_74_,NONCLUSTERED,TradeDisper,0,0,0
RM_LOT,_dta_index_RM_LOT_65_686625489__K49_K50_K48_K6_K101_K228_K94_K95_K226_K52_K7_K302_K1_K5_K56_2_3_4_9_23_25_28_29_30_37_38_51_74_,NONCLUSTERED,tradedisamt,0,0,0
RM_LOT,_dta_index_RM_LOT_65_686625489__K49_K50_K48_K6_K101_K228_K94_K95_K226_K52_K7_K302_K1_K5_K56_2_3_4_9_23_25_28_29_30_37_38_51_74_,NONCLUSTERED,OtherTaxableAmt,0,0,0
RM_LOT,_dta_index_RM_LOT_65_686625489__K49_K50_K48_K6_K101_K228_K94_K95_K226_K52_K7_K302_K1_K5_K56_2_3_4_9_23_25_28_29_30_37_38_51_74_,NONCLUSTERED,LCINTPER,0,0,0
RM_LOT,_dta_index_RM_LOT_65_686625489__K49_K50_K48_K6_K101_K228_K94_K95_K226_K52_K7_K302_K1_K5_K56_2_3_4_9_23_25_28_29_30_37_38_51_74_,NONCLUSTERED,LCINTAMT,0,0,0
RM_LOT,_dta_index_RM_LOT_65_686625489__K49_K50_K48_K6_K101_K228_K94_K95_K226_K52_K7_K302_K1_K5_K56_2_3_4_9_23_25_28_29_30_37_38_51_74_,NONCLUSTERED,CHARITYAMT,0,0,0
RM_LOT,_dta_index_RM_LOT_65_686625489__K49_K50_K48_K6_K101_K228_K94_K95_K226_K52_K7_K302_K1_K5_K56_2_3_4_9_23_25_28_29_30_37_38_51_74_,NONCLUSTERED,DAMAGEAMT,0,0,0
RM_LOT,_dta_index_RM_LOT_65_686625489__K49_K50_K48_K6_K101_K228_K94_K95_K226_K52_K7_K302_K1_K5_K56_2_3_4_9_23_25_28_29_30_37_38_51_74_,NONCLUSTERED,CLEARANCEAMT,0,0,0
RM_LOT,_dta_index_RM_LOT_65_686625489__K49_K50_K48_K6_K101_K228_K94_K95_K226_K52_K7_K302_K1_K5_K56_2_3_4_9_23_25_28_29_30_37_38_51_74_,NONCLUSTERED,OTHERSAMT,0,0,0
RM_LOT,_dta_index_RM_LOT_65_686625489__K49_K50_K48_K6_K101_K228_K94_K95_K226_K52_K7_K302_K1_K5_K56_2_3_4_9_23_25_28_29_30_37_38_51_74_,NONCLUSTERED,LRFRTAMT,0,0,0
RM_LOT,_dta_index_RM_LOT_65_686625489__K49_K50_K48_K6_K101_K228_K94_K95_K226_K52_K7_K302_K1_K5_K56_2_3_4_9_23_25_28_29_30_37_38_51_74_,NONCLUSTERED,RLYFRTPER,0,0,0
RM_LOT,_dta_index_RM_LOT_65_686625489__K49_K50_K48_K6_K101_K228_K94_K95_K226_K52_K7_K302_K1_K5_K56_2_3_4_9_23_25_28_29_30_37_38_51_74_,NONCLUSTERED,RLYFRTAMT,0,0,0
RM_LOT,_dta_index_RM_LOT_65_686625489__K49_K50_K48_K6_K101_K228_K94_K95_K226_K52_K7_K302_K1_K5_K56_2_3_4_9_23_25_28_29_30_37_38_51_74_,NONCLUSTERED,INSPER,0,0,0
RM_LOT,_dta_index_RM_LOT_65_686625489__K49_K50_K48_K6_K101_K228_K94_K95_K226_K52_K7_K302_K1_K5_K56_2_3_4_9_23_25_28_29_30_37_38_51_74_,NONCLUSTERED,COMMPER,0,0,0
RM_LOT,_dta_index_RM_LOT_65_686625489__K49_K50_K48_K6_K101_K228_K94_K95_K226_K52_K7_K302_K1_K5_K56_2_3_4_9_23_25_28_29_30_37_38_51_74_,NONCLUSTERED,COMMAMT,0,0,0
RM_LOT,_dta_index_RM_LOT_65_686625489__K49_K50_K48_K6_K101_K228_K94_K95_K226_K52_K7_K302_K1_K5_K56_2_3_4_9_23_25_28_29_30_37_38_51_74_,NONCLUSTERED,CESSAMT,0,0,0
RM_LOT,_dta_index_RM_LOT_65_686625489__K49_K50_K48_K6_K101_K228_K94_K95_K226_K52_K7_K302_K1_K5_K56_2_3_4_9_23_25_28_29_30_37_38_51_74_,NONCLUSTERED,CSTPER,0,0,0
RM_LOT,_dta_index_RM_LOT_65_686625489__K49_K50_K48_K6_K101_K228_K94_K95_K226_K52_K7_K302_K1_K5_K56_2_3_4_9_23_25_28_29_30_37_38_51_74_,NONCLUSTERED,CSTAMT,0,0,0
RM_LOT,_dta_index_RM_LOT_65_686625489__K49_K50_K48_K6_K101_K228_K94_K95_K226_K52_K7_K302_K1_K5_K56_2_3_4_9_23_25_28_29_30_37_38_51_74_,NONCLUSTERED,OTHTAXPER,0,0,0
RM_LOT,_dta_index_RM_LOT_65_686625489__K49_K50_K48_K6_K101_K228_K94_K95_K226_K52_K7_K302_K1_K5_K56_2_3_4_9_23_25_28_29_30_37_38_51_74_,NONCLUSTERED,OTHTAXAMT,0,0,0
RM_LOT,_dta_index_RM_LOT_65_686625489__K49_K50_K48_K6_K101_K228_K94_K95_K226_K52_K7_K302_K1_K5_K56_2_3_4_9_23_25_28_29_30_37_38_51_74_,NONCLUSTERED,LRFRTPER,0,0,0
RM_LOT,_dta_index_RM_LOT_65_686625489__K49_K50_K48_K6_K101_K228_K94_K95_K226_K52_K7_K302_K1_K5_K56_2_3_4_9_23_25_28_29_30_37_38_51_74_,NONCLUSTERED,VATAMT,0,0,0
RM_LOT,_dta_index_RM_LOT_65_686625489__K49_K50_K48_K6_K101_K228_K94_K95_K226_K52_K7_K302_K1_K5_K56_2_3_4_9_23_25_28_29_30_37_38_51_74_,NONCLUSTERED,BEDPER,0,0,0
RM_LOT,_dta_index_RM_LOT_65_686625489__K49_K50_K48_K6_K101_K228_K94_K95_K226_K52_K7_K302_K1_K5_K56_2_3_4_9_23_25_28_29_30_37_38_51_74_,NONCLUSTERED,SEDPER,0,0,0
RM_LOT,_dta_index_RM_LOT_65_686625489__K49_K50_K48_K6_K101_K228_K94_K95_K226_K52_K7_K302_K1_K5_K56_2_3_4_9_23_25_28_29_30_37_38_51_74_,NONCLUSTERED,SEDAMT,0,0,0
RM_LOT,_dta_index_RM_LOT_65_686625489__K49_K50_K48_K6_K101_K228_K94_K95_K226_K52_K7_K302_K1_K5_K56_2_3_4_9_23_25_28_29_30_37_38_51_74_,NONCLUSTERED,AEDPER,0,0,0
RM_LOT,_dta_index_RM_LOT_65_686625489__K49_K50_K48_K6_K101_K228_K94_K95_K226_K52_K7_K302_K1_K5_K56_2_3_4_9_23_25_28_29_30_37_38_51_74_,NONCLUSTERED,CESSPER,0,0,0
RM_LOT,_dta_index_RM_LOT_65_686625489__K49_K50_K48_K6_K101_K228_K94_K95_K226_K52_K7_K302_K1_K5_K56_2_3_4_9_23_25_28_29_30_37_38_51_74_,NONCLUSTERED,RATEKG,0,0,0
RM_LOT,_dta_index_RM_LOT_65_686625489__K49_K50_K48_K6_K101_K228_K94_K95_K226_K52_K7_K302_K1_K5_K56_2_3_4_9_23_25_28_29_30_37_38_51_74_,NONCLUSTERED,PJAMT,0,0,0
RM_LOT,_dta_index_RM_LOT_65_686625489__K49_K50_K48_K6_K101_K228_K94_K95_K226_K52_K7_K302_K1_K5_K56_2_3_4_9_23_25_28_29_30_37_38_51_74_,NONCLUSTERED,LOTYEAR,0,0,0
RM_LOT,_dta_index_RM_LOT_65_686625489__K49_K50_K48_K6_K101_K228_K94_K95_K226_K52_K7_K302_K1_K5_K56_2_3_4_9_23_25_28_29_30_37_38_51_74_,NONCLUSTERED,FBILLVALUE,0,0,0
RM_LOT,_dta_index_RM_LOT_65_686625489__K49_K50_K48_K6_K101_K228_K94_K95_K226_K52_K7_K302_K1_K5_K56_2_3_4_9_23_25_28_29_30_37_38_51_74_,NONCLUSTERED,adjvalue,0,0,0
RM_LOT,_dta_index_RM_LOT_65_686625489__K49_K50_K48_K6_K101_K228_K94_K95_K226_K52_K7_K302_K1_K5_K56_2_3_4_9_23_25_28_29_30_37_38_51_74_,NONCLUSTERED,tax_per,0,0,0
RM_LOT,_dta_index_RM_LOT_65_686625489__K49_K50_K48_K6_K101_K228_K94_K95_K226_K52_K7_K302_K1_K5_K56_2_3_4_9_23_25_28_29_30_37_38_51_74_,NONCLUSTERED,BRKCOM,0,0,0
RM_LOT,_dta_index_RM_LOT_65_686625489__K49_K50_K48_K6_K101_K228_K94_K95_K226_K52_K7_K302_K1_K5_K56_2_3_4_9_23_25_28_29_30_37_38_51_74_,NONCLUSTERED,DNAMT1,0,0,0
RM_LOT,_dta_index_RM_LOT_65_686625489__K49_K50_K48_K6_K101_K228_K94_K95_K226_K52_K7_K302_K1_K5_K56_2_3_4_9_23_25_28_29_30_37_38_51_74_,NONCLUSTERED,INSAMT,0,0,0
RM_LOT,_dta_index_RM_LOT_65_686625489__K49_K50_K48_K6_K101_K228_K94_K95_K226_K52_K7_K302_K1_K5_K56_2_3_4_9_23_25_28_29_30_37_38_51_74_,NONCLUSTERED,BEDAMT,0,0,0
RM_LOT,_dta_index_RM_LOT_65_686625489__K49_K50_K48_K6_K101_K228_K94_K95_K226_K52_K7_K302_K1_K5_K56_2_3_4_9_23_25_28_29_30_37_38_51_74_,NONCLUSTERED,AEDAMT,0,0,0
RM_LOT,_dta_index_RM_LOT_65_686625489__K49_K50_K48_K6_K101_K228_K94_K95_K226_K52_K7_K302_K1_K5_K56_2_3_4_9_23_25_28_29_30_37_38_51_74_,NONCLUSTERED,BALES,0,0,0
RM_LOT,_dta_index_RM_LOT_65_686625489__K49_K50_K48_K6_K101_K228_K94_K95_K226_K52_K7_K302_K1_K5_K56_2_3_4_9_23_25_28_29_30_37_38_51_74_,NONCLUSTERED,CATCD,0,0,0
RM_LOT,_dta_index_RM_LOT_65_686625489__K49_K50_K48_K6_K101_K228_K94_K95_K226_K52_K7_K302_K1_K5_K56_2_3_4_9_23_25_28_29_30_37_38_51_74_,NONCLUSTERED,LOTNO,0,0,0
RM_LOT,_dta_index_RM_LOT_65_686625489__K49_K50_K48_K6_K101_K228_K94_K95_K226_K52_K7_K302_K1_K5_K56_2_3_4_9_23_25_28_29_30_37_38_51_74_,NONCLUSTERED,LOTDT,0,0,0
RM_LOT,_dta_index_RM_LOT_65_686625489__K49_K50_K48_K6_K101_K228_K94_K95_K226_K52_K7_K302_K1_K5_K56_2_3_4_9_23_25_28_29_30_37_38_51_74_,NONCLUSTERED,VARCODE,0,0,0
RM_LOT,_dta_index_RM_LOT_65_686625489__K49_K50_K48_K6_K101_K228_K94_K95_K226_K52_K7_K302_K1_K5_K56_2_3_4_9_23_25_28_29_30_37_38_51_74_,NONCLUSTERED,PJNO,1,0,0
RM_LOT,_dta_index_RM_LOT_65_686625489__K49_K50_K48_K6_K101_K228_K94_K95_K226_K52_K7_K302_K1_K5_K56_2_3_4_9_23_25_28_29_30_37_38_51_74_,NONCLUSTERED,PJDT,2,0,0
RM_LOT,_dta_index_RM_LOT_65_686625489__K49_K50_K48_K6_K101_K228_K94_K95_K226_K52_K7_K302_K1_K5_K56_2_3_4_9_23_25_28_29_30_37_38_51_74_,NONCLUSTERED,PJTC,3,0,0
RM_LOT,_dta_index_RM_LOT_65_686625489__K49_K50_K48_K6_K101_K228_K94_K95_K226_K52_K7_K302_K1_K5_K56_2_3_4_9_23_25_28_29_30_37_38_51_74_,NONCLUSTERED,SUPCD,4,0,0
RM_LOT,_dta_index_RM_LOT_65_686625489__K49_K50_K48_K6_K101_K228_K94_K95_K226_K52_K7_K302_K1_K5_K56_2_3_4_9_23_25_28_29_30_37_38_51_74_,NONCLUSTERED,Tax_code,5,0,0
RM_LOT,_dta_index_RM_LOT_65_686625489__K49_K50_K48_K6_K101_K228_K94_K95_K226_K52_K7_K302_K1_K5_K56_2_3_4_9_23_25_28_29_30_37_38_51_74_,NONCLUSTERED,addtaxcode,6,0,0
RM_LOT,_dta_index_RM_LOT_65_686625489__K49_K50_K48_K6_K101_K228_K94_K95_K226_K52_K7_K302_K1_K5_K56_2_3_4_9_23_25_28_29_30_37_38_51_74_,NONCLUSTERED,FBILLNO,7,0,0
RM_LOT,_dta_index_RM_LOT_65_686625489__K49_K50_K48_K6_K101_K228_K94_K95_K226_K52_K7_K302_K1_K5_K56_2_3_4_9_23_25_28_29_30_37_38_51_74_,NONCLUSTERED,FBILLDT,8,0,0
RM_LOT,_dta_index_RM_LOT_65_686625489__K49_K50_K48_K6_K101_K228_K94_K95_K226_K52_K7_K302_K1_K5_K56_2_3_4_9_23_25_28_29_30_37_38_51_74_,NONCLUSTERED,DutyPer,9,0,0
RM_LOT,_dta_index_RM_LOT_65_686625489__K49_K50_K48_K6_K101_K228_K94_K95_K226_K52_K7_K302_K1_K5_K56_2_3_4_9_23_25_28_29_30_37_38_51_74_,NONCLUSTERED,PTYPE,10,0,0
RM_LOT,_dta_index_RM_LOT_65_686625489__K49_K50_K48_K6_K101_K228_K94_K95_K226_K52_K7_K302_K1_K5_K56_2_3_4_9_23_25_28_29_30_37_38_51_74_,NONCLUSTERED,BRKCD,11,0,0
RM_LOT,_dta_index_RM_LOT_65_686625489__K49_K50_K48_K6_K101_K228_K94_K95_K226_K52_K7_K302_K1_K5_K56_2_3_4_9_23_25_28_29_30_37_38_51_74_,NONCLUSTERED,purappflg,12,0,0
RM_LOT,_dta_index_RM_LOT_65_686625489__K49_K50_K48_K6_K101_K228_K94_K95_K226_K52_K7_K302_K1_K5_K56_2_3_4_9_23_25_28_29_30_37_38_51_74_,NONCLUSTERED,DIVCODE,13,0,0
RM_LOT,_dta_index_RM_LOT_65_686625489__K49_K50_K48_K6_K101_K228_K94_K95_K226_K52_K7_K302_K1_K5_K56_2_3_4_9_23_25_28_29_30_37_38_51_74_,NONCLUSTERED,LOTTYPE,14,0,0
RM_LOT,_dta_index_RM_LOT_65_686625489__K49_K50_K48_K6_K101_K228_K94_K95_K226_K52_K7_K302_K1_K5_K56_2_3_4_9_23_25_28_29_30_37_38_51_74_,NONCLUSTERED,OPFLG,15,0,0
RM_LOT,_dta_index_RM_LOT_65_686625489__K50_K49_K74_K1_K48_K94_K95_K194_K52,NONCLUSTERED,PJDT,1,0,0
RM_LOT,_dta_index_RM_LOT_65_686625489__K50_K49_K74_K1_K48_K94_K95_K194_K52,NONCLUSTERED,PJNO,2,0,0
RM_LOT,_dta_index_RM_LOT_65_686625489__K50_K49_K74_K1_K48_K94_K95_K194_K52,NONCLUSTERED,LOTYEAR,3,0,0
RM_LOT,_dta_index_RM_LOT_65_686625489__K50_K49_K74_K1_K48_K94_K95_K194_K52,NONCLUSTERED,DIVCODE,4,0,0
RM_LOT,_dta_index_RM_LOT_65_686625489__K50_K49_K74_K1_K48_K94_K95_K194_K52,NONCLUSTERED,PJTC,5,0,0
RM_LOT,_dta_index_RM_LOT_65_686625489__K50_K49_K74_K1_K48_K94_K95_K194_K52,NONCLUSTERED,FBILLNO,6,0,0
RM_LOT,_dta_index_RM_LOT_65_686625489__K50_K49_K74_K1_K48_K94_K95_K194_K52,NONCLUSTERED,FBILLDT,7,0,0
RM_LOT,_dta_index_RM_LOT_65_686625489__K50_K49_K74_K1_K48_K94_K95_K194_K52,NONCLUSTERED,form_type,8,0,0
RM_LOT,_dta_index_RM_LOT_65_686625489__K50_K49_K74_K1_K48_K94_K95_K194_K52,NONCLUSTERED,PTYPE,9,0,0
RM_LOT,_dta_index_RM_LOT_65_686625489__K50_K49_K74_K1_K9_K5_K2_K3_K4_K48_K94_K95_K194_K52,NONCLUSTERED,PJDT,1,0,0
RM_LOT,_dta_index_RM_LOT_65_686625489__K50_K49_K74_K1_K9_K5_K2_K3_K4_K48_K94_K95_K194_K52,NONCLUSTERED,PJNO,2,0,0
RM_LOT,_dta_index_RM_LOT_65_686625489__K50_K49_K74_K1_K9_K5_K2_K3_K4_K48_K94_K95_K194_K52,NONCLUSTERED,LOTYEAR,3,0,0
RM_LOT,_dta_index_RM_LOT_65_686625489__K50_K49_K74_K1_K9_K5_K2_K3_K4_K48_K94_K95_K194_K52,NONCLUSTERED,DIVCODE,4,0,0
RM_LOT,_dta_index_RM_LOT_65_686625489__K50_K49_K74_K1_K9_K5_K2_K3_K4_K48_K94_K95_K194_K52,NONCLUSTERED,VARCODE,5,0,0
RM_LOT,_dta_index_RM_LOT_65_686625489__K50_K49_K74_K1_K9_K5_K2_K3_K4_K48_K94_K95_K194_K52,NONCLUSTERED,LOTTYPE,6,0,0
RM_LOT,_dta_index_RM_LOT_65_686625489__K50_K49_K74_K1_K9_K5_K2_K3_K4_K48_K94_K95_K194_K52,NONCLUSTERED,CATCD,7,0,0
RM_LOT,_dta_index_RM_LOT_65_686625489__K50_K49_K74_K1_K9_K5_K2_K3_K4_K48_K94_K95_K194_K52,NONCLUSTERED,LOTNO,8,0,0
RM_LOT,_dta_index_RM_LOT_65_686625489__K50_K49_K74_K1_K9_K5_K2_K3_K4_K48_K94_K95_K194_K52,NONCLUSTERED,LOTDT,9,0,0
RM_LOT,_dta_index_RM_LOT_65_686625489__K50_K49_K74_K1_K9_K5_K2_K3_K4_K48_K94_K95_K194_K52,NONCLUSTERED,PJTC,10,0,0
RM_LOT,_dta_index_RM_LOT_65_686625489__K50_K49_K74_K1_K9_K5_K2_K3_K4_K48_K94_K95_K194_K52,NONCLUSTERED,FBILLNO,11,0,0
RM_LOT,_dta_index_RM_LOT_65_686625489__K50_K49_K74_K1_K9_K5_K2_K3_K4_K48_K94_K95_K194_K52,NONCLUSTERED,FBILLDT,12,0,0
RM_LOT,_dta_index_RM_LOT_65_686625489__K50_K49_K74_K1_K9_K5_K2_K3_K4_K48_K94_K95_K194_K52,NONCLUSTERED,form_type,13,0,0
RM_LOT,_dta_index_RM_LOT_65_686625489__K50_K49_K74_K1_K9_K5_K2_K3_K4_K48_K94_K95_K194_K52,NONCLUSTERED,PTYPE,14,0,0
RM_LOT,_dta_index_RM_LOT_65_686625489__K56_K1_K11_K65_K74_K2_K3_K4_K9_K5_6_7_8_10_12_13_14_15_16_17_19_20_21_23_25_26_27_28_29_30_31_,NONCLUSTERED,BillCurrency,0,0,0
RM_LOT,_dta_index_RM_LOT_65_686625489__K56_K1_K11_K65_K74_K2_K3_K4_K9_K5_6_7_8_10_12_13_14_15_16_17_19_20_21_23_25_26_27_28_29_30_31_,NONCLUSTERED,ExchangeRate,0,0,0
RM_LOT,_dta_index_RM_LOT_65_686625489__K56_K1_K11_K65_K74_K2_K3_K4_K9_K5_6_7_8_10_12_13_14_15_16_17_19_20_21_23_25_26_27_28_29_30_31_,NONCLUSTERED,Comm_Wt,0,0,0
RM_LOT,_dta_index_RM_LOT_65_686625489__K56_K1_K11_K65_K74_K2_K3_K4_K9_K5_6_7_8_10_12_13_14_15_16_17_19_20_21_23_25_26_27_28_29_30_31_,NONCLUSTERED,ComWt_Flg,0,0,0
RM_LOT,_dta_index_RM_LOT_65_686625489__K56_K1_K11_K65_K74_K2_K3_K4_K9_K5_6_7_8_10_12_13_14_15_16_17_19_20_21_23_25_26_27_28_29_30_31_,NONCLUSTERED,sgstper,0,0,0
RM_LOT,_dta_index_RM_LOT_65_686625489__K56_K1_K11_K65_K74_K2_K3_K4_K9_K5_6_7_8_10_12_13_14_15_16_17_19_20_21_23_25_26_27_28_29_30_31_,NONCLUSTERED,sgstamt,0,0,0
RM_LOT,_dta_index_RM_LOT_65_686625489__K56_K1_K11_K65_K74_K2_K3_K4_K9_K5_6_7_8_10_12_13_14_15_16_17_19_20_21_23_25_26_27_28_29_30_31_,NONCLUSTERED,igstper,0,0,0
RM_LOT,_dta_index_RM_LOT_65_686625489__K56_K1_K11_K65_K74_K2_K3_K4_K9_K5_6_7_8_10_12_13_14_15_16_17_19_20_21_23_25_26_27_28_29_30_31_,NONCLUSTERED,igstamt,0,0,0
RM_LOT,_dta_index_RM_LOT_65_686625489__K56_K1_K11_K65_K74_K2_K3_K4_K9_K5_6_7_8_10_12_13_14_15_16_17_19_20_21_23_25_26_27_28_29_30_31_,NONCLUSTERED,Line_No,0,0,0
RM_LOT,_dta_index_RM_LOT_65_686625489__K56_K1_K11_K65_K74_K2_K3_K4_K9_K5_6_7_8_10_12_13_14_15_16_17_19_20_21_23_25_26_27_28_29_30_31_,NONCLUSTERED,PlCode,0,0,0
RM_LOT,_dta_index_RM_LOT_65_686625489__K56_K1_K11_K65_K74_K2_K3_K4_K9_K5_6_7_8_10_12_13_14_15_16_17_19_20_21_23_25_26_27_28_29_30_31_,NONCLUSTERED,favaourablewgt,0,0,0
RM_LOT,_dta_index_RM_LOT_65_686625489__K56_K1_K11_K65_K74_K2_K3_K4_K9_K5_6_7_8_10_12_13_14_15_16_17_19_20_21_23_25_26_27_28_29_30_31_,NONCLUSTERED,pinvval,0,0,0
RM_LOT,_dta_index_RM_LOT_65_686625489__K56_K1_K11_K65_K74_K2_K3_K4_K9_K5_6_7_8_10_12_13_14_15_16_17_19_20_21_23_25_26_27_28_29_30_31_,NONCLUSTERED,SICAAmt,0,0,0
RM_LOT,_dta_index_RM_LOT_65_686625489__K56_K1_K11_K65_K74_K2_K3_K4_K9_K5_6_7_8_10_12_13_14_15_16_17_19_20_21_23_25_26_27_28_29_30_31_,NONCLUSTERED,HSN,0,0,0
RM_LOT,_dta_index_RM_LOT_65_686625489__K56_K1_K11_K65_K74_K2_K3_K4_K9_K5_6_7_8_10_12_13_14_15_16_17_19_20_21_23_25_26_27_28_29_30_31_,NONCLUSTERED,cgstper,0,0,0
RM_LOT,_dta_index_RM_LOT_65_686625489__K56_K1_K11_K65_K74_K2_K3_K4_K9_K5_6_7_8_10_12_13_14_15_16_17_19_20_21_23_25_26_27_28_29_30_31_,NONCLUSTERED,cgstamt,0,0,0
RM_LOT,_dta_index_RM_LOT_65_686625489__K56_K1_K11_K65_K74_K2_K3_K4_K9_K5_6_7_8_10_12_13_14_15_16_17_19_20_21_23_25_26_27_28_29_30_31_,NONCLUSTERED,VCATCD,0,0,0
RM_LOT,_dta_index_RM_LOT_65_686625489__K56_K1_K11_K65_K74_K2_K3_K4_K9_K5_6_7_8_10_12_13_14_15_16_17_19_20_21_23_25_26_27_28_29_30_31_,NONCLUSTERED,shipchrg,0,0,0
RM_LOT,_dta_index_RM_LOT_65_686625489__K56_K1_K11_K65_K74_K2_K3_K4_K9_K5_6_7_8_10_12_13_14_15_16_17_19_20_21_23_25_26_27_28_29_30_31_,NONCLUSTERED,weighbridgewt,0,0,0
RM_LOT,_dta_index_RM_LOT_65_686625489__K56_K1_K11_K65_K74_K2_K3_K4_K9_K5_6_7_8_10_12_13_14_15_16_17_19_20_21_23_25_26_27_28_29_30_31_,NONCLUSTERED,inwardno,0,0,0
RM_LOT,_dta_index_RM_LOT_65_686625489__K56_K1_K11_K65_K74_K2_K3_K4_K9_K5_6_7_8_10_12_13_14_15_16_17_19_20_21_23_25_26_27_28_29_30_31_,NONCLUSTERED,inwarddate,0,0,0
RM_LOT,_dta_index_RM_LOT_65_686625489__K56_K1_K11_K65_K74_K2_K3_K4_K9_K5_6_7_8_10_12_13_14_15_16_17_19_20_21_23_25_26_27_28_29_30_31_,NONCLUSTERED,OtherTaxableAmt,0,0,0
RM_LOT,_dta_index_RM_LOT_65_686625489__K56_K1_K11_K65_K74_K2_K3_K4_K9_K5_6_7_8_10_12_13_14_15_16_17_19_20_21_23_25_26_27_28_29_30_31_,NONCLUSTERED,CashDisper,0,0,0
RM_LOT,_dta_index_RM_LOT_65_686625489__K56_K1_K11_K65_K74_K2_K3_K4_K9_K5_6_7_8_10_12_13_14_15_16_17_19_20_21_23_25_26_27_28_29_30_31_,NONCLUSTERED,cashdisamt,0,0,0
RM_LOT,_dta_index_RM_LOT_65_686625489__K56_K1_K11_K65_K74_K2_K3_K4_K9_K5_6_7_8_10_12_13_14_15_16_17_19_20_21_23_25_26_27_28_29_30_31_,NONCLUSTERED,TradeDisper,0,0,0
RM_LOT,_dta_index_RM_LOT_65_686625489__K56_K1_K11_K65_K74_K2_K3_K4_K9_K5_6_7_8_10_12_13_14_15_16_17_19_20_21_23_25_26_27_28_29_30_31_,NONCLUSTERED,tradedisamt,0,0,0
RM_LOT,_dta_index_RM_LOT_65_686625489__K56_K1_K11_K65_K74_K2_K3_K4_K9_K5_6_7_8_10_12_13_14_15_16_17_19_20_21_23_25_26_27_28_29_30_31_,NONCLUSTERED,rebate,0,0,0
RM_LOT,_dta_index_RM_LOT_65_686625489__K56_K1_K11_K65_K74_K2_K3_K4_K9_K5_6_7_8_10_12_13_14_15_16_17_19_20_21_23_25_26_27_28_29_30_31_,NONCLUSTERED,TAX_CHOICE,0,0,0
RM_LOT,_dta_index_RM_LOT_65_686625489__K56_K1_K11_K65_K74_K2_K3_K4_K9_K5_6_7_8_10_12_13_14_15_16_17_19_20_21_23_25_26_27_28_29_30_31_,NONCLUSTERED,CLEARANCEAMT,0,0,0
RM_LOT,_dta_index_RM_LOT_65_686625489__K56_K1_K11_K65_K74_K2_K3_K4_K9_K5_6_7_8_10_12_13_14_15_16_17_19_20_21_23_25_26_27_28_29_30_31_,NONCLUSTERED,OTHERSAMT,0,0,0
RM_LOT,_dta_index_RM_LOT_65_686625489__K56_K1_K11_K65_K74_K2_K3_K4_K9_K5_6_7_8_10_12_13_14_15_16_17_19_20_21_23_25_26_27_28_29_30_31_,NONCLUSTERED,ALLOWANCEAMT,0,0,0
RM_LOT,_dta_index_RM_LOT_65_686625489__K56_K1_K11_K65_K74_K2_K3_K4_K9_K5_6_7_8_10_12_13_14_15_16_17_19_20_21_23_25_26_27_28_29_30_31_,NONCLUSTERED,CUSTOMSDUTYAMT,0,0,0
RM_LOT,_dta_index_RM_LOT_65_686625489__K56_K1_K11_K65_K74_K2_K3_K4_K9_K5_6_7_8_10_12_13_14_15_16_17_19_20_21_23_25_26_27_28_29_30_31_,NONCLUSTERED,moisture_et,0,0,0
RM_LOT,_dta_index_RM_LOT_65_686625489__K56_K1_K11_K65_K74_K2_K3_K4_K9_K5_6_7_8_10_12_13_14_15_16_17_19_20_21_23_25_26_27_28_29_30_31_,NONCLUSTERED,awt_flg,0,0,0
RM_LOT,_dta_index_RM_LOT_65_686625489__K56_K1_K11_K65_K74_K2_K3_K4_K9_K5_6_7_8_10_12_13_14_15_16_17_19_20_21_23_25_26_27_28_29_30_31_,NONCLUSTERED,COMMAMT,0,0,0
RM_LOT,_dta_index_RM_LOT_65_686625489__K56_K1_K11_K65_K74_K2_K3_K4_K9_K5_6_7_8_10_12_13_14_15_16_17_19_20_21_23_25_26_27_28_29_30_31_,NONCLUSTERED,LCINTPER,0,0,0
RM_LOT,_dta_index_RM_LOT_65_686625489__K56_K1_K11_K65_K74_K2_K3_K4_K9_K5_6_7_8_10_12_13_14_15_16_17_19_20_21_23_25_26_27_28_29_30_31_,NONCLUSTERED,LCINTAMT,0,0,0
RM_LOT,_dta_index_RM_LOT_65_686625489__K56_K1_K11_K65_K74_K2_K3_K4_K9_K5_6_7_8_10_12_13_14_15_16_17_19_20_21_23_25_26_27_28_29_30_31_,NONCLUSTERED,CHARITYAMT,0,0,0
RM_LOT,_dta_index_RM_LOT_65_686625489__K56_K1_K11_K65_K74_K2_K3_K4_K9_K5_6_7_8_10_12_13_14_15_16_17_19_20_21_23_25_26_27_28_29_30_31_,NONCLUSTERED,DAMAGEAMT,0,0,0
RM_LOT,_dta_index_RM_LOT_65_686625489__K56_K1_K11_K65_K74_K2_K3_K4_K9_K5_6_7_8_10_12_13_14_15_16_17_19_20_21_23_25_26_27_28_29_30_31_,NONCLUSTERED,WARPAGEAMT,0,0,0
RM_LOT,_dta_index_RM_LOT_65_686625489__K56_K1_K11_K65_K74_K2_K3_K4_K9_K5_6_7_8_10_12_13_14_15_16_17_19_20_21_23_25_26_27_28_29_30_31_,NONCLUSTERED,LRFRTPER,0,0,0
RM_LOT,_dta_index_RM_LOT_65_686625489__K56_K1_K11_K65_K74_K2_K3_K4_K9_K5_6_7_8_10_12_13_14_15_16_17_19_20_21_23_25_26_27_28_29_30_31_,NONCLUSTERED,LRFRTAMT,0,0,0
RM_LOT,_dta_index_RM_LOT_65_686625489__K56_K1_K11_K65_K74_K2_K3_K4_K9_K5_6_7_8_10_12_13_14_15_16_17_19_20_21_23_25_26_27_28_29_30_31_,NONCLUSTERED,RLYFRTPER,0,0,0
RM_LOT,_dta_index_RM_LOT_65_686625489__K56_K1_K11_K65_K74_K2_K3_K4_K9_K5_6_7_8_10_12_13_14_15_16_17_19_20_21_23_25_26_27_28_29_30_31_,NONCLUSTERED,RLYFRTAMT,0,0,0
RM_LOT,_dta_index_RM_LOT_65_686625489__K56_K1_K11_K65_K74_K2_K3_K4_K9_K5_6_7_8_10_12_13_14_15_16_17_19_20_21_23_25_26_27_28_29_30_31_,NONCLUSTERED,INSPER,0,0,0
RM_LOT,_dta_index_RM_LOT_65_686625489__K56_K1_K11_K65_K74_K2_K3_K4_K9_K5_6_7_8_10_12_13_14_15_16_17_19_20_21_23_25_26_27_28_29_30_31_,NONCLUSTERED,COMMPER,0,0,0
RM_LOT,_dta_index_RM_LOT_65_686625489__K56_K1_K11_K65_K74_K2_K3_K4_K9_K5_6_7_8_10_12_13_14_15_16_17_19_20_21_23_25_26_27_28_29_30_31_,NONCLUSTERED,TNGSTPER,0,0,0
RM_LOT,_dta_index_RM_LOT_65_686625489__K56_K1_K11_K65_K74_K2_K3_K4_K9_K5_6_7_8_10_12_13_14_15_16_17_19_20_21_23_25_26_27_28_29_30_31_,NONCLUSTERED,TNGSTAMT,0,0,0
RM_LOT,_dta_index_RM_LOT_65_686625489__K56_K1_K11_K65_K74_K2_K3_K4_K9_K5_6_7_8_10_12_13_14_15_16_17_19_20_21_23_25_26_27_28_29_30_31_,NONCLUSTERED,SCPER,0,0,0
RM_LOT,_dta_index_RM_LOT_65_686625489__K56_K1_K11_K65_K74_K2_K3_K4_K9_K5_6_7_8_10_12_13_14_15_16_17_19_20_21_23_25_26_27_28_29_30_31_,NONCLUSTERED,SCAMT,0,0,0
RM_LOT,_dta_index_RM_LOT_65_686625489__K56_K1_K11_K65_K74_K2_K3_K4_K9_K5_6_7_8_10_12_13_14_15_16_17_19_20_21_23_25_26_27_28_29_30_31_,NONCLUSTERED,OTHTAXPER,0,0,0
RM_LOT,_dta_index_RM_LOT_65_686625489__K56_K1_K11_K65_K74_K2_K3_K4_K9_K5_6_7_8_10_12_13_14_15_16_17_19_20_21_23_25_26_27_28_29_30_31_,NONCLUSTERED,OTHTAXAMT,0,0,0
RM_LOT,_dta_index_RM_LOT_65_686625489__K56_K1_K11_K65_K74_K2_K3_K4_K9_K5_6_7_8_10_12_13_14_15_16_17_19_20_21_23_25_26_27_28_29_30_31_,NONCLUSTERED,CESSAMT,0,0,0
RM_LOT,_dta_index_RM_LOT_65_686625489__K56_K1_K11_K65_K74_K2_K3_K4_K9_K5_6_7_8_10_12_13_14_15_16_17_19_20_21_23_25_26_27_28_29_30_31_,NONCLUSTERED,OCTROIPER,0,0,0
RM_LOT,_dta_index_RM_LOT_65_686625489__K56_K1_K11_K65_K74_K2_K3_K4_K9_K5_6_7_8_10_12_13_14_15_16_17_19_20_21_23_25_26_27_28_29_30_31_,NONCLUSTERED,OCTROIAMT,0,0,0
RM_LOT,_dta_index_RM_LOT_65_686625489__K56_K1_K11_K65_K74_K2_K3_K4_K9_K5_6_7_8_10_12_13_14_15_16_17_19_20_21_23_25_26_27_28_29_30_31_,NONCLUSTERED,VATPER,0,0,0
RM_LOT,_dta_index_RM_LOT_65_686625489__K56_K1_K11_K65_K74_K2_K3_K4_K9_K5_6_7_8_10_12_13_14_15_16_17_19_20_21_23_25_26_27_28_29_30_31_,NONCLUSTERED,CSTPER,0,0,0
RM_LOT,_dta_index_RM_LOT_65_686625489__K56_K1_K11_K65_K74_K2_K3_K4_K9_K5_6_7_8_10_12_13_14_15_16_17_19_20_21_23_25_26_27_28_29_30_31_,NONCLUSTERED,CSTAMT,0,0,0
RM_LOT,_dta_index_RM_LOT_65_686625489__K56_K1_K11_K65_K74_K2_K3_K4_K9_K5_6_7_8_10_12_13_14_15_16_17_19_20_21_23_25_26_27_28_29_30_31_,NONCLUSTERED,COLORCODE,0,0,0
RM_LOT,_dta_index_RM_LOT_65_686625489__K56_K1_K11_K65_K74_K2_K3_K4_K9_K5_6_7_8_10_12_13_14_15_16_17_19_20_21_23_25_26_27_28_29_30_31_,NONCLUSTERED,BEDPER,0,0,0
RM_LOT,_dta_index_RM_LOT_65_686625489__K56_K1_K11_K65_K74_K2_K3_K4_K9_K5_6_7_8_10_12_13_14_15_16_17_19_20_21_23_25_26_27_28_29_30_31_,NONCLUSTERED,SEDPER,0,0,0
RM_LOT,_dta_index_RM_LOT_65_686625489__K56_K1_K11_K65_K74_K2_K3_K4_K9_K5_6_7_8_10_12_13_14_15_16_17_19_20_21_23_25_26_27_28_29_30_31_,NONCLUSTERED,SEDAMT,0,0,0
RM_LOT,_dta_index_RM_LOT_65_686625489__K56_K1_K11_K65_K74_K2_K3_K4_K9_K5_6_7_8_10_12_13_14_15_16_17_19_20_21_23_25_26_27_28_29_30_31_,NONCLUSTERED,AEDPER,0,0,0
RM_LOT,_dta_index_RM_LOT_65_686625489__K56_K1_K11_K65_K74_K2_K3_K4_K9_K5_6_7_8_10_12_13_14_15_16_17_19_20_21_23_25_26_27_28_29_30_31_,NONCLUSTERED,CESSPER,0,0,0
RM_LOT,_dta_index_RM_LOT_65_686625489__K56_K1_K11_K65_K74_K2_K3_K4_K9_K5_6_7_8_10_12_13_14_15_16_17_19_20_21_23_25_26_27_28_29_30_31_,NONCLUSTERED,REJFLG,0,0,0
RM_LOT,_dta_index_RM_LOT_65_686625489__K56_K1_K11_K65_K74_K2_K3_K4_K9_K5_6_7_8_10_12_13_14_15_16_17_19_20_21_23_25_26_27_28_29_30_31_,NONCLUSTERED,PGRSWT,0,0,0
RM_LOT,_dta_index_RM_LOT_65_686625489__K56_K1_K11_K65_K74_K2_K3_K4_K9_K5_6_7_8_10_12_13_14_15_16_17_19_20_21_23_25_26_27_28_29_30_31_,NONCLUSTERED,PTAREWT,0,0,0
RM_LOT,_dta_index_RM_LOT_65_686625489__K56_K1_K11_K65_K74_K2_K3_K4_K9_K5_6_7_8_10_12_13_14_15_16_17_19_20_21_23_25_26_27_28_29_30_31_,NONCLUSTERED,PNETWT,0,0,0
RM_LOT,_dta_index_RM_LOT_65_686625489__K56_K1_K11_K65_K74_K2_K3_K4_K9_K5_6_7_8_10_12_13_14_15_16_17_19_20_21_23_25_26_27_28_29_30_31_,NONCLUSTERED,Tax_code,0,0,0
RM_LOT,_dta_index_RM_LOT_65_686625489__K56_K1_K11_K65_K74_K2_K3_K4_K9_K5_6_7_8_10_12_13_14_15_16_17_19_20_21_23_25_26_27_28_29_30_31_,NONCLUSTERED,VATAMT,0,0,0
RM_LOT,_dta_index_RM_LOT_65_686625489__K56_K1_K11_K65_K74_K2_K3_K4_K9_K5_6_7_8_10_12_13_14_15_16_17_19_20_21_23_25_26_27_28_29_30_31_,NONCLUSTERED,PJAMT,0,0,0
RM_LOT,_dta_index_RM_LOT_65_686625489__K56_K1_K11_K65_K74_K2_K3_K4_K9_K5_6_7_8_10_12_13_14_15_16_17_19_20_21_23_25_26_27_28_29_30_31_,NONCLUSTERED,PTYPE,0,0,0
RM_LOT,_dta_index_RM_LOT_65_686625489__K56_K1_K11_K65_K74_K2_K3_K4_K9_K5_6_7_8_10_12_13_14_15_16_17_19_20_21_23_25_26_27_28_29_30_31_,NONCLUSTERED,RG23A,0,0,0
RM_LOT,_dta_index_RM_LOT_65_686625489__K56_K1_K11_K65_K74_K2_K3_K4_K9_K5_6_7_8_10_12_13_14_15_16_17_19_20_21_23_25_26_27_28_29_30_31_,NONCLUSTERED,PLOTNO,0,0,0
RM_LOT,_dta_index_RM_LOT_65_686625489__K56_K1_K11_K65_K74_K2_K3_K4_K9_K5_6_7_8_10_12_13_14_15_16_17_19_20_21_23_25_26_27_28_29_30_31_,NONCLUSTERED,MODUSRID,0,0,0
RM_LOT,_dta_index_RM_LOT_65_686625489__K56_K1_K11_K65_K74_K2_K3_K4_K9_K5_6_7_8_10_12_13_14_15_16_17_19_20_21_23_25_26_27_28_29_30_31_,NONCLUSTERED,MODDATE,0,0,0
RM_LOT,_dta_index_RM_LOT_65_686625489__K56_K1_K11_K65_K74_K2_K3_K4_K9_K5_6_7_8_10_12_13_14_15_16_17_19_20_21_23_25_26_27_28_29_30_31_,NONCLUSTERED,BALES,0,0,0
RM_LOT,_dta_index_RM_LOT_65_686625489__K56_K1_K11_K65_K74_K2_K3_K4_K9_K5_6_7_8_10_12_13_14_15_16_17_19_20_21_23_25_26_27_28_29_30_31_,NONCLUSTERED,RATEKG,0,0,0
RM_LOT,_dta_index_RM_LOT_65_686625489__K56_K1_K11_K65_K74_K2_K3_K4_K9_K5_6_7_8_10_12_13_14_15_16_17_19_20_21_23_25_26_27_28_29_30_31_,NONCLUSTERED,RATECY,0,0,0
RM_LOT,_dta_index_RM_LOT_65_686625489__K56_K1_K11_K65_K74_K2_K3_K4_K9_K5_6_7_8_10_12_13_14_15_16_17_19_20_21_23_25_26_27_28_29_30_31_,NONCLUSTERED,GODOWN,0,0,0
RM_LOT,_dta_index_RM_LOT_65_686625489__K56_K1_K11_K65_K74_K2_K3_K4_K9_K5_6_7_8_10_12_13_14_15_16_17_19_20_21_23_25_26_27_28_29_30_31_,NONCLUSTERED,LGROUP,0,0,0
RM_LOT,_dta_index_RM_LOT_65_686625489__K56_K1_K11_K65_K74_K2_K3_K4_K9_K5_6_7_8_10_12_13_14_15_16_17_19_20_21_23_25_26_27_28_29_30_31_,NONCLUSTERED,PJTC,0,0,0
RM_LOT,_dta_index_RM_LOT_65_686625489__K56_K1_K11_K65_K74_K2_K3_K4_K9_K5_6_7_8_10_12_13_14_15_16_17_19_20_21_23_25_26_27_28_29_30_31_,NONCLUSTERED,TOTLANDCOST,0,0,0
RM_LOT,_dta_index_RM_LOT_65_686625489__K56_K1_K11_K65_K74_K2_K3_K4_K9_K5_6_7_8_10_12_13_14_15_16_17_19_20_21_23_25_26_27_28_29_30_31_,NONCLUSTERED,GRSWGT,0,0,0
RM_LOT,_dta_index_RM_LOT_65_686625489__K56_K1_K11_K65_K74_K2_K3_K4_K9_K5_6_7_8_10_12_13_14_15_16_17_19_20_21_23_25_26_27_28_29_30_31_,NONCLUSTERED,TAREWT,0,0,0
RM_LOT,_dta_index_RM_LOT_65_686625489__K56_K1_K11_K65_K74_K2_K3_K4_K9_K5_6_7_8_10_12_13_14_15_16_17_19_20_21_23_25_26_27_28_29_30_31_,NONCLUSTERED,SAMPWT,0,0,0
RM_LOT,_dta_index_RM_LOT_65_686625489__K56_K1_K11_K65_K74_K2_K3_K4_K9_K5_6_7_8_10_12_13_14_15_16_17_19_20_21_23_25_26_27_28_29_30_31_,NONCLUSTERED,NETWT,0,0,0
RM_LOT,_dta_index_RM_LOT_65_686625489__K56_K1_K11_K65_K74_K2_K3_K4_K9_K5_6_7_8_10_12_13_14_15_16_17_19_20_21_23_25_26_27_28_29_30_31_,NONCLUSTERED,BBLFLG,0,0,0
RM_LOT,_dta_index_RM_LOT_65_686625489__K56_K1_K11_K65_K74_K2_K3_K4_K9_K5_6_7_8_10_12_13_14_15_16_17_19_20_21_23_25_26_27_28_29_30_31_,NONCLUSTERED,DNAMT1,0,0,0
RM_LOT,_dta_index_RM_LOT_65_686625489__K56_K1_K11_K65_K74_K2_K3_K4_K9_K5_6_7_8_10_12_13_14_15_16_17_19_20_21_23_25_26_27_28_29_30_31_,NONCLUSTERED,DNAMT2,0,0,0
RM_LOT,_dta_index_RM_LOT_65_686625489__K56_K1_K11_K65_K74_K2_K3_K4_K9_K5_6_7_8_10_12_13_14_15_16_17_19_20_21_23_25_26_27_28_29_30_31_,NONCLUSTERED,SPOTEXP,0,0,0
RM_LOT,_dta_index_RM_LOT_65_686625489__K56_K1_K11_K65_K74_K2_K3_K4_K9_K5_6_7_8_10_12_13_14_15_16_17_19_20_21_23_25_26_27_28_29_30_31_,NONCLUSTERED,INSAMT,0,0,0
RM_LOT,_dta_index_RM_LOT_65_686625489__K56_K1_K11_K65_K74_K2_K3_K4_K9_K5_6_7_8_10_12_13_14_15_16_17_19_20_21_23_25_26_27_28_29_30_31_,NONCLUSTERED,BEDAMT,0,0,0
RM_LOT,_dta_index_RM_LOT_65_686625489__K56_K1_K11_K65_K74_K2_K3_K4_K9_K5_6_7_8_10_12_13_14_15_16_17_19_20_21_23_25_26_27_28_29_30_31_,NONCLUSTERED,AEDAMT,0,0,0
RM_LOT,_dta_index_RM_LOT_65_686625489__K56_K1_K11_K65_K74_K2_K3_K4_K9_K5_6_7_8_10_12_13_14_15_16_17_19_20_21_23_25_26_27_28_29_30_31_,NONCLUSTERED,BNKCHG,0,0,0
RM_LOT,_dta_index_RM_LOT_65_686625489__K56_K1_K11_K65_K74_K2_K3_K4_K9_K5_6_7_8_10_12_13_14_15_16_17_19_20_21_23_25_26_27_28_29_30_31_,NONCLUSTERED,ODINT,0,0,0
RM_LOT,_dta_index_RM_LOT_65_686625489__K56_K1_K11_K65_K74_K2_K3_K4_K9_K5_6_7_8_10_12_13_14_15_16_17_19_20_21_23_25_26_27_28_29_30_31_,NONCLUSTERED,FREGHT,0,0,0
RM_LOT,_dta_index_RM_LOT_65_686625489__K56_K1_K11_K65_K74_K2_K3_K4_K9_K5_6_7_8_10_12_13_14_15_16_17_19_20_21_23_25_26_27_28_29_30_31_,NONCLUSTERED,RLYFRT,0,0,0
RM_LOT,_dta_index_RM_LOT_65_686625489__K56_K1_K11_K65_K74_K2_K3_K4_K9_K5_6_7_8_10_12_13_14_15_16_17_19_20_21_23_25_26_27_28_29_30_31_,NONCLUSTERED,LDGULG,0,0,0
RM_LOT,_dta_index_RM_LOT_65_686625489__K56_K1_K11_K65_K74_K2_K3_K4_K9_K5_6_7_8_10_12_13_14_15_16_17_19_20_21_23_25_26_27_28_29_30_31_,NONCLUSTERED,BRKCOM,0,0,0
RM_LOT,_dta_index_RM_LOT_65_686625489__K56_K1_K11_K65_K74_K2_K3_K4_K9_K5_6_7_8_10_12_13_14_15_16_17_19_20_21_23_25_26_27_28_29_30_31_,NONCLUSTERED,AREACD,0,0,0
RM_LOT,_dta_index_RM_LOT_65_686625489__K56_K1_K11_K65_K74_K2_K3_K4_K9_K5_6_7_8_10_12_13_14_15_16_17_19_20_21_23_25_26_27_28_29_30_31_,NONCLUSTERED,CNTCODE,0,0,0
RM_LOT,_dta_index_RM_LOT_65_686625489__K56_K1_K11_K65_K74_K2_K3_K4_K9_K5_6_7_8_10_12_13_14_15_16_17_19_20_21_23_25_26_27_28_29_30_31_,NONCLUSTERED,BILLNO,0,0,0
RM_LOT,_dta_index_RM_LOT_65_686625489__K56_K1_K11_K65_K74_K2_K3_K4_K9_K5_6_7_8_10_12_13_14_15_16_17_19_20_21_23_25_26_27_28_29_30_31_,NONCLUSTERED,BILLDT,0,0,0
RM_LOT,_dta_index_RM_LOT_65_686625489__K56_K1_K11_K65_K74_K2_K3_K4_K9_K5_6_7_8_10_12_13_14_15_16_17_19_20_21_23_25_26_27_28_29_30_31_,NONCLUSTERED,PTYWGT,0,0,0
RM_LOT,_dta_index_RM_LOT_65_686625489__K56_K1_K11_K65_K74_K2_K3_K4_K9_K5_6_7_8_10_12_13_14_15_16_17_19_20_21_23_25_26_27_28_29_30_31_,NONCLUSTERED,TAXAMT,0,0,0
RM_LOT,_dta_index_RM_LOT_65_686625489__K56_K1_K11_K65_K74_K2_K3_K4_K9_K5_6_7_8_10_12_13_14_15_16_17_19_20_21_23_25_26_27_28_29_30_31_,NONCLUSTERED,SUPCD,0,0,0
RM_LOT,_dta_index_RM_LOT_65_686625489__K56_K1_K11_K65_K74_K2_K3_K4_K9_K5_6_7_8_10_12_13_14_15_16_17_19_20_21_23_25_26_27_28_29_30_31_,NONCLUSTERED,BRKCD,0,0,0
RM_LOT,_dta_index_RM_LOT_65_686625489__K56_K1_K11_K65_K74_K2_K3_K4_K9_K5_6_7_8_10_12_13_14_15_16_17_19_20_21_23_25_26_27_28_29_30_31_,NONCLUSTERED,OPFLG,1,0,0
RM_LOT,_dta_index_RM_LOT_65_686625489__K56_K1_K11_K65_K74_K2_K3_K4_K9_K5_6_7_8_10_12_13_14_15_16_17_19_20_21_23_25_26_27_28_29_30_31_,NONCLUSTERED,DIVCODE,2,0,0
RM_LOT,_dta_index_RM_LOT_65_686625489__K56_K1_K11_K65_K74_K2_K3_K4_K9_K5_6_7_8_10_12_13_14_15_16_17_19_20_21_23_25_26_27_28_29_30_31_,NONCLUSTERED,ARRNO,3,0,0
RM_LOT,_dta_index_RM_LOT_65_686625489__K56_K1_K11_K65_K74_K2_K3_K4_K9_K5_6_7_8_10_12_13_14_15_16_17_19_20_21_23_25_26_27_28_29_30_31_,NONCLUSTERED,ARRDT,4,0,0
RM_LOT,_dta_index_RM_LOT_65_686625489__K56_K1_K11_K65_K74_K2_K3_K4_K9_K5_6_7_8_10_12_13_14_15_16_17_19_20_21_23_25_26_27_28_29_30_31_,NONCLUSTERED,LOTYEAR,5,0,0
RM_LOT,_dta_index_RM_LOT_65_686625489__K56_K1_K11_K65_K74_K2_K3_K4_K9_K5_6_7_8_10_12_13_14_15_16_17_19_20_21_23_25_26_27_28_29_30_31_,NONCLUSTERED,CATCD,6,0,0
RM_LOT,_dta_index_RM_LOT_65_686625489__K56_K1_K11_K65_K74_K2_K3_K4_K9_K5_6_7_8_10_12_13_14_15_16_17_19_20_21_23_25_26_27_28_29_30_31_,NONCLUSTERED,LOTNO,7,0,0
RM_LOT,_dta_index_RM_LOT_65_686625489__K56_K1_K11_K65_K74_K2_K3_K4_K9_K5_6_7_8_10_12_13_14_15_16_17_19_20_21_23_25_26_27_28_29_30_31_,NONCLUSTERED,LOTDT,8,0,0
RM_LOT,_dta_index_RM_LOT_65_686625489__K56_K1_K11_K65_K74_K2_K3_K4_K9_K5_6_7_8_10_12_13_14_15_16_17_19_20_21_23_25_26_27_28_29_30_31_,NONCLUSTERED,VARCODE,9,0,0
RM_LOT,_dta_index_RM_LOT_65_686625489__K56_K1_K11_K65_K74_K2_K3_K4_K9_K5_6_7_8_10_12_13_14_15_16_17_19_20_21_23_25_26_27_28_29_30_31_,NONCLUSTERED,LOTTYPE,10,0,0
RM_LOT,_dta_index_RM_LOT_65_686625489__K56_K11_K65_K74_K1_K2_K3_K4_K9_K5_15_20_21_23_25_27_28_29_30_31_32_33_35_51_104_108_109_110_,NONCLUSTERED,TAXAMT,0,0,0
RM_LOT,_dta_index_RM_LOT_65_686625489__K56_K11_K65_K74_K1_K2_K3_K4_K9_K5_15_20_21_23_25_27_28_29_30_31_32_33_35_51_104_108_109_110_,NONCLUSTERED,RLYFRT,0,0,0
RM_LOT,_dta_index_RM_LOT_65_686625489__K56_K11_K65_K74_K1_K2_K3_K4_K9_K5_15_20_21_23_25_27_28_29_30_31_32_33_35_51_104_108_109_110_,NONCLUSTERED,igstamt,0,0,0
RM_LOT,_dta_index_RM_LOT_65_686625489__K56_K11_K65_K74_K1_K2_K3_K4_K9_K5_15_20_21_23_25_27_28_29_30_31_32_33_35_51_104_108_109_110_,NONCLUSTERED,Line_No,0,0,0
RM_LOT,_dta_index_RM_LOT_65_686625489__K56_K11_K65_K74_K1_K2_K3_K4_K9_K5_15_20_21_23_25_27_28_29_30_31_32_33_35_51_104_108_109_110_,NONCLUSTERED,PlCode,0,0,0
RM_LOT,_dta_index_RM_LOT_65_686625489__K56_K11_K65_K74_K1_K2_K3_K4_K9_K5_15_20_21_23_25_27_28_29_30_31_32_33_35_51_104_108_109_110_,NONCLUSTERED,Comm_Wt,0,0,0
RM_LOT,_dta_index_RM_LOT_65_686625489__K56_K11_K65_K74_K1_K2_K3_K4_K9_K5_15_20_21_23_25_27_28_29_30_31_32_33_35_51_104_108_109_110_,NONCLUSTERED,ComWt_Flg,0,0,0
RM_LOT,_dta_index_RM_LOT_65_686625489__K56_K11_K65_K74_K1_K2_K3_K4_K9_K5_15_20_21_23_25_27_28_29_30_31_32_33_35_51_104_108_109_110_,NONCLUSTERED,SICAAmt,0,0,0
RM_LOT,_dta_index_RM_LOT_65_686625489__K56_K11_K65_K74_K1_K2_K3_K4_K9_K5_15_20_21_23_25_27_28_29_30_31_32_33_35_51_104_108_109_110_,NONCLUSTERED,cgstper,0,0,0
RM_LOT,_dta_index_RM_LOT_65_686625489__K56_K11_K65_K74_K1_K2_K3_K4_K9_K5_15_20_21_23_25_27_28_29_30_31_32_33_35_51_104_108_109_110_,NONCLUSTERED,cgstamt,0,0,0
RM_LOT,_dta_index_RM_LOT_65_686625489__K56_K11_K65_K74_K1_K2_K3_K4_K9_K5_15_20_21_23_25_27_28_29_30_31_32_33_35_51_104_108_109_110_,NONCLUSTERED,sgstper,0,0,0
RM_LOT,_dta_index_RM_LOT_65_686625489__K56_K11_K65_K74_K1_K2_K3_K4_K9_K5_15_20_21_23_25_27_28_29_30_31_32_33_35_51_104_108_109_110_,NONCLUSTERED,sgstamt,0,0,0
RM_LOT,_dta_index_RM_LOT_65_686625489__K56_K11_K65_K74_K1_K2_K3_K4_K9_K5_15_20_21_23_25_27_28_29_30_31_32_33_35_51_104_108_109_110_,NONCLUSTERED,igstper,0,0,0
RM_LOT,_dta_index_RM_LOT_65_686625489__K56_K11_K65_K74_K1_K2_K3_K4_K9_K5_15_20_21_23_25_27_28_29_30_31_32_33_35_51_104_108_109_110_,NONCLUSTERED,tradedisamt,0,0,0
RM_LOT,_dta_index_RM_LOT_65_686625489__K56_K11_K65_K74_K1_K2_K3_K4_K9_K5_15_20_21_23_25_27_28_29_30_31_32_33_35_51_104_108_109_110_,NONCLUSTERED,shipchrg,0,0,0
RM_LOT,_dta_index_RM_LOT_65_686625489__K56_K11_K65_K74_K1_K2_K3_K4_K9_K5_15_20_21_23_25_27_28_29_30_31_32_33_35_51_104_108_109_110_,NONCLUSTERED,OtherTaxableAmt,0,0,0
RM_LOT,_dta_index_RM_LOT_65_686625489__K56_K11_K65_K74_K1_K2_K3_K4_K9_K5_15_20_21_23_25_27_28_29_30_31_32_33_35_51_104_108_109_110_,NONCLUSTERED,addtaxper,0,0,0
RM_LOT,_dta_index_RM_LOT_65_686625489__K56_K11_K65_K74_K1_K2_K3_K4_K9_K5_15_20_21_23_25_27_28_29_30_31_32_33_35_51_104_108_109_110_,NONCLUSTERED,addtaxamount,0,0,0
RM_LOT,_dta_index_RM_LOT_65_686625489__K56_K11_K65_K74_K1_K2_K3_K4_K9_K5_15_20_21_23_25_27_28_29_30_31_32_33_35_51_104_108_109_110_,NONCLUSTERED,pinvval,0,0,0
RM_LOT,_dta_index_RM_LOT_65_686625489__K56_K11_K65_K74_K1_K2_K3_K4_K9_K5_15_20_21_23_25_27_28_29_30_31_32_33_35_51_104_108_109_110_,NONCLUSTERED,ALLOWANCEAMT,0,0,0
RM_LOT,_dta_index_RM_LOT_65_686625489__K56_K11_K65_K74_K1_K2_K3_K4_K9_K5_15_20_21_23_25_27_28_29_30_31_32_33_35_51_104_108_109_110_,NONCLUSTERED,CUSTOMSDUTYAMT,0,0,0
RM_LOT,_dta_index_RM_LOT_65_686625489__K56_K11_K65_K74_K1_K2_K3_K4_K9_K5_15_20_21_23_25_27_28_29_30_31_32_33_35_51_104_108_109_110_,NONCLUSTERED,moisture_et,0,0,0
RM_LOT,_dta_index_RM_LOT_65_686625489__K56_K11_K65_K74_K1_K2_K3_K4_K9_K5_15_20_21_23_25_27_28_29_30_31_32_33_35_51_104_108_109_110_,NONCLUSTERED,CashDisper,0,0,0
RM_LOT,_dta_index_RM_LOT_65_686625489__K56_K11_K65_K74_K1_K2_K3_K4_K9_K5_15_20_21_23_25_27_28_29_30_31_32_33_35_51_104_108_109_110_,NONCLUSTERED,cashdisamt,0,0,0
RM_LOT,_dta_index_RM_LOT_65_686625489__K56_K11_K65_K74_K1_K2_K3_K4_K9_K5_15_20_21_23_25_27_28_29_30_31_32_33_35_51_104_108_109_110_,NONCLUSTERED,TradeDisper,0,0,0
RM_LOT,_dta_index_RM_LOT_65_686625489__K56_K11_K65_K74_K1_K2_K3_K4_K9_K5_15_20_21_23_25_27_28_29_30_31_32_33_35_51_104_108_109_110_,NONCLUSTERED,LCINTAMT,0,0,0
RM_LOT,_dta_index_RM_LOT_65_686625489__K56_K11_K65_K74_K1_K2_K3_K4_K9_K5_15_20_21_23_25_27_28_29_30_31_32_33_35_51_104_108_109_110_,NONCLUSTERED,CHARITYAMT,0,0,0
RM_LOT,_dta_index_RM_LOT_65_686625489__K56_K11_K65_K74_K1_K2_K3_K4_K9_K5_15_20_21_23_25_27_28_29_30_31_32_33_35_51_104_108_109_110_,NONCLUSTERED,DAMAGEAMT,0,0,0
RM_LOT,_dta_index_RM_LOT_65_686625489__K56_K11_K65_K74_K1_K2_K3_K4_K9_K5_15_20_21_23_25_27_28_29_30_31_32_33_35_51_104_108_109_110_,NONCLUSTERED,WARPAGEAMT,0,0,0
RM_LOT,_dta_index_RM_LOT_65_686625489__K56_K11_K65_K74_K1_K2_K3_K4_K9_K5_15_20_21_23_25_27_28_29_30_31_32_33_35_51_104_108_109_110_,NONCLUSTERED,CLEARANCEAMT,0,0,0
RM_LOT,_dta_index_RM_LOT_65_686625489__K56_K11_K65_K74_K1_K2_K3_K4_K9_K5_15_20_21_23_25_27_28_29_30_31_32_33_35_51_104_108_109_110_,NONCLUSTERED,OTHERSAMT,0,0,0
RM_LOT,_dta_index_RM_LOT_65_686625489__K56_K11_K65_K74_K1_K2_K3_K4_K9_K5_15_20_21_23_25_27_28_29_30_31_32_33_35_51_104_108_109_110_,NONCLUSTERED,RLYFRTPER,0,0,0
RM_LOT,_dta_index_RM_LOT_65_686625489__K56_K11_K65_K74_K1_K2_K3_K4_K9_K5_15_20_21_23_25_27_28_29_30_31_32_33_35_51_104_108_109_110_,NONCLUSTERED,RLYFRTAMT,0,0,0
RM_LOT,_dta_index_RM_LOT_65_686625489__K56_K11_K65_K74_K1_K2_K3_K4_K9_K5_15_20_21_23_25_27_28_29_30_31_32_33_35_51_104_108_109_110_,NONCLUSTERED,INSPER,0,0,0
RM_LOT,_dta_index_RM_LOT_65_686625489__K56_K11_K65_K74_K1_K2_K3_K4_K9_K5_15_20_21_23_25_27_28_29_30_31_32_33_35_51_104_108_109_110_,NONCLUSTERED,COMMPER,0,0,0
RM_LOT,_dta_index_RM_LOT_65_686625489__K56_K11_K65_K74_K1_K2_K3_K4_K9_K5_15_20_21_23_25_27_28_29_30_31_32_33_35_51_104_108_109_110_,NONCLUSTERED,COMMAMT,0,0,0
RM_LOT,_dta_index_RM_LOT_65_686625489__K56_K11_K65_K74_K1_K2_K3_K4_K9_K5_15_20_21_23_25_27_28_29_30_31_32_33_35_51_104_108_109_110_,NONCLUSTERED,LCINTPER,0,0,0
RM_LOT,_dta_index_RM_LOT_65_686625489__K56_K11_K65_K74_K1_K2_K3_K4_K9_K5_15_20_21_23_25_27_28_29_30_31_32_33_35_51_104_108_109_110_,NONCLUSTERED,CESSAMT,0,0,0
RM_LOT,_dta_index_RM_LOT_65_686625489__K56_K11_K65_K74_K1_K2_K3_K4_K9_K5_15_20_21_23_25_27_28_29_30_31_32_33_35_51_104_108_109_110_,NONCLUSTERED,VATPER,0,0,0
RM_LOT,_dta_index_RM_LOT_65_686625489__K56_K11_K65_K74_K1_K2_K3_K4_K9_K5_15_20_21_23_25_27_28_29_30_31_32_33_35_51_104_108_109_110_,NONCLUSTERED,OTHTAXPER,0,0,0
RM_LOT,_dta_index_RM_LOT_65_686625489__K56_K11_K65_K74_K1_K2_K3_K4_K9_K5_15_20_21_23_25_27_28_29_30_31_32_33_35_51_104_108_109_110_,NONCLUSTERED,OTHTAXAMT,0,0,0
RM_LOT,_dta_index_RM_LOT_65_686625489__K56_K11_K65_K74_K1_K2_K3_K4_K9_K5_15_20_21_23_25_27_28_29_30_31_32_33_35_51_104_108_109_110_,NONCLUSTERED,LRFRTPER,0,0,0
RM_LOT,_dta_index_RM_LOT_65_686625489__K56_K11_K65_K74_K1_K2_K3_K4_K9_K5_15_20_21_23_25_27_28_29_30_31_32_33_35_51_104_108_109_110_,NONCLUSTERED,LRFRTAMT,0,0,0
RM_LOT,_dta_index_RM_LOT_65_686625489__K56_K11_K65_K74_K1_K2_K3_K4_K9_K5_15_20_21_23_25_27_28_29_30_31_32_33_35_51_104_108_109_110_,NONCLUSTERED,VATAMT,0,0,0
RM_LOT,_dta_index_RM_LOT_65_686625489__K56_K11_K65_K74_K1_K2_K3_K4_K9_K5_15_20_21_23_25_27_28_29_30_31_32_33_35_51_104_108_109_110_,NONCLUSTERED,BEDPER,0,0,0
RM_LOT,_dta_index_RM_LOT_65_686625489__K56_K11_K65_K74_K1_K2_K3_K4_K9_K5_15_20_21_23_25_27_28_29_30_31_32_33_35_51_104_108_109_110_,NONCLUSTERED,SEDPER,0,0,0
RM_LOT,_dta_index_RM_LOT_65_686625489__K56_K11_K65_K74_K1_K2_K3_K4_K9_K5_15_20_21_23_25_27_28_29_30_31_32_33_35_51_104_108_109_110_,NONCLUSTERED,SEDAMT,0,0,0
RM_LOT,_dta_index_RM_LOT_65_686625489__K56_K11_K65_K74_K1_K2_K3_K4_K9_K5_15_20_21_23_25_27_28_29_30_31_32_33_35_51_104_108_109_110_,NONCLUSTERED,AEDPER,0,0,0
RM_LOT,_dta_index_RM_LOT_65_686625489__K56_K11_K65_K74_K1_K2_K3_K4_K9_K5_15_20_21_23_25_27_28_29_30_31_32_33_35_51_104_108_109_110_,NONCLUSTERED,CESSPER,0,0,0
RM_LOT,_dta_index_RM_LOT_65_686625489__K56_K11_K65_K74_K1_K2_K3_K4_K9_K5_15_20_21_23_25_27_28_29_30_31_32_33_35_51_104_108_109_110_,NONCLUSTERED,AEDAMT,0,0,0
RM_LOT,_dta_index_RM_LOT_65_686625489__K56_K11_K65_K74_K1_K2_K3_K4_K9_K5_15_20_21_23_25_27_28_29_30_31_32_33_35_51_104_108_109_110_,NONCLUSTERED,TOTLANDCOST,0,0,0
RM_LOT,_dta_index_RM_LOT_65_686625489__K56_K11_K65_K74_K1_K2_K3_K4_K9_K5_15_20_21_23_25_27_28_29_30_31_32_33_35_51_104_108_109_110_,NONCLUSTERED,GRSWGT,0,0,0
RM_LOT,_dta_index_RM_LOT_65_686625489__K56_K11_K65_K74_K1_K2_K3_K4_K9_K5_15_20_21_23_25_27_28_29_30_31_32_33_35_51_104_108_109_110_,NONCLUSTERED,TAREWT,0,0,0
RM_LOT,_dta_index_RM_LOT_65_686625489__K56_K11_K65_K74_K1_K2_K3_K4_K9_K5_15_20_21_23_25_27_28_29_30_31_32_33_35_51_104_108_109_110_,NONCLUSTERED,NETWT,0,0,0
RM_LOT,_dta_index_RM_LOT_65_686625489__K56_K11_K65_K74_K1_K2_K3_K4_K9_K5_15_20_21_23_25_27_28_29_30_31_32_33_35_51_104_108_109_110_,NONCLUSTERED,PJAMT,0,0,0
RM_LOT,_dta_index_RM_LOT_65_686625489__K56_K11_K65_K74_K1_K2_K3_K4_K9_K5_15_20_21_23_25_27_28_29_30_31_32_33_35_51_104_108_109_110_,NONCLUSTERED,LDGULG,0,0,0
RM_LOT,_dta_index_RM_LOT_65_686625489__K56_K11_K65_K74_K1_K2_K3_K4_K9_K5_15_20_21_23_25_27_28_29_30_31_32_33_35_51_104_108_109_110_,NONCLUSTERED,BRKCOM,0,0,0
RM_LOT,_dta_index_RM_LOT_65_686625489__K56_K11_K65_K74_K1_K2_K3_K4_K9_K5_15_20_21_23_25_27_28_29_30_31_32_33_35_51_104_108_109_110_,NONCLUSTERED,DNAMT1,0,0,0
RM_LOT,_dta_index_RM_LOT_65_686625489__K56_K11_K65_K74_K1_K2_K3_K4_K9_K5_15_20_21_23_25_27_28_29_30_31_32_33_35_51_104_108_109_110_,NONCLUSTERED,SPOTEXP,0,0,0
RM_LOT,_dta_index_RM_LOT_65_686625489__K56_K11_K65_K74_K1_K2_K3_K4_K9_K5_15_20_21_23_25_27_28_29_30_31_32_33_35_51_104_108_109_110_,NONCLUSTERED,INSAMT,0,0,0
RM_LOT,_dta_index_RM_LOT_65_686625489__K56_K11_K65_K74_K1_K2_K3_K4_K9_K5_15_20_21_23_25_27_28_29_30_31_32_33_35_51_104_108_109_110_,NONCLUSTERED,BEDAMT,0,0,0
RM_LOT,_dta_index_RM_LOT_65_686625489__K56_K11_K65_K74_K1_K2_K3_K4_K9_K5_15_20_21_23_25_27_28_29_30_31_32_33_35_51_104_108_109_110_,NONCLUSTERED,OPFLG,1,0,0
RM_LOT,_dta_index_RM_LOT_65_686625489__K56_K11_K65_K74_K1_K2_K3_K4_K9_K5_15_20_21_23_25_27_28_29_30_31_32_33_35_51_104_108_109_110_,NONCLUSTERED,ARRNO,2,0,0
RM_LOT,_dta_index_RM_LOT_65_686625489__K56_K11_K65_K74_K1_K2_K3_K4_K9_K5_15_20_21_23_25_27_28_29_30_31_32_33_35_51_104_108_109_110_,NONCLUSTERED,ARRDT,3,0,0
RM_LOT,_dta_index_RM_LOT_65_686625489__K56_K11_K65_K74_K1_K2_K3_K4_K9_K5_15_20_21_23_25_27_28_29_30_31_32_33_35_51_104_108_109_110_,NONCLUSTERED,LOTYEAR,4,0,0
RM_LOT,_dta_index_RM_LOT_65_686625489__K56_K11_K65_K74_K1_K2_K3_K4_K9_K5_15_20_21_23_25_27_28_29_30_31_32_33_35_51_104_108_109_110_,NONCLUSTERED,DIVCODE,5,0,0
RM_LOT,_dta_index_RM_LOT_65_686625489__K56_K11_K65_K74_K1_K2_K3_K4_K9_K5_15_20_21_23_25_27_28_29_30_31_32_33_35_51_104_108_109_110_,NONCLUSTERED,CATCD,6,0,0
RM_LOT,_dta_index_RM_LOT_65_686625489__K56_K11_K65_K74_K1_K2_K3_K4_K9_K5_15_20_21_23_25_27_28_29_30_31_32_33_35_51_104_108_109_110_,NONCLUSTERED,LOTNO,7,0,0
RM_LOT,_dta_index_RM_LOT_65_686625489__K56_K11_K65_K74_K1_K2_K3_K4_K9_K5_15_20_21_23_25_27_28_29_30_31_32_33_35_51_104_108_109_110_,NONCLUSTERED,LOTDT,8,0,0
RM_LOT,_dta_index_RM_LOT_65_686625489__K56_K11_K65_K74_K1_K2_K3_K4_K9_K5_15_20_21_23_25_27_28_29_30_31_32_33_35_51_104_108_109_110_,NONCLUSTERED,VARCODE,9,0,0
RM_LOT,_dta_index_RM_LOT_65_686625489__K56_K11_K65_K74_K1_K2_K3_K4_K9_K5_15_20_21_23_25_27_28_29_30_31_32_33_35_51_104_108_109_110_,NONCLUSTERED,LOTTYPE,10,0,0
RM_LOT,_dta_index_RM_LOT_65_686625489__K6_K1_K56_K5_K2_K3_K4_K9_K74,NONCLUSTERED,SUPCD,1,0,0
RM_LOT,_dta_index_RM_LOT_65_686625489__K6_K1_K56_K5_K2_K3_K4_K9_K74,NONCLUSTERED,DIVCODE,2,0,0
RM_LOT,_dta_index_RM_LOT_65_686625489__K6_K1_K56_K5_K2_K3_K4_K9_K74,NONCLUSTERED,OPFLG,3,0,0
RM_LOT,_dta_index_RM_LOT_65_686625489__K6_K1_K56_K5_K2_K3_K4_K9_K74,NONCLUSTERED,LOTTYPE,4,0,0
RM_LOT,_dta_index_RM_LOT_65_686625489__K6_K1_K56_K5_K2_K3_K4_K9_K74,NONCLUSTERED,CATCD,5,0,0
RM_LOT,_dta_index_RM_LOT_65_686625489__K6_K1_K56_K5_K2_K3_K4_K9_K74,NONCLUSTERED,LOTNO,6,0,0
RM_LOT,_dta_index_RM_LOT_65_686625489__K6_K1_K56_K5_K2_K3_K4_K9_K74,NONCLUSTERED,LOTDT,7,0,0
RM_LOT,_dta_index_RM_LOT_65_686625489__K6_K1_K56_K5_K2_K3_K4_K9_K74,NONCLUSTERED,VARCODE,8,0,0
RM_LOT,_dta_index_RM_LOT_65_686625489__K6_K1_K56_K5_K2_K3_K4_K9_K74,NONCLUSTERED,LOTYEAR,9,0,0
RM_LOT,_dta_index_RM_LOT_65_686625489__K6_K4_K3_K1_K5_K2_K9_K74_7_12_13_23_25_28_29_30_31_32_33_35_36_37_38_39_48_49_50_51_52_80_81_,NONCLUSTERED,BRKCD,0,0,0
RM_LOT,_dta_index_RM_LOT_65_686625489__K6_K4_K3_K1_K5_K2_K9_K74_7_12_13_23_25_28_29_30_31_32_33_35_36_37_38_39_48_49_50_51_52_80_81_,NONCLUSTERED,BILLNO,0,0,0
RM_LOT,_dta_index_RM_LOT_65_686625489__K6_K4_K3_K1_K5_K2_K9_K74_7_12_13_23_25_28_29_30_31_32_33_35_36_37_38_39_48_49_50_51_52_80_81_,NONCLUSTERED,BILLDT,0,0,0
RM_LOT,_dta_index_RM_LOT_65_686625489__K6_K4_K3_K1_K5_K2_K9_K74_7_12_13_23_25_28_29_30_31_32_33_35_36_37_38_39_48_49_50_51_52_80_81_,NONCLUSTERED,BRKCOM,0,0,0
RM_LOT,_dta_index_RM_LOT_65_686625489__K6_K4_K3_K1_K5_K2_K9_K74_7_12_13_23_25_28_29_30_31_32_33_35_36_37_38_39_48_49_50_51_52_80_81_,NONCLUSTERED,ASGSTAMT,0,0,0
RM_LOT,_dta_index_RM_LOT_65_686625489__K6_K4_K3_K1_K5_K2_K9_K74_7_12_13_23_25_28_29_30_31_32_33_35_36_37_38_39_48_49_50_51_52_80_81_,NONCLUSTERED,AIGSTAMT,0,0,0
RM_LOT,_dta_index_RM_LOT_65_686625489__K6_K4_K3_K1_K5_K2_K9_K74_7_12_13_23_25_28_29_30_31_32_33_35_36_37_38_39_48_49_50_51_52_80_81_,NONCLUSTERED,be_date,0,0,0
RM_LOT,_dta_index_RM_LOT_65_686625489__K6_K4_K3_K1_K5_K2_K9_K74_7_12_13_23_25_28_29_30_31_32_33_35_36_37_38_39_48_49_50_51_52_80_81_,NONCLUSTERED,duty_Wt,0,0,0
RM_LOT,_dta_index_RM_LOT_65_686625489__K6_K4_K3_K1_K5_K2_K9_K74_7_12_13_23_25_28_29_30_31_32_33_35_36_37_38_39_48_49_50_51_52_80_81_,NONCLUSTERED,DutyValue,0,0,0
RM_LOT,_dta_index_RM_LOT_65_686625489__K6_K4_K3_K1_K5_K2_K9_K74_7_12_13_23_25_28_29_30_31_32_33_35_36_37_38_39_48_49_50_51_52_80_81_,NONCLUSTERED,potype,0,0,0
RM_LOT,_dta_index_RM_LOT_65_686625489__K6_K4_K3_K1_K5_K2_K9_K74_7_12_13_23_25_28_29_30_31_32_33_35_36_37_38_39_48_49_50_51_52_80_81_,NONCLUSTERED,Advance_amt,0,0,0
RM_LOT,_dta_index_RM_LOT_65_686625489__K6_K4_K3_K1_K5_K2_K9_K74_7_12_13_23_25_28_29_30_31_32_33_35_36_37_38_39_48_49_50_51_52_80_81_,NONCLUSTERED,ACGSTAMT,0,0,0
RM_LOT,_dta_index_RM_LOT_65_686625489__K6_K4_K3_K1_K5_K2_K9_K74_7_12_13_23_25_28_29_30_31_32_33_35_36_37_38_39_48_49_50_51_52_80_81_,NONCLUSTERED,ComWt_Flg,0,0,0
RM_LOT,_dta_index_RM_LOT_65_686625489__K6_K4_K3_K1_K5_K2_K9_K74_7_12_13_23_25_28_29_30_31_32_33_35_36_37_38_39_48_49_50_51_52_80_81_,NONCLUSTERED,IDPer,0,0,0
RM_LOT,_dta_index_RM_LOT_65_686625489__K6_K4_K3_K1_K5_K2_K9_K74_7_12_13_23_25_28_29_30_31_32_33_35_36_37_38_39_48_49_50_51_52_80_81_,NONCLUSTERED,IDAmt,0,0,0
RM_LOT,_dta_index_RM_LOT_65_686625489__K6_K4_K3_K1_K5_K2_K9_K74_7_12_13_23_25_28_29_30_31_32_33_35_36_37_38_39_48_49_50_51_52_80_81_,NONCLUSTERED,welfareAmt,0,0,0
RM_LOT,_dta_index_RM_LOT_65_686625489__K6_K4_K3_K1_K5_K2_K9_K74_7_12_13_23_25_28_29_30_31_32_33_35_36_37_38_39_48_49_50_51_52_80_81_,NONCLUSTERED,welfarePer,0,0,0
RM_LOT,_dta_index_RM_LOT_65_686625489__K6_K4_K3_K1_K5_K2_K9_K74_7_12_13_23_25_28_29_30_31_32_33_35_36_37_38_39_48_49_50_51_52_80_81_,NONCLUSTERED,be_no,0,0,0
RM_LOT,_dta_index_RM_LOT_65_686625489__K6_K4_K3_K1_K5_K2_K9_K74_7_12_13_23_25_28_29_30_31_32_33_35_36_37_38_39_48_49_50_51_52_80_81_,NONCLUSTERED,sgstper,0,0,0
RM_LOT,_dta_index_RM_LOT_65_686625489__K6_K4_K3_K1_K5_K2_K9_K74_7_12_13_23_25_28_29_30_31_32_33_35_36_37_38_39_48_49_50_51_52_80_81_,NONCLUSTERED,sgstamt,0,0,0
RM_LOT,_dta_index_RM_LOT_65_686625489__K6_K4_K3_K1_K5_K2_K9_K74_7_12_13_23_25_28_29_30_31_32_33_35_36_37_38_39_48_49_50_51_52_80_81_,NONCLUSTERED,igstper,0,0,0
RM_LOT,_dta_index_RM_LOT_65_686625489__K6_K4_K3_K1_K5_K2_K9_K74_7_12_13_23_25_28_29_30_31_32_33_35_36_37_38_39_48_49_50_51_52_80_81_,NONCLUSTERED,igstamt,0,0,0
RM_LOT,_dta_index_RM_LOT_65_686625489__K6_K4_K3_K1_K5_K2_K9_K74_7_12_13_23_25_28_29_30_31_32_33_35_36_37_38_39_48_49_50_51_52_80_81_,NONCLUSTERED,ExchangeRate,0,0,0
RM_LOT,_dta_index_RM_LOT_65_686625489__K6_K4_K3_K1_K5_K2_K9_K74_7_12_13_23_25_28_29_30_31_32_33_35_36_37_38_39_48_49_50_51_52_80_81_,NONCLUSTERED,Comm_Wt,0,0,0
RM_LOT,_dta_index_RM_LOT_65_686625489__K6_K4_K3_K1_K5_K2_K9_K74_7_12_13_23_25_28_29_30_31_32_33_35_36_37_38_39_48_49_50_51_52_80_81_,NONCLUSTERED,brkcomPer,0,0,0
RM_LOT,_dta_index_RM_LOT_65_686625489__K6_K4_K3_K1_K5_K2_K9_K74_7_12_13_23_25_28_29_30_31_32_33_35_36_37_38_39_48_49_50_51_52_80_81_,NONCLUSTERED,SuppBillvalue,0,0,0
RM_LOT,_dta_index_RM_LOT_65_686625489__K6_K4_K3_K1_K5_K2_K9_K74_7_12_13_23_25_28_29_30_31_32_33_35_36_37_38_39_48_49_50_51_52_80_81_,NONCLUSTERED,SICAAmt,0,0,0
RM_LOT,_dta_index_RM_LOT_65_686625489__K6_K4_K3_K1_K5_K2_K9_K74_7_12_13_23_25_28_29_30_31_32_33_35_36_37_38_39_48_49_50_51_52_80_81_,NONCLUSTERED,HSN,0,0,0
RM_LOT,_dta_index_RM_LOT_65_686625489__K6_K4_K3_K1_K5_K2_K9_K74_7_12_13_23_25_28_29_30_31_32_33_35_36_37_38_39_48_49_50_51_52_80_81_,NONCLUSTERED,cgstper,0,0,0
RM_LOT,_dta_index_RM_LOT_65_686625489__K6_K4_K3_K1_K5_K2_K9_K74_7_12_13_23_25_28_29_30_31_32_33_35_36_37_38_39_48_49_50_51_52_80_81_,NONCLUSTERED,cgstamt,0,0,0
RM_LOT,_dta_index_RM_LOT_65_686625489__K6_K4_K3_K1_K5_K2_K9_K74_7_12_13_23_25_28_29_30_31_32_33_35_36_37_38_39_48_49_50_51_52_80_81_,NONCLUSTERED,Rateunit,0,0,0
RM_LOT,_dta_index_RM_LOT_65_686625489__K6_K4_K3_K1_K5_K2_K9_K74_7_12_13_23_25_28_29_30_31_32_33_35_36_37_38_39_48_49_50_51_52_80_81_,NONCLUSTERED,addtaxcode,0,0,0
RM_LOT,_dta_index_RM_LOT_65_686625489__K6_K4_K3_K1_K5_K2_K9_K74_7_12_13_23_25_28_29_30_31_32_33_35_36_37_38_39_48_49_50_51_52_80_81_,NONCLUSTERED,addtaxper,0,0,0
RM_LOT,_dta_index_RM_LOT_65_686625489__K6_K4_K3_K1_K5_K2_K9_K74_7_12_13_23_25_28_29_30_31_32_33_35_36_37_38_39_48_49_50_51_52_80_81_,NONCLUSTERED,addtaxamount,0,0,0
RM_LOT,_dta_index_RM_LOT_65_686625489__K6_K4_K3_K1_K5_K2_K9_K74_7_12_13_23_25_28_29_30_31_32_33_35_36_37_38_39_48_49_50_51_52_80_81_,NONCLUSTERED,favaourablewgt,0,0,0
RM_LOT,_dta_index_RM_LOT_65_686625489__K6_K4_K3_K1_K5_K2_K9_K74_7_12_13_23_25_28_29_30_31_32_33_35_36_37_38_39_48_49_50_51_52_80_81_,NONCLUSTERED,weightflg,0,0,0
RM_LOT,_dta_index_RM_LOT_65_686625489__K6_K4_K3_K1_K5_K2_K9_K74_7_12_13_23_25_28_29_30_31_32_33_35_36_37_38_39_48_49_50_51_52_80_81_,NONCLUSTERED,rebate,0,0,0
RM_LOT,_dta_index_RM_LOT_65_686625489__K6_K4_K3_K1_K5_K2_K9_K74_7_12_13_23_25_28_29_30_31_32_33_35_36_37_38_39_48_49_50_51_52_80_81_,NONCLUSTERED,shipchrg,0,0,0
RM_LOT,_dta_index_RM_LOT_65_686625489__K6_K4_K3_K1_K5_K2_K9_K74_7_12_13_23_25_28_29_30_31_32_33_35_36_37_38_39_48_49_50_51_52_80_81_,NONCLUSTERED,weighbridgewt,0,0,0
RM_LOT,_dta_index_RM_LOT_65_686625489__K6_K4_K3_K1_K5_K2_K9_K74_7_12_13_23_25_28_29_30_31_32_33_35_36_37_38_39_48_49_50_51_52_80_81_,NONCLUSTERED,inwardno,0,0,0
RM_LOT,_dta_index_RM_LOT_65_686625489__K6_K4_K3_K1_K5_K2_K9_K74_7_12_13_23_25_28_29_30_31_32_33_35_36_37_38_39_48_49_50_51_52_80_81_,NONCLUSTERED,inwarddate,0,0,0
RM_LOT,_dta_index_RM_LOT_65_686625489__K6_K4_K3_K1_K5_K2_K9_K74_7_12_13_23_25_28_29_30_31_32_33_35_36_37_38_39_48_49_50_51_52_80_81_,NONCLUSTERED,OtherTaxableAmt,0,0,0
RM_LOT,_dta_index_RM_LOT_65_686625489__K6_K4_K3_K1_K5_K2_K9_K74_7_12_13_23_25_28_29_30_31_32_33_35_36_37_38_39_48_49_50_51_52_80_81_,NONCLUSTERED,CUSTOMSDUTYAMT,0,0,0
RM_LOT,_dta_index_RM_LOT_65_686625489__K6_K4_K3_K1_K5_K2_K9_K74_7_12_13_23_25_28_29_30_31_32_33_35_36_37_38_39_48_49_50_51_52_80_81_,NONCLUSTERED,moisture_et,0,0,0
RM_LOT,_dta_index_RM_LOT_65_686625489__K6_K4_K3_K1_K5_K2_K9_K74_7_12_13_23_25_28_29_30_31_32_33_35_36_37_38_39_48_49_50_51_52_80_81_,NONCLUSTERED,CashDisper,0,0,0
RM_LOT,_dta_index_RM_LOT_65_686625489__K6_K4_K3_K1_K5_K2_K9_K74_7_12_13_23_25_28_29_30_31_32_33_35_36_37_38_39_48_49_50_51_52_80_81_,NONCLUSTERED,cashdisamt,0,0,0
RM_LOT,_dta_index_RM_LOT_65_686625489__K6_K4_K3_K1_K5_K2_K9_K74_7_12_13_23_25_28_29_30_31_32_33_35_36_37_38_39_48_49_50_51_52_80_81_,NONCLUSTERED,TradeDisper,0,0,0
RM_LOT,_dta_index_RM_LOT_65_686625489__K6_K4_K3_K1_K5_K2_K9_K74_7_12_13_23_25_28_29_30_31_32_33_35_36_37_38_39_48_49_50_51_52_80_81_,NONCLUSTERED,tradedisamt,0,0,0
RM_LOT,_dta_index_RM_LOT_65_686625489__K6_K4_K3_K1_K5_K2_K9_K74_7_12_13_23_25_28_29_30_31_32_33_35_36_37_38_39_48_49_50_51_52_80_81_,NONCLUSTERED,LCINTPER,0,0,0
RM_LOT,_dta_index_RM_LOT_65_686625489__K6_K4_K3_K1_K5_K2_K9_K74_7_12_13_23_25_28_29_30_31_32_33_35_36_37_38_39_48_49_50_51_52_80_81_,NONCLUSTERED,LCINTAMT,0,0,0
RM_LOT,_dta_index_RM_LOT_65_686625489__K6_K4_K3_K1_K5_K2_K9_K74_7_12_13_23_25_28_29_30_31_32_33_35_36_37_38_39_48_49_50_51_52_80_81_,NONCLUSTERED,CHARITYAMT,0,0,0
RM_LOT,_dta_index_RM_LOT_65_686625489__K6_K4_K3_K1_K5_K2_K9_K74_7_12_13_23_25_28_29_30_31_32_33_35_36_37_38_39_48_49_50_51_52_80_81_,NONCLUSTERED,DAMAGEAMT,0,0,0
RM_LOT,_dta_index_RM_LOT_65_686625489__K6_K4_K3_K1_K5_K2_K9_K74_7_12_13_23_25_28_29_30_31_32_33_35_36_37_38_39_48_49_50_51_52_80_81_,NONCLUSTERED,CLEARANCEAMT,0,0,0
RM_LOT,_dta_index_RM_LOT_65_686625489__K6_K4_K3_K1_K5_K2_K9_K74_7_12_13_23_25_28_29_30_31_32_33_35_36_37_38_39_48_49_50_51_52_80_81_,NONCLUSTERED,OTHERSAMT,0,0,0
RM_LOT,_dta_index_RM_LOT_65_686625489__K6_K4_K3_K1_K5_K2_K9_K74_7_12_13_23_25_28_29_30_31_32_33_35_36_37_38_39_48_49_50_51_52_80_81_,NONCLUSTERED,LRFRTAMT,0,0,0
RM_LOT,_dta_index_RM_LOT_65_686625489__K6_K4_K3_K1_K5_K2_K9_K74_7_12_13_23_25_28_29_30_31_32_33_35_36_37_38_39_48_49_50_51_52_80_81_,NONCLUSTERED,RLYFRTPER,0,0,0
RM_LOT,_dta_index_RM_LOT_65_686625489__K6_K4_K3_K1_K5_K2_K9_K74_7_12_13_23_25_28_29_30_31_32_33_35_36_37_38_39_48_49_50_51_52_80_81_,NONCLUSTERED,RLYFRTAMT,0,0,0
RM_LOT,_dta_index_RM_LOT_65_686625489__K6_K4_K3_K1_K5_K2_K9_K74_7_12_13_23_25_28_29_30_31_32_33_35_36_37_38_39_48_49_50_51_52_80_81_,NONCLUSTERED,INSPER,0,0,0
RM_LOT,_dta_index_RM_LOT_65_686625489__K6_K4_K3_K1_K5_K2_K9_K74_7_12_13_23_25_28_29_30_31_32_33_35_36_37_38_39_48_49_50_51_52_80_81_,NONCLUSTERED,COMMPER,0,0,0
RM_LOT,_dta_index_RM_LOT_65_686625489__K6_K4_K3_K1_K5_K2_K9_K74_7_12_13_23_25_28_29_30_31_32_33_35_36_37_38_39_48_49_50_51_52_80_81_,NONCLUSTERED,COMMAMT,0,0,0
RM_LOT,_dta_index_RM_LOT_65_686625489__K6_K4_K3_K1_K5_K2_K9_K74_7_12_13_23_25_28_29_30_31_32_33_35_36_37_38_39_48_49_50_51_52_80_81_,NONCLUSTERED,VATPER,0,0,0
RM_LOT,_dta_index_RM_LOT_65_686625489__K6_K4_K3_K1_K5_K2_K9_K74_7_12_13_23_25_28_29_30_31_32_33_35_36_37_38_39_48_49_50_51_52_80_81_,NONCLUSTERED,SCPER,0,0,0
RM_LOT,_dta_index_RM_LOT_65_686625489__K6_K4_K3_K1_K5_K2_K9_K74_7_12_13_23_25_28_29_30_31_32_33_35_36_37_38_39_48_49_50_51_52_80_81_,NONCLUSTERED,SCAMT,0,0,0
RM_LOT,_dta_index_RM_LOT_65_686625489__K6_K4_K3_K1_K5_K2_K9_K74_7_12_13_23_25_28_29_30_31_32_33_35_36_37_38_39_48_49_50_51_52_80_81_,NONCLUSTERED,OTHTAXPER,0,0,0
RM_LOT,_dta_index_RM_LOT_65_686625489__K6_K4_K3_K1_K5_K2_K9_K74_7_12_13_23_25_28_29_30_31_32_33_35_36_37_38_39_48_49_50_51_52_80_81_,NONCLUSTERED,OTHTAXAMT,0,0,0
RM_LOT,_dta_index_RM_LOT_65_686625489__K6_K4_K3_K1_K5_K2_K9_K74_7_12_13_23_25_28_29_30_31_32_33_35_36_37_38_39_48_49_50_51_52_80_81_,NONCLUSTERED,LRFRTPER,0,0,0
RM_LOT,_dta_index_RM_LOT_65_686625489__K6_K4_K3_K1_K5_K2_K9_K74_7_12_13_23_25_28_29_30_31_32_33_35_36_37_38_39_48_49_50_51_52_80_81_,NONCLUSTERED,BEDPER,0,0,0
RM_LOT,_dta_index_RM_LOT_65_686625489__K6_K4_K3_K1_K5_K2_K9_K74_7_12_13_23_25_28_29_30_31_32_33_35_36_37_38_39_48_49_50_51_52_80_81_,NONCLUSTERED,SEDPER,0,0,0
RM_LOT,_dta_index_RM_LOT_65_686625489__K6_K4_K3_K1_K5_K2_K9_K74_7_12_13_23_25_28_29_30_31_32_33_35_36_37_38_39_48_49_50_51_52_80_81_,NONCLUSTERED,SEDAMT,0,0,0
RM_LOT,_dta_index_RM_LOT_65_686625489__K6_K4_K3_K1_K5_K2_K9_K74_7_12_13_23_25_28_29_30_31_32_33_35_36_37_38_39_48_49_50_51_52_80_81_,NONCLUSTERED,AEDPER,0,0,0
RM_LOT,_dta_index_RM_LOT_65_686625489__K6_K4_K3_K1_K5_K2_K9_K74_7_12_13_23_25_28_29_30_31_32_33_35_36_37_38_39_48_49_50_51_52_80_81_,NONCLUSTERED,CESSPER,0,0,0
RM_LOT,_dta_index_RM_LOT_65_686625489__K6_K4_K3_K1_K5_K2_K9_K74_7_12_13_23_25_28_29_30_31_32_33_35_36_37_38_39_48_49_50_51_52_80_81_,NONCLUSTERED,CESSAMT,0,0,0
RM_LOT,_dta_index_RM_LOT_65_686625489__K6_K4_K3_K1_K5_K2_K9_K74_7_12_13_23_25_28_29_30_31_32_33_35_36_37_38_39_48_49_50_51_52_80_81_,NONCLUSTERED,PTAREWT,0,0,0
RM_LOT,_dta_index_RM_LOT_65_686625489__K6_K4_K3_K1_K5_K2_K9_K74_7_12_13_23_25_28_29_30_31_32_33_35_36_37_38_39_48_49_50_51_52_80_81_,NONCLUSTERED,PNETWT,0,0,0
RM_LOT,_dta_index_RM_LOT_65_686625489__K6_K4_K3_K1_K5_K2_K9_K74_7_12_13_23_25_28_29_30_31_32_33_35_36_37_38_39_48_49_50_51_52_80_81_,NONCLUSTERED,adjvalue,0,0,0
RM_LOT,_dta_index_RM_LOT_65_686625489__K6_K4_K3_K1_K5_K2_K9_K74_7_12_13_23_25_28_29_30_31_32_33_35_36_37_38_39_48_49_50_51_52_80_81_,NONCLUSTERED,DBAMT,0,0,0
RM_LOT,_dta_index_RM_LOT_65_686625489__K6_K4_K3_K1_K5_K2_K9_K74_7_12_13_23_25_28_29_30_31_32_33_35_36_37_38_39_48_49_50_51_52_80_81_,NONCLUSTERED,Tax_code,0,0,0
RM_LOT,_dta_index_RM_LOT_65_686625489__K6_K4_K3_K1_K5_K2_K9_K74_7_12_13_23_25_28_29_30_31_32_33_35_36_37_38_39_48_49_50_51_52_80_81_,NONCLUSTERED,VATAMT,0,0,0
RM_LOT,_dta_index_RM_LOT_65_686625489__K6_K4_K3_K1_K5_K2_K9_K74_7_12_13_23_25_28_29_30_31_32_33_35_36_37_38_39_48_49_50_51_52_80_81_,NONCLUSTERED,PJTC,0,0,0
RM_LOT,_dta_index_RM_LOT_65_686625489__K6_K4_K3_K1_K5_K2_K9_K74_7_12_13_23_25_28_29_30_31_32_33_35_36_37_38_39_48_49_50_51_52_80_81_,NONCLUSTERED,PJNO,0,0,0
RM_LOT,_dta_index_RM_LOT_65_686625489__K6_K4_K3_K1_K5_K2_K9_K74_7_12_13_23_25_28_29_30_31_32_33_35_36_37_38_39_48_49_50_51_52_80_81_,NONCLUSTERED,PJDT,0,0,0
RM_LOT,_dta_index_RM_LOT_65_686625489__K6_K4_K3_K1_K5_K2_K9_K74_7_12_13_23_25_28_29_30_31_32_33_35_36_37_38_39_48_49_50_51_52_80_81_,NONCLUSTERED,PJAMT,0,0,0
RM_LOT,_dta_index_RM_LOT_65_686625489__K6_K4_K3_K1_K5_K2_K9_K74_7_12_13_23_25_28_29_30_31_32_33_35_36_37_38_39_48_49_50_51_52_80_81_,NONCLUSTERED,PTYPE,0,0,0
RM_LOT,_dta_index_RM_LOT_65_686625489__K6_K4_K3_K1_K5_K2_K9_K74_7_12_13_23_25_28_29_30_31_32_33_35_36_37_38_39_48_49_50_51_52_80_81_,NONCLUSTERED,PGRSWT,0,0,0
RM_LOT,_dta_index_RM_LOT_65_686625489__K6_K4_K3_K1_K5_K2_K9_K74_7_12_13_23_25_28_29_30_31_32_33_35_36_37_38_39_48_49_50_51_52_80_81_,NONCLUSTERED,TAREWT,0,0,0
RM_LOT,_dta_index_RM_LOT_65_686625489__K6_K4_K3_K1_K5_K2_K9_K74_7_12_13_23_25_28_29_30_31_32_33_35_36_37_38_39_48_49_50_51_52_80_81_,NONCLUSTERED,NETWT,0,0,0
RM_LOT,_dta_index_RM_LOT_65_686625489__K6_K4_K3_K1_K5_K2_K9_K74_7_12_13_23_25_28_29_30_31_32_33_35_36_37_38_39_48_49_50_51_52_80_81_,NONCLUSTERED,BBLFLG,0,0,0
RM_LOT,_dta_index_RM_LOT_65_686625489__K6_K4_K3_K1_K5_K2_K9_K74_7_12_13_23_25_28_29_30_31_32_33_35_36_37_38_39_48_49_50_51_52_80_81_,NONCLUSTERED,BALES,0,0,0
RM_LOT,_dta_index_RM_LOT_65_686625489__K6_K4_K3_K1_K5_K2_K9_K74_7_12_13_23_25_28_29_30_31_32_33_35_36_37_38_39_48_49_50_51_52_80_81_,NONCLUSTERED,RATEKG,0,0,0
RM_LOT,_dta_index_RM_LOT_65_686625489__K6_K4_K3_K1_K5_K2_K9_K74_7_12_13_23_25_28_29_30_31_32_33_35_36_37_38_39_48_49_50_51_52_80_81_,NONCLUSTERED,RATECY,0,0,0
RM_LOT,_dta_index_RM_LOT_65_686625489__K6_K4_K3_K1_K5_K2_K9_K74_7_12_13_23_25_28_29_30_31_32_33_35_36_37_38_39_48_49_50_51_52_80_81_,NONCLUSTERED,DNAMT1,0,0,0
RM_LOT,_dta_index_RM_LOT_65_686625489__K6_K4_K3_K1_K5_K2_K9_K74_7_12_13_23_25_28_29_30_31_32_33_35_36_37_38_39_48_49_50_51_52_80_81_,NONCLUSTERED,INSAMT,0,0,0
RM_LOT,_dta_index_RM_LOT_65_686625489__K6_K4_K3_K1_K5_K2_K9_K74_7_12_13_23_25_28_29_30_31_32_33_35_36_37_38_39_48_49_50_51_52_80_81_,NONCLUSTERED,BEDAMT,0,0,0
RM_LOT,_dta_index_RM_LOT_65_686625489__K6_K4_K3_K1_K5_K2_K9_K74_7_12_13_23_25_28_29_30_31_32_33_35_36_37_38_39_48_49_50_51_52_80_81_,NONCLUSTERED,AEDAMT,0,0,0
RM_LOT,_dta_index_RM_LOT_65_686625489__K6_K4_K3_K1_K5_K2_K9_K74_7_12_13_23_25_28_29_30_31_32_33_35_36_37_38_39_48_49_50_51_52_80_81_,NONCLUSTERED,TOTLANDCOST,0,0,0
RM_LOT,_dta_index_RM_LOT_65_686625489__K6_K4_K3_K1_K5_K2_K9_K74_7_12_13_23_25_28_29_30_31_32_33_35_36_37_38_39_48_49_50_51_52_80_81_,NONCLUSTERED,GRSWGT,0,0,0
RM_LOT,_dta_index_RM_LOT_65_686625489__K6_K4_K3_K1_K5_K2_K9_K74_7_12_13_23_25_28_29_30_31_32_33_35_36_37_38_39_48_49_50_51_52_80_81_,NONCLUSTERED,SUPCD,1,0,0
RM_LOT,_dta_index_RM_LOT_65_686625489__K6_K4_K3_K1_K5_K2_K9_K74_7_12_13_23_25_28_29_30_31_32_33_35_36_37_38_39_48_49_50_51_52_80_81_,NONCLUSTERED,LOTDT,2,0,0
RM_LOT,_dta_index_RM_LOT_65_686625489__K6_K4_K3_K1_K5_K2_K9_K74_7_12_13_23_25_28_29_30_31_32_33_35_36_37_38_39_48_49_50_51_52_80_81_,NONCLUSTERED,LOTNO,3,0,0
RM_LOT,_dta_index_RM_LOT_65_686625489__K6_K4_K3_K1_K5_K2_K9_K74_7_12_13_23_25_28_29_30_31_32_33_35_36_37_38_39_48_49_50_51_52_80_81_,NONCLUSTERED,DIVCODE,4,0,0
RM_LOT,_dta_index_RM_LOT_65_686625489__K6_K4_K3_K1_K5_K2_K9_K74_7_12_13_23_25_28_29_30_31_32_33_35_36_37_38_39_48_49_50_51_52_80_81_,NONCLUSTERED,LOTTYPE,5,0,0
RM_LOT,_dta_index_RM_LOT_65_686625489__K6_K4_K3_K1_K5_K2_K9_K74_7_12_13_23_25_28_29_30_31_32_33_35_36_37_38_39_48_49_50_51_52_80_81_,NONCLUSTERED,CATCD,6,0,0
RM_LOT,_dta_index_RM_LOT_65_686625489__K6_K4_K3_K1_K5_K2_K9_K74_7_12_13_23_25_28_29_30_31_32_33_35_36_37_38_39_48_49_50_51_52_80_81_,NONCLUSTERED,VARCODE,7,0,0
RM_LOT,_dta_index_RM_LOT_65_686625489__K6_K4_K3_K1_K5_K2_K9_K74_7_12_13_23_25_28_29_30_31_32_33_35_36_37_38_39_48_49_50_51_52_80_81_,NONCLUSTERED,LOTYEAR,8,0,0
RM_LOT,_dta_index_RM_LOT_65_686625489__K72_K78_K75_3_4_76_77,NONCLUSTERED,LOTNO,0,0,0
RM_LOT,_dta_index_RM_LOT_65_686625489__K72_K78_K75_3_4_76_77,NONCLUSTERED,LOTDT,0,0,0
RM_LOT,_dta_index_RM_LOT_65_686625489__K72_K78_K75_3_4_76_77,NONCLUSTERED,adjust,0,0,0
RM_LOT,_dta_index_RM_LOT_65_686625489__K72_K78_K75_3_4_76_77,NONCLUSTERED,adjreason,0,0,0
RM_LOT,_dta_index_RM_LOT_65_686625489__K72_K78_K75_3_4_76_77,NONCLUSTERED,REJFLG,1,0,0
RM_LOT,_dta_index_RM_LOT_65_686625489__K72_K78_K75_3_4_76_77,NONCLUSTERED,adjdt,2,0,0
RM_LOT,_dta_index_RM_LOT_65_686625489__K72_K78_K75_3_4_76_77,NONCLUSTERED,adjwt,3,0,0
RM_LOT,_dta_index_RM_LOT_65_686625489__K74_K1_K50_K49,NONCLUSTERED,LOTYEAR,1,0,0
RM_LOT,_dta_index_RM_LOT_65_686625489__K74_K1_K50_K49,NONCLUSTERED,DIVCODE,2,0,0
RM_LOT,_dta_index_RM_LOT_65_686625489__K74_K1_K50_K49,NONCLUSTERED,PJDT,3,0,0
RM_LOT,_dta_index_RM_LOT_65_686625489__K74_K1_K50_K49,NONCLUSTERED,PJNO,4,0,0
RM_LOT,_dta_index_RM_LOT_65_686625489__K74_K1_K50_K49_K5_K56_K48,NONCLUSTERED,LOTYEAR,1,0,0
RM_LOT,_dta_index_RM_LOT_65_686625489__K74_K1_K50_K49_K5_K56_K48,NONCLUSTERED,DIVCODE,2,0,0
RM_LOT,_dta_index_RM_LOT_65_686625489__K74_K1_K50_K49_K5_K56_K48,NONCLUSTERED,PJDT,3,0,0
RM_LOT,_dta_index_RM_LOT_65_686625489__K74_K1_K50_K49_K5_K56_K48,NONCLUSTERED,PJNO,4,0,0
RM_LOT,_dta_index_RM_LOT_65_686625489__K74_K1_K50_K49_K5_K56_K48,NONCLUSTERED,LOTTYPE,5,0,0
RM_LOT,_dta_index_RM_LOT_65_686625489__K74_K1_K50_K49_K5_K56_K48,NONCLUSTERED,OPFLG,6,0,0
RM_LOT,_dta_index_RM_LOT_65_686625489__K74_K1_K50_K49_K5_K56_K48,NONCLUSTERED,PJTC,7,0,0
RM_LOT,_dta_index_RM_LOT_72_686625489__K1_K74_K37_K72_K73_K4_K5_K2_K3_K166_K9_K36_K38_K56_234,NONCLUSTERED,favaourablewgt,0,0,0
RM_LOT,_dta_index_RM_LOT_72_686625489__K1_K74_K37_K72_K73_K4_K5_K2_K3_K166_K9_K36_K38_K56_234,NONCLUSTERED,DIVCODE,1,0,0
RM_LOT,_dta_index_RM_LOT_72_686625489__K1_K74_K37_K72_K73_K4_K5_K2_K3_K166_K9_K36_K38_K56_234,NONCLUSTERED,LOTYEAR,2,0,0
RM_LOT,_dta_index_RM_LOT_72_686625489__K1_K74_K37_K72_K73_K4_K5_K2_K3_K166_K9_K36_K38_K56_234,NONCLUSTERED,BALES,3,0,0
RM_LOT,_dta_index_RM_LOT_72_686625489__K1_K74_K37_K72_K73_K4_K5_K2_K3_K166_K9_K36_K38_K56_234,NONCLUSTERED,REJFLG,4,0,0
RM_LOT,_dta_index_RM_LOT_72_686625489__K1_K74_K37_K72_K73_K4_K5_K2_K3_K166_K9_K36_K38_K56_234,NONCLUSTERED,REJDT,5,0,0
RM_LOT,_dta_index_RM_LOT_72_686625489__K1_K74_K37_K72_K73_K4_K5_K2_K3_K166_K9_K36_K38_K56_234,NONCLUSTERED,LOTDT,6,0,0
RM_LOT,_dta_index_RM_LOT_72_686625489__K1_K74_K37_K72_K73_K4_K5_K2_K3_K166_K9_K36_K38_K56_234,NONCLUSTERED,LOTTYPE,7,0,0
RM_LOT,_dta_index_RM_LOT_72_686625489__K1_K74_K37_K72_K73_K4_K5_K2_K3_K166_K9_K36_K38_K56_234,NONCLUSTERED,CATCD,8,0,0
RM_LOT,_dta_index_RM_LOT_72_686625489__K1_K74_K37_K72_K73_K4_K5_K2_K3_K166_K9_K36_K38_K56_234,NONCLUSTERED,LOTNO,9,0,0
RM_LOT,_dta_index_RM_LOT_72_686625489__K1_K74_K37_K72_K73_K4_K5_K2_K3_K166_K9_K36_K38_K56_234,NONCLUSTERED,TransferType,10,0,0
RM_LOT,_dta_index_RM_LOT_72_686625489__K1_K74_K37_K72_K73_K4_K5_K2_K3_K166_K9_K36_K38_K56_234,NONCLUSTERED,VARCODE,11,0,0
RM_LOT,_dta_index_RM_LOT_72_686625489__K1_K74_K37_K72_K73_K4_K5_K2_K3_K166_K9_K36_K38_K56_234,NONCLUSTERED,BBLFLG,12,0,0
RM_LOT,_dta_index_RM_LOT_72_686625489__K1_K74_K37_K72_K73_K4_K5_K2_K3_K166_K9_K36_K38_K56_234,NONCLUSTERED,RATEKG,13,0,0
RM_LOT,_dta_index_RM_LOT_72_686625489__K1_K74_K37_K72_K73_K4_K5_K2_K3_K166_K9_K36_K38_K56_234,NONCLUSTERED,OPFLG,14,0,0
RM_LOT,_dta_index_RM_LOT_72_686625489__K3_K4_K5_K2_K1_K9_K74_K37_K72_K73_K166_K36_K38_K56_234,NONCLUSTERED,favaourablewgt,0,0,0
RM_LOT,_dta_index_RM_LOT_72_686625489__K3_K4_K5_K2_K1_K9_K74_K37_K72_K73_K166_K36_K38_K56_234,NONCLUSTERED,LOTNO,1,0,0
RM_LOT,_dta_index_RM_LOT_72_686625489__K3_K4_K5_K2_K1_K9_K74_K37_K72_K73_K166_K36_K38_K56_234,NONCLUSTERED,LOTDT,2,0,0
RM_LOT,_dta_index_RM_LOT_72_686625489__K3_K4_K5_K2_K1_K9_K74_K37_K72_K73_K166_K36_K38_K56_234,NONCLUSTERED,LOTTYPE,3,0,0
RM_LOT,_dta_index_RM_LOT_72_686625489__K3_K4_K5_K2_K1_K9_K74_K37_K72_K73_K166_K36_K38_K56_234,NONCLUSTERED,CATCD,4,0,0
RM_LOT,_dta_index_RM_LOT_72_686625489__K3_K4_K5_K2_K1_K9_K74_K37_K72_K73_K166_K36_K38_K56_234,NONCLUSTERED,DIVCODE,5,0,0
RM_LOT,_dta_index_RM_LOT_72_686625489__K3_K4_K5_K2_K1_K9_K74_K37_K72_K73_K166_K36_K38_K56_234,NONCLUSTERED,VARCODE,6,0,0
RM_LOT,_dta_index_RM_LOT_72_686625489__K3_K4_K5_K2_K1_K9_K74_K37_K72_K73_K166_K36_K38_K56_234,NONCLUSTERED,LOTYEAR,7,0,0
RM_LOT,_dta_index_RM_LOT_72_686625489__K3_K4_K5_K2_K1_K9_K74_K37_K72_K73_K166_K36_K38_K56_234,NONCLUSTERED,BALES,8,0,0
RM_LOT,_dta_index_RM_LOT_72_686625489__K3_K4_K5_K2_K1_K9_K74_K37_K72_K73_K166_K36_K38_K56_234,NONCLUSTERED,REJFLG,9,0,0
RM_LOT,_dta_index_RM_LOT_72_686625489__K3_K4_K5_K2_K1_K9_K74_K37_K72_K73_K166_K36_K38_K56_234,NONCLUSTERED,REJDT,10,0,0
RM_LOT,_dta_index_RM_LOT_72_686625489__K3_K4_K5_K2_K1_K9_K74_K37_K72_K73_K166_K36_K38_K56_234,NONCLUSTERED,TransferType,11,0,0
RM_LOT,_dta_index_RM_LOT_72_686625489__K3_K4_K5_K2_K1_K9_K74_K37_K72_K73_K166_K36_K38_K56_234,NONCLUSTERED,BBLFLG,12,0,0
RM_LOT,_dta_index_RM_LOT_72_686625489__K3_K4_K5_K2_K1_K9_K74_K37_K72_K73_K166_K36_K38_K56_234,NONCLUSTERED,RATEKG,13,0,0
RM_LOT,_dta_index_RM_LOT_72_686625489__K3_K4_K5_K2_K1_K9_K74_K37_K72_K73_K166_K36_K38_K56_234,NONCLUSTERED,OPFLG,14,0,0
RM_LOT,_dta_index_RM_LOT_72_686625489__K4_K3_K1_K9_K74_K37_K72_K73_K36_K38_K5_K2_K56_K166_234,NONCLUSTERED,favaourablewgt,0,0,0
RM_LOT,_dta_index_RM_LOT_72_686625489__K4_K3_K1_K9_K74_K37_K72_K73_K36_K38_K5_K2_K56_K166_234,NONCLUSTERED,LOTDT,1,0,0
RM_LOT,_dta_index_RM_LOT_72_686625489__K4_K3_K1_K9_K74_K37_K72_K73_K36_K38_K5_K2_K56_K166_234,NONCLUSTERED,LOTNO,2,0,0
RM_LOT,_dta_index_RM_LOT_72_686625489__K4_K3_K1_K9_K74_K37_K72_K73_K36_K38_K5_K2_K56_K166_234,NONCLUSTERED,DIVCODE,3,0,0
RM_LOT,_dta_index_RM_LOT_72_686625489__K4_K3_K1_K9_K74_K37_K72_K73_K36_K38_K5_K2_K56_K166_234,NONCLUSTERED,VARCODE,4,0,0
RM_LOT,_dta_index_RM_LOT_72_686625489__K4_K3_K1_K9_K74_K37_K72_K73_K36_K38_K5_K2_K56_K166_234,NONCLUSTERED,LOTYEAR,5,0,0
RM_LOT,_dta_index_RM_LOT_72_686625489__K4_K3_K1_K9_K74_K37_K72_K73_K36_K38_K5_K2_K56_K166_234,NONCLUSTERED,BALES,6,0,0
RM_LOT,_dta_index_RM_LOT_72_686625489__K4_K3_K1_K9_K74_K37_K72_K73_K36_K38_K5_K2_K56_K166_234,NONCLUSTERED,REJFLG,7,0,0
RM_LOT,_dta_index_RM_LOT_72_686625489__K4_K3_K1_K9_K74_K37_K72_K73_K36_K38_K5_K2_K56_K166_234,NONCLUSTERED,REJDT,8,0,0
RM_LOT,_dta_index_RM_LOT_72_686625489__K4_K3_K1_K9_K74_K37_K72_K73_K36_K38_K5_K2_K56_K166_234,NONCLUSTERED,BBLFLG,9,0,0
RM_LOT,_dta_index_RM_LOT_72_686625489__K4_K3_K1_K9_K74_K37_K72_K73_K36_K38_K5_K2_K56_K166_234,NONCLUSTERED,RATEKG,10,0,0
RM_LOT,_dta_index_RM_LOT_72_686625489__K4_K3_K1_K9_K74_K37_K72_K73_K36_K38_K5_K2_K56_K166_234,NONCLUSTERED,LOTTYPE,11,0,0
RM_LOT,_dta_index_RM_LOT_72_686625489__K4_K3_K1_K9_K74_K37_K72_K73_K36_K38_K5_K2_K56_K166_234,NONCLUSTERED,CATCD,12,0,0
RM_LOT,_dta_index_RM_LOT_72_686625489__K4_K3_K1_K9_K74_K37_K72_K73_K36_K38_K5_K2_K56_K166_234,NONCLUSTERED,OPFLG,13,0,0
RM_LOT,_dta_index_RM_LOT_72_686625489__K4_K3_K1_K9_K74_K37_K72_K73_K36_K38_K5_K2_K56_K166_234,NONCLUSTERED,TransferType,14,0,0
RM_LOT,_dta_index_RM_LOT_72_686625489__K4_K5_K3_K1_K9_K74_K37_K166_K38_234,NONCLUSTERED,favaourablewgt,0,0,0
RM_LOT,_dta_index_RM_LOT_72_686625489__K4_K5_K3_K1_K9_K74_K37_K166_K38_234,NONCLUSTERED,LOTDT,1,0,0
RM_LOT,_dta_index_RM_LOT_72_686625489__K4_K5_K3_K1_K9_K74_K37_K166_K38_234,NONCLUSTERED,LOTTYPE,2,0,0
RM_LOT,_dta_index_RM_LOT_72_686625489__K4_K5_K3_K1_K9_K74_K37_K166_K38_234,NONCLUSTERED,LOTNO,3,0,0
RM_LOT,_dta_index_RM_LOT_72_686625489__K4_K5_K3_K1_K9_K74_K37_K166_K38_234,NONCLUSTERED,DIVCODE,4,0,0
RM_LOT,_dta_index_RM_LOT_72_686625489__K4_K5_K3_K1_K9_K74_K37_K166_K38_234,NONCLUSTERED,VARCODE,5,0,0
RM_LOT,_dta_index_RM_LOT_72_686625489__K4_K5_K3_K1_K9_K74_K37_K166_K38_234,NONCLUSTERED,LOTYEAR,6,0,0
RM_LOT,_dta_index_RM_LOT_72_686625489__K4_K5_K3_K1_K9_K74_K37_K166_K38_234,NONCLUSTERED,BALES,7,0,0
RM_LOT,_dta_index_RM_LOT_72_686625489__K4_K5_K3_K1_K9_K74_K37_K166_K38_234,NONCLUSTERED,TransferType,8,0,0
RM_LOT,_dta_index_RM_LOT_72_686625489__K4_K5_K3_K1_K9_K74_K37_K166_K38_234,NONCLUSTERED,RATEKG,9,0,0
RM_LOT,_dta_index_RM_LOT_72_686625489__K74_K1_K4_K5_K3_K9_K2_K36_K38_K37_K72_K73_K56_K166_234,NONCLUSTERED,favaourablewgt,0,0,0
RM_LOT,_dta_index_RM_LOT_72_686625489__K74_K1_K4_K5_K3_K9_K2_K36_K38_K37_K72_K73_K56_K166_234,NONCLUSTERED,LOTYEAR,1,0,0
RM_LOT,_dta_index_RM_LOT_72_686625489__K74_K1_K4_K5_K3_K9_K2_K36_K38_K37_K72_K73_K56_K166_234,NONCLUSTERED,DIVCODE,2,0,0
RM_LOT,_dta_index_RM_LOT_72_686625489__K74_K1_K4_K5_K3_K9_K2_K36_K38_K37_K72_K73_K56_K166_234,NONCLUSTERED,LOTDT,3,0,0
RM_LOT,_dta_index_RM_LOT_72_686625489__K74_K1_K4_K5_K3_K9_K2_K36_K38_K37_K72_K73_K56_K166_234,NONCLUSTERED,LOTTYPE,4,0,0
RM_LOT,_dta_index_RM_LOT_72_686625489__K74_K1_K4_K5_K3_K9_K2_K36_K38_K37_K72_K73_K56_K166_234,NONCLUSTERED,LOTNO,5,0,0
RM_LOT,_dta_index_RM_LOT_72_686625489__K74_K1_K4_K5_K3_K9_K2_K36_K38_K37_K72_K73_K56_K166_234,NONCLUSTERED,VARCODE,6,0,0
RM_LOT,_dta_index_RM_LOT_72_686625489__K74_K1_K4_K5_K3_K9_K2_K36_K38_K37_K72_K73_K56_K166_234,NONCLUSTERED,CATCD,7,0,0
RM_LOT,_dta_index_RM_LOT_72_686625489__K74_K1_K4_K5_K3_K9_K2_K36_K38_K37_K72_K73_K56_K166_234,NONCLUSTERED,BBLFLG,8,0,0
RM_LOT,_dta_index_RM_LOT_72_686625489__K74_K1_K4_K5_K3_K9_K2_K36_K38_K37_K72_K73_K56_K166_234,NONCLUSTERED,RATEKG,9,0,0
RM_LOT,_dta_index_RM_LOT_72_686625489__K74_K1_K4_K5_K3_K9_K2_K36_K38_K37_K72_K73_K56_K166_234,NONCLUSTERED,BALES,10,0,0
RM_LOT,_dta_index_RM_LOT_72_686625489__K74_K1_K4_K5_K3_K9_K2_K36_K38_K37_K72_K73_K56_K166_234,NONCLUSTERED,REJFLG,11,0,0
RM_LOT,_dta_index_RM_LOT_72_686625489__K74_K1_K4_K5_K3_K9_K2_K36_K38_K37_K72_K73_K56_K166_234,NONCLUSTERED,REJDT,12,0,0
RM_LOT,_dta_index_RM_LOT_72_686625489__K74_K1_K4_K5_K3_K9_K2_K36_K38_K37_K72_K73_K56_K166_234,NONCLUSTERED,OPFLG,13,0,0
RM_LOT,_dta_index_RM_LOT_72_686625489__K74_K1_K4_K5_K3_K9_K2_K36_K38_K37_K72_K73_K56_K166_234,NONCLUSTERED,TransferType,14,0,0
RM_LOT,_dta_index_RM_LOT_72_686625489__K9_K3_K4_K36_K38_K5_K74_K1_K2,NONCLUSTERED,VARCODE,1,0,0
RM_LOT,_dta_index_RM_LOT_72_686625489__K9_K3_K4_K36_K38_K5_K74_K1_K2,NONCLUSTERED,LOTNO,2,0,0
RM_LOT,_dta_index_RM_LOT_72_686625489__K9_K3_K4_K36_K38_K5_K74_K1_K2,NONCLUSTERED,LOTDT,3,0,0
RM_LOT,_dta_index_RM_LOT_72_686625489__K9_K3_K4_K36_K38_K5_K74_K1_K2,NONCLUSTERED,BBLFLG,4,0,0
RM_LOT,_dta_index_RM_LOT_72_686625489__K9_K3_K4_K36_K38_K5_K74_K1_K2,NONCLUSTERED,RATEKG,5,0,0
RM_LOT,_dta_index_RM_LOT_72_686625489__K9_K3_K4_K36_K38_K5_K74_K1_K2,NONCLUSTERED,LOTTYPE,6,0,0
RM_LOT,_dta_index_RM_LOT_72_686625489__K9_K3_K4_K36_K38_K5_K74_K1_K2,NONCLUSTERED,LOTYEAR,7,0,0
RM_LOT,_dta_index_RM_LOT_72_686625489__K9_K3_K4_K36_K38_K5_K74_K1_K2,NONCLUSTERED,DIVCODE,8,0,0
RM_LOT,_dta_index_RM_LOT_72_686625489__K9_K3_K4_K36_K38_K5_K74_K1_K2,NONCLUSTERED,CATCD,9,0,0
RM_LOT,_dta_index_RM_LOT_72_686625489__K9_K3_K4_K36_K38_K56_K74_K5_K73_K1_K37_K72_K2,NONCLUSTERED,VARCODE,1,0,0
RM_LOT,_dta_index_RM_LOT_72_686625489__K9_K3_K4_K36_K38_K56_K74_K5_K73_K1_K37_K72_K2,NONCLUSTERED,LOTNO,2,0,0
RM_LOT,_dta_index_RM_LOT_72_686625489__K9_K3_K4_K36_K38_K56_K74_K5_K73_K1_K37_K72_K2,NONCLUSTERED,LOTDT,3,0,0
RM_LOT,_dta_index_RM_LOT_72_686625489__K9_K3_K4_K36_K38_K56_K74_K5_K73_K1_K37_K72_K2,NONCLUSTERED,BBLFLG,4,0,0
RM_LOT,_dta_index_RM_LOT_72_686625489__K9_K3_K4_K36_K38_K56_K74_K5_K73_K1_K37_K72_K2,NONCLUSTERED,RATEKG,5,0,0
RM_LOT,_dta_index_RM_LOT_72_686625489__K9_K3_K4_K36_K38_K56_K74_K5_K73_K1_K37_K72_K2,NONCLUSTERED,OPFLG,6,0,0
RM_LOT,_dta_index_RM_LOT_72_686625489__K9_K3_K4_K36_K38_K56_K74_K5_K73_K1_K37_K72_K2,NONCLUSTERED,LOTYEAR,7,0,0
RM_LOT,_dta_index_RM_LOT_72_686625489__K9_K3_K4_K36_K38_K56_K74_K5_K73_K1_K37_K72_K2,NONCLUSTERED,LOTTYPE,8,0,0
RM_LOT,_dta_index_RM_LOT_72_686625489__K9_K3_K4_K36_K38_K56_K74_K5_K73_K1_K37_K72_K2,NONCLUSTERED,REJDT,9,0,0
RM_LOT,_dta_index_RM_LOT_72_686625489__K9_K3_K4_K36_K38_K56_K74_K5_K73_K1_K37_K72_K2,NONCLUSTERED,DIVCODE,10,0,0
RM_LOT,_dta_index_RM_LOT_72_686625489__K9_K3_K4_K36_K38_K56_K74_K5_K73_K1_K37_K72_K2,NONCLUSTERED,BALES,11,0,0
RM_LOT,_dta_index_RM_LOT_72_686625489__K9_K3_K4_K36_K38_K56_K74_K5_K73_K1_K37_K72_K2,NONCLUSTERED,REJFLG,12,0,0
RM_LOT,_dta_index_RM_LOT_72_686625489__K9_K3_K4_K36_K38_K56_K74_K5_K73_K1_K37_K72_K2,NONCLUSTERED,CATCD,13,0,0
RM_LOT,_dta_index_RM_LOT_72_686625489__K9_K3_K4_K38_K166_K5_K74_K1_K37_K2_234,NONCLUSTERED,favaourablewgt,0,0,0
RM_LOT,_dta_index_RM_LOT_72_686625489__K9_K3_K4_K38_K166_K5_K74_K1_K37_K2_234,NONCLUSTERED,VARCODE,1,0,0
RM_LOT,_dta_index_RM_LOT_72_686625489__K9_K3_K4_K38_K166_K5_K74_K1_K37_K2_234,NONCLUSTERED,LOTNO,2,0,0
RM_LOT,_dta_index_RM_LOT_72_686625489__K9_K3_K4_K38_K166_K5_K74_K1_K37_K2_234,NONCLUSTERED,LOTDT,3,0,0
RM_LOT,_dta_index_RM_LOT_72_686625489__K9_K3_K4_K38_K166_K5_K74_K1_K37_K2_234,NONCLUSTERED,RATEKG,4,0,0
RM_LOT,_dta_index_RM_LOT_72_686625489__K9_K3_K4_K38_K166_K5_K74_K1_K37_K2_234,NONCLUSTERED,TransferType,5,0,0
RM_LOT,_dta_index_RM_LOT_72_686625489__K9_K3_K4_K38_K166_K5_K74_K1_K37_K2_234,NONCLUSTERED,LOTTYPE,6,0,0
RM_LOT,_dta_index_RM_LOT_72_686625489__K9_K3_K4_K38_K166_K5_K74_K1_K37_K2_234,NONCLUSTERED,LOTYEAR,7,0,0
RM_LOT,_dta_index_RM_LOT_72_686625489__K9_K3_K4_K38_K166_K5_K74_K1_K37_K2_234,NONCLUSTERED,DIVCODE,8,0,0
RM_LOT,_dta_index_RM_LOT_72_686625489__K9_K3_K4_K38_K166_K5_K74_K1_K37_K2_234,NONCLUSTERED,BALES,9,0,0
RM_LOT,_dta_index_RM_LOT_72_686625489__K9_K3_K4_K38_K166_K5_K74_K1_K37_K2_234,NONCLUSTERED,CATCD,10,0,0
RM_LOT,_dta_index_RM_LOT_8_686625489__K1_K74_K50_K5_K56_K49_K48,NONCLUSTERED,DIVCODE,1,0,0
RM_LOT,_dta_index_RM_LOT_8_686625489__K1_K74_K50_K5_K56_K49_K48,NONCLUSTERED,LOTYEAR,2,0,0
RM_LOT,_dta_index_RM_LOT_8_686625489__K1_K74_K50_K5_K56_K49_K48,NONCLUSTERED,PJDT,3,0,0
RM_LOT,_dta_index_RM_LOT_8_686625489__K1_K74_K50_K5_K56_K49_K48,NONCLUSTERED,LOTTYPE,4,0,0
RM_LOT,_dta_index_RM_LOT_8_686625489__K1_K74_K50_K5_K56_K49_K48,NONCLUSTERED,OPFLG,5,0,0
RM_LOT,_dta_index_RM_LOT_8_686625489__K1_K74_K50_K5_K56_K49_K48,NONCLUSTERED,PJNO,6,0,0
RM_LOT,_dta_index_RM_LOT_8_686625489__K1_K74_K50_K5_K56_K49_K48,NONCLUSTERED,PJTC,7,0,0
RM_LOT,_dta_index_RM_LOT_8_686625489__K11_K4_K3_K74_K1_K5_K2_K9,NONCLUSTERED,ARRNO,1,0,0
RM_LOT,_dta_index_RM_LOT_8_686625489__K11_K4_K3_K74_K1_K5_K2_K9,NONCLUSTERED,LOTDT,2,0,0
RM_LOT,_dta_index_RM_LOT_8_686625489__K11_K4_K3_K74_K1_K5_K2_K9,NONCLUSTERED,LOTNO,3,0,0
RM_LOT,_dta_index_RM_LOT_8_686625489__K11_K4_K3_K74_K1_K5_K2_K9,NONCLUSTERED,LOTYEAR,4,0,0
RM_LOT,_dta_index_RM_LOT_8_686625489__K11_K4_K3_K74_K1_K5_K2_K9,NONCLUSTERED,DIVCODE,5,0,0
RM_LOT,_dta_index_RM_LOT_8_686625489__K11_K4_K3_K74_K1_K5_K2_K9,NONCLUSTERED,LOTTYPE,6,0,0
RM_LOT,_dta_index_RM_LOT_8_686625489__K11_K4_K3_K74_K1_K5_K2_K9,NONCLUSTERED,CATCD,7,0,0
RM_LOT,_dta_index_RM_LOT_8_686625489__K11_K4_K3_K74_K1_K5_K2_K9,NONCLUSTERED,VARCODE,8,0,0
RM_LOT,_dta_index_RM_LOT_8_686625489__K4_K3_K6_K1_K5_K74_K2_K9_7_12_13_23_25_28_29_30_31_32_33_35_36_37_38_39_48_49_50_51_52_80_81_82_,NONCLUSTERED,ASGSTAMT,0,0,0
RM_LOT,_dta_index_RM_LOT_8_686625489__K4_K3_K6_K1_K5_K74_K2_K9_7_12_13_23_25_28_29_30_31_32_33_35_36_37_38_39_48_49_50_51_52_80_81_82_,NONCLUSTERED,AIGSTAMT,0,0,0
RM_LOT,_dta_index_RM_LOT_8_686625489__K4_K3_K6_K1_K5_K74_K2_K9_7_12_13_23_25_28_29_30_31_32_33_35_36_37_38_39_48_49_50_51_52_80_81_82_,NONCLUSTERED,be_date,0,0,0
RM_LOT,_dta_index_RM_LOT_8_686625489__K4_K3_K6_K1_K5_K74_K2_K9_7_12_13_23_25_28_29_30_31_32_33_35_36_37_38_39_48_49_50_51_52_80_81_82_,NONCLUSTERED,duty_Wt,0,0,0
RM_LOT,_dta_index_RM_LOT_8_686625489__K4_K3_K6_K1_K5_K74_K2_K9_7_12_13_23_25_28_29_30_31_32_33_35_36_37_38_39_48_49_50_51_52_80_81_82_,NONCLUSTERED,DutyValue,0,0,0
RM_LOT,_dta_index_RM_LOT_8_686625489__K4_K3_K6_K1_K5_K74_K2_K9_7_12_13_23_25_28_29_30_31_32_33_35_36_37_38_39_48_49_50_51_52_80_81_82_,NONCLUSTERED,potype,0,0,0
RM_LOT,_dta_index_RM_LOT_8_686625489__K4_K3_K6_K1_K5_K74_K2_K9_7_12_13_23_25_28_29_30_31_32_33_35_36_37_38_39_48_49_50_51_52_80_81_82_,NONCLUSTERED,Advance_amt,0,0,0
RM_LOT,_dta_index_RM_LOT_8_686625489__K4_K3_K6_K1_K5_K74_K2_K9_7_12_13_23_25_28_29_30_31_32_33_35_36_37_38_39_48_49_50_51_52_80_81_82_,NONCLUSTERED,ACGSTAMT,0,0,0
RM_LOT,_dta_index_RM_LOT_8_686625489__K4_K3_K6_K1_K5_K74_K2_K9_7_12_13_23_25_28_29_30_31_32_33_35_36_37_38_39_48_49_50_51_52_80_81_82_,NONCLUSTERED,ComWt_Flg,0,0,0
RM_LOT,_dta_index_RM_LOT_8_686625489__K4_K3_K6_K1_K5_K74_K2_K9_7_12_13_23_25_28_29_30_31_32_33_35_36_37_38_39_48_49_50_51_52_80_81_82_,NONCLUSTERED,IDPer,0,0,0
RM_LOT,_dta_index_RM_LOT_8_686625489__K4_K3_K6_K1_K5_K74_K2_K9_7_12_13_23_25_28_29_30_31_32_33_35_36_37_38_39_48_49_50_51_52_80_81_82_,NONCLUSTERED,IDAmt,0,0,0
RM_LOT,_dta_index_RM_LOT_8_686625489__K4_K3_K6_K1_K5_K74_K2_K9_7_12_13_23_25_28_29_30_31_32_33_35_36_37_38_39_48_49_50_51_52_80_81_82_,NONCLUSTERED,welfareAmt,0,0,0
RM_LOT,_dta_index_RM_LOT_8_686625489__K4_K3_K6_K1_K5_K74_K2_K9_7_12_13_23_25_28_29_30_31_32_33_35_36_37_38_39_48_49_50_51_52_80_81_82_,NONCLUSTERED,welfarePer,0,0,0
RM_LOT,_dta_index_RM_LOT_8_686625489__K4_K3_K6_K1_K5_K74_K2_K9_7_12_13_23_25_28_29_30_31_32_33_35_36_37_38_39_48_49_50_51_52_80_81_82_,NONCLUSTERED,be_no,0,0,0
RM_LOT,_dta_index_RM_LOT_8_686625489__K4_K3_K6_K1_K5_K74_K2_K9_7_12_13_23_25_28_29_30_31_32_33_35_36_37_38_39_48_49_50_51_52_80_81_82_,NONCLUSTERED,sgstper,0,0,0
RM_LOT,_dta_index_RM_LOT_8_686625489__K4_K3_K6_K1_K5_K74_K2_K9_7_12_13_23_25_28_29_30_31_32_33_35_36_37_38_39_48_49_50_51_52_80_81_82_,NONCLUSTERED,sgstamt,0,0,0
RM_LOT,_dta_index_RM_LOT_8_686625489__K4_K3_K6_K1_K5_K74_K2_K9_7_12_13_23_25_28_29_30_31_32_33_35_36_37_38_39_48_49_50_51_52_80_81_82_,NONCLUSTERED,igstper,0,0,0
RM_LOT,_dta_index_RM_LOT_8_686625489__K4_K3_K6_K1_K5_K74_K2_K9_7_12_13_23_25_28_29_30_31_32_33_35_36_37_38_39_48_49_50_51_52_80_81_82_,NONCLUSTERED,igstamt,0,0,0
RM_LOT,_dta_index_RM_LOT_8_686625489__K4_K3_K6_K1_K5_K74_K2_K9_7_12_13_23_25_28_29_30_31_32_33_35_36_37_38_39_48_49_50_51_52_80_81_82_,NONCLUSTERED,ExchangeRate,0,0,0
RM_LOT,_dta_index_RM_LOT_8_686625489__K4_K3_K6_K1_K5_K74_K2_K9_7_12_13_23_25_28_29_30_31_32_33_35_36_37_38_39_48_49_50_51_52_80_81_82_,NONCLUSTERED,Comm_Wt,0,0,0
RM_LOT,_dta_index_RM_LOT_8_686625489__K4_K3_K6_K1_K5_K74_K2_K9_7_12_13_23_25_28_29_30_31_32_33_35_36_37_38_39_48_49_50_51_52_80_81_82_,NONCLUSTERED,brkcomPer,0,0,0
RM_LOT,_dta_index_RM_LOT_8_686625489__K4_K3_K6_K1_K5_K74_K2_K9_7_12_13_23_25_28_29_30_31_32_33_35_36_37_38_39_48_49_50_51_52_80_81_82_,NONCLUSTERED,SuppBillvalue,0,0,0
RM_LOT,_dta_index_RM_LOT_8_686625489__K4_K3_K6_K1_K5_K74_K2_K9_7_12_13_23_25_28_29_30_31_32_33_35_36_37_38_39_48_49_50_51_52_80_81_82_,NONCLUSTERED,SICAAmt,0,0,0
RM_LOT,_dta_index_RM_LOT_8_686625489__K4_K3_K6_K1_K5_K74_K2_K9_7_12_13_23_25_28_29_30_31_32_33_35_36_37_38_39_48_49_50_51_52_80_81_82_,NONCLUSTERED,HSN,0,0,0
RM_LOT,_dta_index_RM_LOT_8_686625489__K4_K3_K6_K1_K5_K74_K2_K9_7_12_13_23_25_28_29_30_31_32_33_35_36_37_38_39_48_49_50_51_52_80_81_82_,NONCLUSTERED,cgstper,0,0,0
RM_LOT,_dta_index_RM_LOT_8_686625489__K4_K3_K6_K1_K5_K74_K2_K9_7_12_13_23_25_28_29_30_31_32_33_35_36_37_38_39_48_49_50_51_52_80_81_82_,NONCLUSTERED,cgstamt,0,0,0
RM_LOT,_dta_index_RM_LOT_8_686625489__K4_K3_K6_K1_K5_K74_K2_K9_7_12_13_23_25_28_29_30_31_32_33_35_36_37_38_39_48_49_50_51_52_80_81_82_,NONCLUSTERED,Rateunit,0,0,0
RM_LOT,_dta_index_RM_LOT_8_686625489__K4_K3_K6_K1_K5_K74_K2_K9_7_12_13_23_25_28_29_30_31_32_33_35_36_37_38_39_48_49_50_51_52_80_81_82_,NONCLUSTERED,addtaxcode,0,0,0
RM_LOT,_dta_index_RM_LOT_8_686625489__K4_K3_K6_K1_K5_K74_K2_K9_7_12_13_23_25_28_29_30_31_32_33_35_36_37_38_39_48_49_50_51_52_80_81_82_,NONCLUSTERED,addtaxper,0,0,0
RM_LOT,_dta_index_RM_LOT_8_686625489__K4_K3_K6_K1_K5_K74_K2_K9_7_12_13_23_25_28_29_30_31_32_33_35_36_37_38_39_48_49_50_51_52_80_81_82_,NONCLUSTERED,addtaxamount,0,0,0
RM_LOT,_dta_index_RM_LOT_8_686625489__K4_K3_K6_K1_K5_K74_K2_K9_7_12_13_23_25_28_29_30_31_32_33_35_36_37_38_39_48_49_50_51_52_80_81_82_,NONCLUSTERED,favaourablewgt,0,0,0
RM_LOT,_dta_index_RM_LOT_8_686625489__K4_K3_K6_K1_K5_K74_K2_K9_7_12_13_23_25_28_29_30_31_32_33_35_36_37_38_39_48_49_50_51_52_80_81_82_,NONCLUSTERED,weightflg,0,0,0
RM_LOT,_dta_index_RM_LOT_8_686625489__K4_K3_K6_K1_K5_K74_K2_K9_7_12_13_23_25_28_29_30_31_32_33_35_36_37_38_39_48_49_50_51_52_80_81_82_,NONCLUSTERED,rebate,0,0,0
RM_LOT,_dta_index_RM_LOT_8_686625489__K4_K3_K6_K1_K5_K74_K2_K9_7_12_13_23_25_28_29_30_31_32_33_35_36_37_38_39_48_49_50_51_52_80_81_82_,NONCLUSTERED,shipchrg,0,0,0
RM_LOT,_dta_index_RM_LOT_8_686625489__K4_K3_K6_K1_K5_K74_K2_K9_7_12_13_23_25_28_29_30_31_32_33_35_36_37_38_39_48_49_50_51_52_80_81_82_,NONCLUSTERED,weighbridgewt,0,0,0
RM_LOT,_dta_index_RM_LOT_8_686625489__K4_K3_K6_K1_K5_K74_K2_K9_7_12_13_23_25_28_29_30_31_32_33_35_36_37_38_39_48_49_50_51_52_80_81_82_,NONCLUSTERED,inwardno,0,0,0
RM_LOT,_dta_index_RM_LOT_8_686625489__K4_K3_K6_K1_K5_K74_K2_K9_7_12_13_23_25_28_29_30_31_32_33_35_36_37_38_39_48_49_50_51_52_80_81_82_,NONCLUSTERED,inwarddate,0,0,0
RM_LOT,_dta_index_RM_LOT_8_686625489__K4_K3_K6_K1_K5_K74_K2_K9_7_12_13_23_25_28_29_30_31_32_33_35_36_37_38_39_48_49_50_51_52_80_81_82_,NONCLUSTERED,OtherTaxableAmt,0,0,0
RM_LOT,_dta_index_RM_LOT_8_686625489__K4_K3_K6_K1_K5_K74_K2_K9_7_12_13_23_25_28_29_30_31_32_33_35_36_37_38_39_48_49_50_51_52_80_81_82_,NONCLUSTERED,CUSTOMSDUTYAMT,0,0,0
RM_LOT,_dta_index_RM_LOT_8_686625489__K4_K3_K6_K1_K5_K74_K2_K9_7_12_13_23_25_28_29_30_31_32_33_35_36_37_38_39_48_49_50_51_52_80_81_82_,NONCLUSTERED,moisture_et,0,0,0
RM_LOT,_dta_index_RM_LOT_8_686625489__K4_K3_K6_K1_K5_K74_K2_K9_7_12_13_23_25_28_29_30_31_32_33_35_36_37_38_39_48_49_50_51_52_80_81_82_,NONCLUSTERED,CashDisper,0,0,0
RM_LOT,_dta_index_RM_LOT_8_686625489__K4_K3_K6_K1_K5_K74_K2_K9_7_12_13_23_25_28_29_30_31_32_33_35_36_37_38_39_48_49_50_51_52_80_81_82_,NONCLUSTERED,cashdisamt,0,0,0
RM_LOT,_dta_index_RM_LOT_8_686625489__K4_K3_K6_K1_K5_K74_K2_K9_7_12_13_23_25_28_29_30_31_32_33_35_36_37_38_39_48_49_50_51_52_80_81_82_,NONCLUSTERED,TradeDisper,0,0,0
RM_LOT,_dta_index_RM_LOT_8_686625489__K4_K3_K6_K1_K5_K74_K2_K9_7_12_13_23_25_28_29_30_31_32_33_35_36_37_38_39_48_49_50_51_52_80_81_82_,NONCLUSTERED,tradedisamt,0,0,0
RM_LOT,_dta_index_RM_LOT_8_686625489__K4_K3_K6_K1_K5_K74_K2_K9_7_12_13_23_25_28_29_30_31_32_33_35_36_37_38_39_48_49_50_51_52_80_81_82_,NONCLUSTERED,LCINTPER,0,0,0
RM_LOT,_dta_index_RM_LOT_8_686625489__K4_K3_K6_K1_K5_K74_K2_K9_7_12_13_23_25_28_29_30_31_32_33_35_36_37_38_39_48_49_50_51_52_80_81_82_,NONCLUSTERED,LCINTAMT,0,0,0
RM_LOT,_dta_index_RM_LOT_8_686625489__K4_K3_K6_K1_K5_K74_K2_K9_7_12_13_23_25_28_29_30_31_32_33_35_36_37_38_39_48_49_50_51_52_80_81_82_,NONCLUSTERED,CHARITYAMT,0,0,0
RM_LOT,_dta_index_RM_LOT_8_686625489__K4_K3_K6_K1_K5_K74_K2_K9_7_12_13_23_25_28_29_30_31_32_33_35_36_37_38_39_48_49_50_51_52_80_81_82_,NONCLUSTERED,DAMAGEAMT,0,0,0
RM_LOT,_dta_index_RM_LOT_8_686625489__K4_K3_K6_K1_K5_K74_K2_K9_7_12_13_23_25_28_29_30_31_32_33_35_36_37_38_39_48_49_50_51_52_80_81_82_,NONCLUSTERED,CLEARANCEAMT,0,0,0
RM_LOT,_dta_index_RM_LOT_8_686625489__K4_K3_K6_K1_K5_K74_K2_K9_7_12_13_23_25_28_29_30_31_32_33_35_36_37_38_39_48_49_50_51_52_80_81_82_,NONCLUSTERED,OTHERSAMT,0,0,0
RM_LOT,_dta_index_RM_LOT_8_686625489__K4_K3_K6_K1_K5_K74_K2_K9_7_12_13_23_25_28_29_30_31_32_33_35_36_37_38_39_48_49_50_51_52_80_81_82_,NONCLUSTERED,LRFRTAMT,0,0,0
RM_LOT,_dta_index_RM_LOT_8_686625489__K4_K3_K6_K1_K5_K74_K2_K9_7_12_13_23_25_28_29_30_31_32_33_35_36_37_38_39_48_49_50_51_52_80_81_82_,NONCLUSTERED,RLYFRTPER,0,0,0
RM_LOT,_dta_index_RM_LOT_8_686625489__K4_K3_K6_K1_K5_K74_K2_K9_7_12_13_23_25_28_29_30_31_32_33_35_36_37_38_39_48_49_50_51_52_80_81_82_,NONCLUSTERED,RLYFRTAMT,0,0,0
RM_LOT,_dta_index_RM_LOT_8_686625489__K4_K3_K6_K1_K5_K74_K2_K9_7_12_13_23_25_28_29_30_31_32_33_35_36_37_38_39_48_49_50_51_52_80_81_82_,NONCLUSTERED,INSPER,0,0,0
RM_LOT,_dta_index_RM_LOT_8_686625489__K4_K3_K6_K1_K5_K74_K2_K9_7_12_13_23_25_28_29_30_31_32_33_35_36_37_38_39_48_49_50_51_52_80_81_82_,NONCLUSTERED,COMMPER,0,0,0
RM_LOT,_dta_index_RM_LOT_8_686625489__K4_K3_K6_K1_K5_K74_K2_K9_7_12_13_23_25_28_29_30_31_32_33_35_36_37_38_39_48_49_50_51_52_80_81_82_,NONCLUSTERED,COMMAMT,0,0,0
RM_LOT,_dta_index_RM_LOT_8_686625489__K4_K3_K6_K1_K5_K74_K2_K9_7_12_13_23_25_28_29_30_31_32_33_35_36_37_38_39_48_49_50_51_52_80_81_82_,NONCLUSTERED,VATPER,0,0,0
RM_LOT,_dta_index_RM_LOT_8_686625489__K4_K3_K6_K1_K5_K74_K2_K9_7_12_13_23_25_28_29_30_31_32_33_35_36_37_38_39_48_49_50_51_52_80_81_82_,NONCLUSTERED,SCPER,0,0,0
RM_LOT,_dta_index_RM_LOT_8_686625489__K4_K3_K6_K1_K5_K74_K2_K9_7_12_13_23_25_28_29_30_31_32_33_35_36_37_38_39_48_49_50_51_52_80_81_82_,NONCLUSTERED,SCAMT,0,0,0
RM_LOT,_dta_index_RM_LOT_8_686625489__K4_K3_K6_K1_K5_K74_K2_K9_7_12_13_23_25_28_29_30_31_32_33_35_36_37_38_39_48_49_50_51_52_80_81_82_,NONCLUSTERED,OTHTAXPER,0,0,0
RM_LOT,_dta_index_RM_LOT_8_686625489__K4_K3_K6_K1_K5_K74_K2_K9_7_12_13_23_25_28_29_30_31_32_33_35_36_37_38_39_48_49_50_51_52_80_81_82_,NONCLUSTERED,OTHTAXAMT,0,0,0
RM_LOT,_dta_index_RM_LOT_8_686625489__K4_K3_K6_K1_K5_K74_K2_K9_7_12_13_23_25_28_29_30_31_32_33_35_36_37_38_39_48_49_50_51_52_80_81_82_,NONCLUSTERED,LRFRTPER,0,0,0
RM_LOT,_dta_index_RM_LOT_8_686625489__K4_K3_K6_K1_K5_K74_K2_K9_7_12_13_23_25_28_29_30_31_32_33_35_36_37_38_39_48_49_50_51_52_80_81_82_,NONCLUSTERED,BEDPER,0,0,0
RM_LOT,_dta_index_RM_LOT_8_686625489__K4_K3_K6_K1_K5_K74_K2_K9_7_12_13_23_25_28_29_30_31_32_33_35_36_37_38_39_48_49_50_51_52_80_81_82_,NONCLUSTERED,SEDPER,0,0,0
RM_LOT,_dta_index_RM_LOT_8_686625489__K4_K3_K6_K1_K5_K74_K2_K9_7_12_13_23_25_28_29_30_31_32_33_35_36_37_38_39_48_49_50_51_52_80_81_82_,NONCLUSTERED,SEDAMT,0,0,0
RM_LOT,_dta_index_RM_LOT_8_686625489__K4_K3_K6_K1_K5_K74_K2_K9_7_12_13_23_25_28_29_30_31_32_33_35_36_37_38_39_48_49_50_51_52_80_81_82_,NONCLUSTERED,AEDPER,0,0,0
RM_LOT,_dta_index_RM_LOT_8_686625489__K4_K3_K6_K1_K5_K74_K2_K9_7_12_13_23_25_28_29_30_31_32_33_35_36_37_38_39_48_49_50_51_52_80_81_82_,NONCLUSTERED,CESSPER,0,0,0
RM_LOT,_dta_index_RM_LOT_8_686625489__K4_K3_K6_K1_K5_K74_K2_K9_7_12_13_23_25_28_29_30_31_32_33_35_36_37_38_39_48_49_50_51_52_80_81_82_,NONCLUSTERED,CESSAMT,0,0,0
RM_LOT,_dta_index_RM_LOT_8_686625489__K4_K3_K6_K1_K5_K74_K2_K9_7_12_13_23_25_28_29_30_31_32_33_35_36_37_38_39_48_49_50_51_52_80_81_82_,NONCLUSTERED,PTAREWT,0,0,0
RM_LOT,_dta_index_RM_LOT_8_686625489__K4_K3_K6_K1_K5_K74_K2_K9_7_12_13_23_25_28_29_30_31_32_33_35_36_37_38_39_48_49_50_51_52_80_81_82_,NONCLUSTERED,PNETWT,0,0,0
RM_LOT,_dta_index_RM_LOT_8_686625489__K4_K3_K6_K1_K5_K74_K2_K9_7_12_13_23_25_28_29_30_31_32_33_35_36_37_38_39_48_49_50_51_52_80_81_82_,NONCLUSTERED,adjvalue,0,0,0
RM_LOT,_dta_index_RM_LOT_8_686625489__K4_K3_K6_K1_K5_K74_K2_K9_7_12_13_23_25_28_29_30_31_32_33_35_36_37_38_39_48_49_50_51_52_80_81_82_,NONCLUSTERED,DBAMT,0,0,0
RM_LOT,_dta_index_RM_LOT_8_686625489__K4_K3_K6_K1_K5_K74_K2_K9_7_12_13_23_25_28_29_30_31_32_33_35_36_37_38_39_48_49_50_51_52_80_81_82_,NONCLUSTERED,Tax_code,0,0,0
RM_LOT,_dta_index_RM_LOT_8_686625489__K4_K3_K6_K1_K5_K74_K2_K9_7_12_13_23_25_28_29_30_31_32_33_35_36_37_38_39_48_49_50_51_52_80_81_82_,NONCLUSTERED,VATAMT,0,0,0
RM_LOT,_dta_index_RM_LOT_8_686625489__K4_K3_K6_K1_K5_K74_K2_K9_7_12_13_23_25_28_29_30_31_32_33_35_36_37_38_39_48_49_50_51_52_80_81_82_,NONCLUSTERED,PJTC,0,0,0
RM_LOT,_dta_index_RM_LOT_8_686625489__K4_K3_K6_K1_K5_K74_K2_K9_7_12_13_23_25_28_29_30_31_32_33_35_36_37_38_39_48_49_50_51_52_80_81_82_,NONCLUSTERED,PJNO,0,0,0
RM_LOT,_dta_index_RM_LOT_8_686625489__K4_K3_K6_K1_K5_K74_K2_K9_7_12_13_23_25_28_29_30_31_32_33_35_36_37_38_39_48_49_50_51_52_80_81_82_,NONCLUSTERED,PJDT,0,0,0
RM_LOT,_dta_index_RM_LOT_8_686625489__K4_K3_K6_K1_K5_K74_K2_K9_7_12_13_23_25_28_29_30_31_32_33_35_36_37_38_39_48_49_50_51_52_80_81_82_,NONCLUSTERED,PJAMT,0,0,0
RM_LOT,_dta_index_RM_LOT_8_686625489__K4_K3_K6_K1_K5_K74_K2_K9_7_12_13_23_25_28_29_30_31_32_33_35_36_37_38_39_48_49_50_51_52_80_81_82_,NONCLUSTERED,PTYPE,0,0,0
RM_LOT,_dta_index_RM_LOT_8_686625489__K4_K3_K6_K1_K5_K74_K2_K9_7_12_13_23_25_28_29_30_31_32_33_35_36_37_38_39_48_49_50_51_52_80_81_82_,NONCLUSTERED,PGRSWT,0,0,0
RM_LOT,_dta_index_RM_LOT_8_686625489__K4_K3_K6_K1_K5_K74_K2_K9_7_12_13_23_25_28_29_30_31_32_33_35_36_37_38_39_48_49_50_51_52_80_81_82_,NONCLUSTERED,TAREWT,0,0,0
RM_LOT,_dta_index_RM_LOT_8_686625489__K4_K3_K6_K1_K5_K74_K2_K9_7_12_13_23_25_28_29_30_31_32_33_35_36_37_38_39_48_49_50_51_52_80_81_82_,NONCLUSTERED,NETWT,0,0,0
RM_LOT,_dta_index_RM_LOT_8_686625489__K4_K3_K6_K1_K5_K74_K2_K9_7_12_13_23_25_28_29_30_31_32_33_35_36_37_38_39_48_49_50_51_52_80_81_82_,NONCLUSTERED,BBLFLG,0,0,0
RM_LOT,_dta_index_RM_LOT_8_686625489__K4_K3_K6_K1_K5_K74_K2_K9_7_12_13_23_25_28_29_30_31_32_33_35_36_37_38_39_48_49_50_51_52_80_81_82_,NONCLUSTERED,BALES,0,0,0
RM_LOT,_dta_index_RM_LOT_8_686625489__K4_K3_K6_K1_K5_K74_K2_K9_7_12_13_23_25_28_29_30_31_32_33_35_36_37_38_39_48_49_50_51_52_80_81_82_,NONCLUSTERED,RATEKG,0,0,0
RM_LOT,_dta_index_RM_LOT_8_686625489__K4_K3_K6_K1_K5_K74_K2_K9_7_12_13_23_25_28_29_30_31_32_33_35_36_37_38_39_48_49_50_51_52_80_81_82_,NONCLUSTERED,RATECY,0,0,0
RM_LOT,_dta_index_RM_LOT_8_686625489__K4_K3_K6_K1_K5_K74_K2_K9_7_12_13_23_25_28_29_30_31_32_33_35_36_37_38_39_48_49_50_51_52_80_81_82_,NONCLUSTERED,DNAMT1,0,0,0
RM_LOT,_dta_index_RM_LOT_8_686625489__K4_K3_K6_K1_K5_K74_K2_K9_7_12_13_23_25_28_29_30_31_32_33_35_36_37_38_39_48_49_50_51_52_80_81_82_,NONCLUSTERED,INSAMT,0,0,0
RM_LOT,_dta_index_RM_LOT_8_686625489__K4_K3_K6_K1_K5_K74_K2_K9_7_12_13_23_25_28_29_30_31_32_33_35_36_37_38_39_48_49_50_51_52_80_81_82_,NONCLUSTERED,BEDAMT,0,0,0
RM_LOT,_dta_index_RM_LOT_8_686625489__K4_K3_K6_K1_K5_K74_K2_K9_7_12_13_23_25_28_29_30_31_32_33_35_36_37_38_39_48_49_50_51_52_80_81_82_,NONCLUSTERED,AEDAMT,0,0,0
RM_LOT,_dta_index_RM_LOT_8_686625489__K4_K3_K6_K1_K5_K74_K2_K9_7_12_13_23_25_28_29_30_31_32_33_35_36_37_38_39_48_49_50_51_52_80_81_82_,NONCLUSTERED,TOTLANDCOST,0,0,0
RM_LOT,_dta_index_RM_LOT_8_686625489__K4_K3_K6_K1_K5_K74_K2_K9_7_12_13_23_25_28_29_30_31_32_33_35_36_37_38_39_48_49_50_51_52_80_81_82_,NONCLUSTERED,GRSWGT,0,0,0
RM_LOT,_dta_index_RM_LOT_8_686625489__K4_K3_K6_K1_K5_K74_K2_K9_7_12_13_23_25_28_29_30_31_32_33_35_36_37_38_39_48_49_50_51_52_80_81_82_,NONCLUSTERED,BRKCD,0,0,0
RM_LOT,_dta_index_RM_LOT_8_686625489__K4_K3_K6_K1_K5_K74_K2_K9_7_12_13_23_25_28_29_30_31_32_33_35_36_37_38_39_48_49_50_51_52_80_81_82_,NONCLUSTERED,BILLNO,0,0,0
RM_LOT,_dta_index_RM_LOT_8_686625489__K4_K3_K6_K1_K5_K74_K2_K9_7_12_13_23_25_28_29_30_31_32_33_35_36_37_38_39_48_49_50_51_52_80_81_82_,NONCLUSTERED,BILLDT,0,0,0
RM_LOT,_dta_index_RM_LOT_8_686625489__K4_K3_K6_K1_K5_K74_K2_K9_7_12_13_23_25_28_29_30_31_32_33_35_36_37_38_39_48_49_50_51_52_80_81_82_,NONCLUSTERED,BRKCOM,0,0,0
RM_LOT,_dta_index_RM_LOT_8_686625489__K4_K3_K6_K1_K5_K74_K2_K9_7_12_13_23_25_28_29_30_31_32_33_35_36_37_38_39_48_49_50_51_52_80_81_82_,NONCLUSTERED,LOTDT,1,0,0
RM_LOT,_dta_index_RM_LOT_8_686625489__K4_K3_K6_K1_K5_K74_K2_K9_7_12_13_23_25_28_29_30_31_32_33_35_36_37_38_39_48_49_50_51_52_80_81_82_,NONCLUSTERED,LOTNO,2,0,0
RM_LOT,_dta_index_RM_LOT_8_686625489__K4_K3_K6_K1_K5_K74_K2_K9_7_12_13_23_25_28_29_30_31_32_33_35_36_37_38_39_48_49_50_51_52_80_81_82_,NONCLUSTERED,SUPCD,3,0,0
RM_LOT,_dta_index_RM_LOT_8_686625489__K4_K3_K6_K1_K5_K74_K2_K9_7_12_13_23_25_28_29_30_31_32_33_35_36_37_38_39_48_49_50_51_52_80_81_82_,NONCLUSTERED,DIVCODE,4,0,0
RM_LOT,_dta_index_RM_LOT_8_686625489__K4_K3_K6_K1_K5_K74_K2_K9_7_12_13_23_25_28_29_30_31_32_33_35_36_37_38_39_48_49_50_51_52_80_81_82_,NONCLUSTERED,LOTTYPE,5,0,0
RM_LOT,_dta_index_RM_LOT_8_686625489__K4_K3_K6_K1_K5_K74_K2_K9_7_12_13_23_25_28_29_30_31_32_33_35_36_37_38_39_48_49_50_51_52_80_81_82_,NONCLUSTERED,LOTYEAR,6,0,0
RM_LOT,_dta_index_RM_LOT_8_686625489__K4_K3_K6_K1_K5_K74_K2_K9_7_12_13_23_25_28_29_30_31_32_33_35_36_37_38_39_48_49_50_51_52_80_81_82_,NONCLUSTERED,CATCD,7,0,0
RM_LOT,_dta_index_RM_LOT_8_686625489__K4_K3_K6_K1_K5_K74_K2_K9_7_12_13_23_25_28_29_30_31_32_33_35_36_37_38_39_48_49_50_51_52_80_81_82_,NONCLUSTERED,VARCODE,8,0,0
RM_LOT,_dta_index_RM_LOT_8_686625489__K49_K1_K56_2_3_4_5_6_7_8_9_10_11_14_15_17_19_20_21_23_25_26_27_28_29_30_31_32_33_34_35_36_37_38_,NONCLUSTERED,CATCD,0,0,0
RM_LOT,_dta_index_RM_LOT_8_686625489__K49_K1_K56_2_3_4_5_6_7_8_9_10_11_14_15_17_19_20_21_23_25_26_27_28_29_30_31_32_33_34_35_36_37_38_,NONCLUSTERED,LOTNO,0,0,0
RM_LOT,_dta_index_RM_LOT_8_686625489__K49_K1_K56_2_3_4_5_6_7_8_9_10_11_14_15_17_19_20_21_23_25_26_27_28_29_30_31_32_33_34_35_36_37_38_,NONCLUSTERED,LOTDT,0,0,0
RM_LOT,_dta_index_RM_LOT_8_686625489__K49_K1_K56_2_3_4_5_6_7_8_9_10_11_14_15_17_19_20_21_23_25_26_27_28_29_30_31_32_33_34_35_36_37_38_,NONCLUSTERED,SuppBillvalue,0,0,0
RM_LOT,_dta_index_RM_LOT_8_686625489__K49_K1_K56_2_3_4_5_6_7_8_9_10_11_14_15_17_19_20_21_23_25_26_27_28_29_30_31_32_33_34_35_36_37_38_,NONCLUSTERED,SICAAmt,0,0,0
RM_LOT,_dta_index_RM_LOT_8_686625489__K49_K1_K56_2_3_4_5_6_7_8_9_10_11_14_15_17_19_20_21_23_25_26_27_28_29_30_31_32_33_34_35_36_37_38_,NONCLUSTERED,be_no,0,0,0
RM_LOT,_dta_index_RM_LOT_8_686625489__K49_K1_K56_2_3_4_5_6_7_8_9_10_11_14_15_17_19_20_21_23_25_26_27_28_29_30_31_32_33_34_35_36_37_38_,NONCLUSTERED,be_date,0,0,0
RM_LOT,_dta_index_RM_LOT_8_686625489__K49_K1_K56_2_3_4_5_6_7_8_9_10_11_14_15_17_19_20_21_23_25_26_27_28_29_30_31_32_33_34_35_36_37_38_,NONCLUSTERED,Advance_amt,0,0,0
RM_LOT,_dta_index_RM_LOT_8_686625489__K49_K1_K56_2_3_4_5_6_7_8_9_10_11_14_15_17_19_20_21_23_25_26_27_28_29_30_31_32_33_34_35_36_37_38_,NONCLUSTERED,dutyclaimable,0,0,0
RM_LOT,_dta_index_RM_LOT_8_686625489__K49_K1_K56_2_3_4_5_6_7_8_9_10_11_14_15_17_19_20_21_23_25_26_27_28_29_30_31_32_33_34_35_36_37_38_,NONCLUSTERED,OtherTaxableAmt,0,0,0
RM_LOT,_dta_index_RM_LOT_8_686625489__K49_K1_K56_2_3_4_5_6_7_8_9_10_11_14_15_17_19_20_21_23_25_26_27_28_29_30_31_32_33_34_35_36_37_38_,NONCLUSTERED,Rateunit,0,0,0
RM_LOT,_dta_index_RM_LOT_8_686625489__K49_K1_K56_2_3_4_5_6_7_8_9_10_11_14_15_17_19_20_21_23_25_26_27_28_29_30_31_32_33_34_35_36_37_38_,NONCLUSTERED,addtaxcode,0,0,0
RM_LOT,_dta_index_RM_LOT_8_686625489__K49_K1_K56_2_3_4_5_6_7_8_9_10_11_14_15_17_19_20_21_23_25_26_27_28_29_30_31_32_33_34_35_36_37_38_,NONCLUSTERED,addtaxper,0,0,0
RM_LOT,_dta_index_RM_LOT_8_686625489__K49_K1_K56_2_3_4_5_6_7_8_9_10_11_14_15_17_19_20_21_23_25_26_27_28_29_30_31_32_33_34_35_36_37_38_,NONCLUSTERED,addtaxamount,0,0,0
RM_LOT,_dta_index_RM_LOT_8_686625489__K49_K1_K56_2_3_4_5_6_7_8_9_10_11_14_15_17_19_20_21_23_25_26_27_28_29_30_31_32_33_34_35_36_37_38_,NONCLUSTERED,VATAMT,0,0,0
RM_LOT,_dta_index_RM_LOT_8_686625489__K49_K1_K56_2_3_4_5_6_7_8_9_10_11_14_15_17_19_20_21_23_25_26_27_28_29_30_31_32_33_34_35_36_37_38_,NONCLUSTERED,BillValue,0,0,0
RM_LOT,_dta_index_RM_LOT_8_686625489__K49_K1_K56_2_3_4_5_6_7_8_9_10_11_14_15_17_19_20_21_23_25_26_27_28_29_30_31_32_33_34_35_36_37_38_,NONCLUSTERED,SCPER,0,0,0
RM_LOT,_dta_index_RM_LOT_8_686625489__K49_K1_K56_2_3_4_5_6_7_8_9_10_11_14_15_17_19_20_21_23_25_26_27_28_29_30_31_32_33_34_35_36_37_38_,NONCLUSTERED,SCAMT,0,0,0
RM_LOT,_dta_index_RM_LOT_8_686625489__K49_K1_K56_2_3_4_5_6_7_8_9_10_11_14_15_17_19_20_21_23_25_26_27_28_29_30_31_32_33_34_35_36_37_38_,NONCLUSTERED,assvalue,0,0,0
RM_LOT,_dta_index_RM_LOT_8_686625489__K49_K1_K56_2_3_4_5_6_7_8_9_10_11_14_15_17_19_20_21_23_25_26_27_28_29_30_31_32_33_34_35_36_37_38_,NONCLUSTERED,form_type,0,0,0
RM_LOT,_dta_index_RM_LOT_8_686625489__K49_K1_K56_2_3_4_5_6_7_8_9_10_11_14_15_17_19_20_21_23_25_26_27_28_29_30_31_32_33_34_35_36_37_38_,NONCLUSTERED,FBILLNO,0,0,0
RM_LOT,_dta_index_RM_LOT_8_686625489__K49_K1_K56_2_3_4_5_6_7_8_9_10_11_14_15_17_19_20_21_23_25_26_27_28_29_30_31_32_33_34_35_36_37_38_,NONCLUSTERED,FBILLDT,0,0,0
RM_LOT,_dta_index_RM_LOT_8_686625489__K49_K1_K56_2_3_4_5_6_7_8_9_10_11_14_15_17_19_20_21_23_25_26_27_28_29_30_31_32_33_34_35_36_37_38_,NONCLUSTERED,DBAMT,0,0,0
RM_LOT,_dta_index_RM_LOT_8_686625489__K49_K1_K56_2_3_4_5_6_7_8_9_10_11_14_15_17_19_20_21_23_25_26_27_28_29_30_31_32_33_34_35_36_37_38_,NONCLUSTERED,Tax_code,0,0,0
RM_LOT,_dta_index_RM_LOT_8_686625489__K49_K1_K56_2_3_4_5_6_7_8_9_10_11_14_15_17_19_20_21_23_25_26_27_28_29_30_31_32_33_34_35_36_37_38_,NONCLUSTERED,tax_per,0,0,0
RM_LOT,_dta_index_RM_LOT_8_686625489__K49_K1_K56_2_3_4_5_6_7_8_9_10_11_14_15_17_19_20_21_23_25_26_27_28_29_30_31_32_33_34_35_36_37_38_,NONCLUSTERED,LANDCOSTWITHTAX,0,0,0
RM_LOT,_dta_index_RM_LOT_8_686625489__K49_K1_K56_2_3_4_5_6_7_8_9_10_11_14_15_17_19_20_21_23_25_26_27_28_29_30_31_32_33_34_35_36_37_38_,NONCLUSTERED,SNO,0,0,0
RM_LOT,_dta_index_RM_LOT_8_686625489__K49_K1_K56_2_3_4_5_6_7_8_9_10_11_14_15_17_19_20_21_23_25_26_27_28_29_30_31_32_33_34_35_36_37_38_,NONCLUSTERED,FBILLVALUE,0,0,0
RM_LOT,_dta_index_RM_LOT_8_686625489__K49_K1_K56_2_3_4_5_6_7_8_9_10_11_14_15_17_19_20_21_23_25_26_27_28_29_30_31_32_33_34_35_36_37_38_,NONCLUSTERED,FNETWT,0,0,0
RM_LOT,_dta_index_RM_LOT_8_686625489__K49_K1_K56_2_3_4_5_6_7_8_9_10_11_14_15_17_19_20_21_23_25_26_27_28_29_30_31_32_33_34_35_36_37_38_,NONCLUSTERED,FTAREWT,0,0,0
RM_LOT,_dta_index_RM_LOT_8_686625489__K49_K1_K56_2_3_4_5_6_7_8_9_10_11_14_15_17_19_20_21_23_25_26_27_28_29_30_31_32_33_34_35_36_37_38_,NONCLUSTERED,FGROSSWT,0,0,0
RM_LOT,_dta_index_RM_LOT_8_686625489__K49_K1_K56_2_3_4_5_6_7_8_9_10_11_14_15_17_19_20_21_23_25_26_27_28_29_30_31_32_33_34_35_36_37_38_,NONCLUSTERED,FBILLWT,0,0,0
RM_LOT,_dta_index_RM_LOT_8_686625489__K49_K1_K56_2_3_4_5_6_7_8_9_10_11_14_15_17_19_20_21_23_25_26_27_28_29_30_31_32_33_34_35_36_37_38_,NONCLUSTERED,PJTC,0,0,0
RM_LOT,_dta_index_RM_LOT_8_686625489__K49_K1_K56_2_3_4_5_6_7_8_9_10_11_14_15_17_19_20_21_23_25_26_27_28_29_30_31_32_33_34_35_36_37_38_,NONCLUSTERED,PJDT,0,0,0
RM_LOT,_dta_index_RM_LOT_8_686625489__K49_K1_K56_2_3_4_5_6_7_8_9_10_11_14_15_17_19_20_21_23_25_26_27_28_29_30_31_32_33_34_35_36_37_38_,NONCLUSTERED,PJAMT,0,0,0
RM_LOT,_dta_index_RM_LOT_8_686625489__K49_K1_K56_2_3_4_5_6_7_8_9_10_11_14_15_17_19_20_21_23_25_26_27_28_29_30_31_32_33_34_35_36_37_38_,NONCLUSTERED,PTYPE,0,0,0
RM_LOT,_dta_index_RM_LOT_8_686625489__K49_K1_K56_2_3_4_5_6_7_8_9_10_11_14_15_17_19_20_21_23_25_26_27_28_29_30_31_32_33_34_35_36_37_38_,NONCLUSTERED,RG23A,0,0,0
RM_LOT,_dta_index_RM_LOT_8_686625489__K49_K1_K56_2_3_4_5_6_7_8_9_10_11_14_15_17_19_20_21_23_25_26_27_28_29_30_31_32_33_34_35_36_37_38_,NONCLUSTERED,ARRDT,0,0,0
RM_LOT,_dta_index_RM_LOT_8_686625489__K49_K1_K56_2_3_4_5_6_7_8_9_10_11_14_15_17_19_20_21_23_25_26_27_28_29_30_31_32_33_34_35_36_37_38_,NONCLUSTERED,NETWT,0,0,0
RM_LOT,_dta_index_RM_LOT_8_686625489__K49_K1_K56_2_3_4_5_6_7_8_9_10_11_14_15_17_19_20_21_23_25_26_27_28_29_30_31_32_33_34_35_36_37_38_,NONCLUSTERED,BBLFLG,0,0,0
RM_LOT,_dta_index_RM_LOT_8_686625489__K49_K1_K56_2_3_4_5_6_7_8_9_10_11_14_15_17_19_20_21_23_25_26_27_28_29_30_31_32_33_34_35_36_37_38_,NONCLUSTERED,BALES,0,0,0
RM_LOT,_dta_index_RM_LOT_8_686625489__K49_K1_K56_2_3_4_5_6_7_8_9_10_11_14_15_17_19_20_21_23_25_26_27_28_29_30_31_32_33_34_35_36_37_38_,NONCLUSTERED,RATEKG,0,0,0
RM_LOT,_dta_index_RM_LOT_8_686625489__K49_K1_K56_2_3_4_5_6_7_8_9_10_11_14_15_17_19_20_21_23_25_26_27_28_29_30_31_32_33_34_35_36_37_38_,NONCLUSTERED,GODOWN,0,0,0
RM_LOT,_dta_index_RM_LOT_8_686625489__K49_K1_K56_2_3_4_5_6_7_8_9_10_11_14_15_17_19_20_21_23_25_26_27_28_29_30_31_32_33_34_35_36_37_38_,NONCLUSTERED,LGROUP,0,0,0
RM_LOT,_dta_index_RM_LOT_8_686625489__K49_K1_K56_2_3_4_5_6_7_8_9_10_11_14_15_17_19_20_21_23_25_26_27_28_29_30_31_32_33_34_35_36_37_38_,NONCLUSTERED,BEDAMT,0,0,0
RM_LOT,_dta_index_RM_LOT_8_686625489__K49_K1_K56_2_3_4_5_6_7_8_9_10_11_14_15_17_19_20_21_23_25_26_27_28_29_30_31_32_33_34_35_36_37_38_,NONCLUSTERED,AEDAMT,0,0,0
RM_LOT,_dta_index_RM_LOT_8_686625489__K49_K1_K56_2_3_4_5_6_7_8_9_10_11_14_15_17_19_20_21_23_25_26_27_28_29_30_31_32_33_34_35_36_37_38_,NONCLUSTERED,TOTLANDCOST,0,0,0
RM_LOT,_dta_index_RM_LOT_8_686625489__K49_K1_K56_2_3_4_5_6_7_8_9_10_11_14_15_17_19_20_21_23_25_26_27_28_29_30_31_32_33_34_35_36_37_38_,NONCLUSTERED,GRSWGT,0,0,0
RM_LOT,_dta_index_RM_LOT_8_686625489__K49_K1_K56_2_3_4_5_6_7_8_9_10_11_14_15_17_19_20_21_23_25_26_27_28_29_30_31_32_33_34_35_36_37_38_,NONCLUSTERED,TAREWT,0,0,0
RM_LOT,_dta_index_RM_LOT_8_686625489__K49_K1_K56_2_3_4_5_6_7_8_9_10_11_14_15_17_19_20_21_23_25_26_27_28_29_30_31_32_33_34_35_36_37_38_,NONCLUSTERED,SAMPWT,0,0,0
RM_LOT,_dta_index_RM_LOT_8_686625489__K49_K1_K56_2_3_4_5_6_7_8_9_10_11_14_15_17_19_20_21_23_25_26_27_28_29_30_31_32_33_34_35_36_37_38_,NONCLUSTERED,LDGULG,0,0,0
RM_LOT,_dta_index_RM_LOT_8_686625489__K49_K1_K56_2_3_4_5_6_7_8_9_10_11_14_15_17_19_20_21_23_25_26_27_28_29_30_31_32_33_34_35_36_37_38_,NONCLUSTERED,BRKCOM,0,0,0
RM_LOT,_dta_index_RM_LOT_8_686625489__K49_K1_K56_2_3_4_5_6_7_8_9_10_11_14_15_17_19_20_21_23_25_26_27_28_29_30_31_32_33_34_35_36_37_38_,NONCLUSTERED,DNAMT1,0,0,0
RM_LOT,_dta_index_RM_LOT_8_686625489__K49_K1_K56_2_3_4_5_6_7_8_9_10_11_14_15_17_19_20_21_23_25_26_27_28_29_30_31_32_33_34_35_36_37_38_,NONCLUSTERED,DNAMT2,0,0,0
RM_LOT,_dta_index_RM_LOT_8_686625489__K49_K1_K56_2_3_4_5_6_7_8_9_10_11_14_15_17_19_20_21_23_25_26_27_28_29_30_31_32_33_34_35_36_37_38_,NONCLUSTERED,SPOTEXP,0,0,0
RM_LOT,_dta_index_RM_LOT_8_686625489__K49_K1_K56_2_3_4_5_6_7_8_9_10_11_14_15_17_19_20_21_23_25_26_27_28_29_30_31_32_33_34_35_36_37_38_,NONCLUSTERED,INSAMT,0,0,0
RM_LOT,_dta_index_RM_LOT_8_686625489__K49_K1_K56_2_3_4_5_6_7_8_9_10_11_14_15_17_19_20_21_23_25_26_27_28_29_30_31_32_33_34_35_36_37_38_,NONCLUSTERED,ARRNO,0,0,0
RM_LOT,_dta_index_RM_LOT_8_686625489__K49_K1_K56_2_3_4_5_6_7_8_9_10_11_14_15_17_19_20_21_23_25_26_27_28_29_30_31_32_33_34_35_36_37_38_,NONCLUSTERED,PTYWGT,0,0,0
RM_LOT,_dta_index_RM_LOT_8_686625489__K49_K1_K56_2_3_4_5_6_7_8_9_10_11_14_15_17_19_20_21_23_25_26_27_28_29_30_31_32_33_34_35_36_37_38_,NONCLUSTERED,TAXAMT,0,0,0
RM_LOT,_dta_index_RM_LOT_8_686625489__K49_K1_K56_2_3_4_5_6_7_8_9_10_11_14_15_17_19_20_21_23_25_26_27_28_29_30_31_32_33_34_35_36_37_38_,NONCLUSTERED,ODINT,0,0,0
RM_LOT,_dta_index_RM_LOT_8_686625489__K49_K1_K56_2_3_4_5_6_7_8_9_10_11_14_15_17_19_20_21_23_25_26_27_28_29_30_31_32_33_34_35_36_37_38_,NONCLUSTERED,FREGHT,0,0,0
RM_LOT,_dta_index_RM_LOT_8_686625489__K49_K1_K56_2_3_4_5_6_7_8_9_10_11_14_15_17_19_20_21_23_25_26_27_28_29_30_31_32_33_34_35_36_37_38_,NONCLUSTERED,RLYFRT,0,0,0
RM_LOT,_dta_index_RM_LOT_8_686625489__K49_K1_K56_2_3_4_5_6_7_8_9_10_11_14_15_17_19_20_21_23_25_26_27_28_29_30_31_32_33_34_35_36_37_38_,NONCLUSTERED,LOTTYPE,0,0,0
RM_LOT,_dta_index_RM_LOT_8_686625489__K49_K1_K56_2_3_4_5_6_7_8_9_10_11_14_15_17_19_20_21_23_25_26_27_28_29_30_31_32_33_34_35_36_37_38_,NONCLUSTERED,SUPCD,0,0,0
RM_LOT,_dta_index_RM_LOT_8_686625489__K49_K1_K56_2_3_4_5_6_7_8_9_10_11_14_15_17_19_20_21_23_25_26_27_28_29_30_31_32_33_34_35_36_37_38_,NONCLUSTERED,BRKCD,0,0,0
RM_LOT,_dta_index_RM_LOT_8_686625489__K49_K1_K56_2_3_4_5_6_7_8_9_10_11_14_15_17_19_20_21_23_25_26_27_28_29_30_31_32_33_34_35_36_37_38_,NONCLUSTERED,AREACD,0,0,0
RM_LOT,_dta_index_RM_LOT_8_686625489__K49_K1_K56_2_3_4_5_6_7_8_9_10_11_14_15_17_19_20_21_23_25_26_27_28_29_30_31_32_33_34_35_36_37_38_,NONCLUSTERED,VARCODE,0,0,0
RM_LOT,_dta_index_RM_LOT_8_686625489__K49_K1_K56_2_3_4_5_6_7_8_9_10_11_14_15_17_19_20_21_23_25_26_27_28_29_30_31_32_33_34_35_36_37_38_,NONCLUSTERED,CNTCODE,0,0,0
RM_LOT,_dta_index_RM_LOT_8_686625489__K49_K1_K56_2_3_4_5_6_7_8_9_10_11_14_15_17_19_20_21_23_25_26_27_28_29_30_31_32_33_34_35_36_37_38_,NONCLUSTERED,PJNO,1,0,0
RM_LOT,_dta_index_RM_LOT_8_686625489__K49_K1_K56_2_3_4_5_6_7_8_9_10_11_14_15_17_19_20_21_23_25_26_27_28_29_30_31_32_33_34_35_36_37_38_,NONCLUSTERED,DIVCODE,2,0,0
RM_LOT,_dta_index_RM_LOT_8_686625489__K49_K1_K56_2_3_4_5_6_7_8_9_10_11_14_15_17_19_20_21_23_25_26_27_28_29_30_31_32_33_34_35_36_37_38_,NONCLUSTERED,OPFLG,3,0,0
RM_LOT,_dta_index_RM_LOT_8_686625489__K74_K1_K4_K3_K5_K2_K9_K167_K56_6_7_8_10_11_12_13_14_15_16_17_18_19_20_21_22_23_24_25_26_27_28_,NONCLUSTERED,SUPCD,0,0,0
RM_LOT,_dta_index_RM_LOT_8_686625489__K74_K1_K4_K3_K5_K2_K9_K167_K56_6_7_8_10_11_12_13_14_15_16_17_18_19_20_21_22_23_24_25_26_27_28_,NONCLUSTERED,BRKCD,0,0,0
RM_LOT,_dta_index_RM_LOT_8_686625489__K74_K1_K4_K3_K5_K2_K9_K167_K56_6_7_8_10_11_12_13_14_15_16_17_18_19_20_21_22_23_24_25_26_27_28_,NONCLUSTERED,AREACD,0,0,0
RM_LOT,_dta_index_RM_LOT_8_686625489__K74_K1_K4_K3_K5_K2_K9_K167_K56_6_7_8_10_11_12_13_14_15_16_17_18_19_20_21_22_23_24_25_26_27_28_,NONCLUSTERED,CNTCODE,0,0,0
RM_LOT,_dta_index_RM_LOT_8_686625489__K74_K1_K4_K3_K5_K2_K9_K167_K56_6_7_8_10_11_12_13_14_15_16_17_18_19_20_21_22_23_24_25_26_27_28_,NONCLUSTERED,AIGSTAMT,0,0,0
RM_LOT,_dta_index_RM_LOT_8_686625489__K74_K1_K4_K3_K5_K2_K9_K167_K56_6_7_8_10_11_12_13_14_15_16_17_18_19_20_21_22_23_24_25_26_27_28_,NONCLUSTERED,purappruser,0,0,0
RM_LOT,_dta_index_RM_LOT_8_686625489__K74_K1_K4_K3_K5_K2_K9_K167_K56_6_7_8_10_11_12_13_14_15_16_17_18_19_20_21_22_23_24_25_26_27_28_,NONCLUSTERED,purappdate,0,0,0
RM_LOT,_dta_index_RM_LOT_8_686625489__K74_K1_K4_K3_K5_K2_K9_K167_K56_6_7_8_10_11_12_13_14_15_16_17_18_19_20_21_22_23_24_25_26_27_28_,NONCLUSTERED,purappflg,0,0,0
RM_LOT,_dta_index_RM_LOT_8_686625489__K74_K1_K4_K3_K5_K2_K9_K167_K56_6_7_8_10_11_12_13_14_15_16_17_18_19_20_21_22_23_24_25_26_27_28_,NONCLUSTERED,purpreparedby,0,0,0
RM_LOT,_dta_index_RM_LOT_8_686625489__K74_K1_K4_K3_K5_K2_K9_K167_K56_6_7_8_10_11_12_13_14_15_16_17_18_19_20_21_22_23_24_25_26_27_28_,NONCLUSTERED,purpredate,0,0,0
RM_LOT,_dta_index_RM_LOT_8_686625489__K74_K1_K4_K3_K5_K2_K9_K167_K56_6_7_8_10_11_12_13_14_15_16_17_18_19_20_21_22_23_24_25_26_27_28_,NONCLUSTERED,potype,0,0,0
RM_LOT,_dta_index_RM_LOT_8_686625489__K74_K1_K4_K3_K5_K2_K9_K167_K56_6_7_8_10_11_12_13_14_15_16_17_18_19_20_21_22_23_24_25_26_27_28_,NONCLUSTERED,invisibleloss,0,0,0
RM_LOT,_dta_index_RM_LOT_8_686625489__K74_K1_K4_K3_K5_K2_K9_K167_K56_6_7_8_10_11_12_13_14_15_16_17_18_19_20_21_22_23_24_25_26_27_28_,NONCLUSTERED,invisweight,0,0,0
RM_LOT,_dta_index_RM_LOT_8_686625489__K74_K1_K4_K3_K5_K2_K9_K167_K56_6_7_8_10_11_12_13_14_15_16_17_18_19_20_21_22_23_24_25_26_27_28_,NONCLUSTERED,Advance_amt,0,0,0
RM_LOT,_dta_index_RM_LOT_8_686625489__K74_K1_K4_K3_K5_K2_K9_K167_K56_6_7_8_10_11_12_13_14_15_16_17_18_19_20_21_22_23_24_25_26_27_28_,NONCLUSTERED,ACGSTAMT,0,0,0
RM_LOT,_dta_index_RM_LOT_8_686625489__K74_K1_K4_K3_K5_K2_K9_K167_K56_6_7_8_10_11_12_13_14_15_16_17_18_19_20_21_22_23_24_25_26_27_28_,NONCLUSTERED,ASGSTAMT,0,0,0
RM_LOT,_dta_index_RM_LOT_8_686625489__K74_K1_K4_K3_K5_K2_K9_K167_K56_6_7_8_10_11_12_13_14_15_16_17_18_19_20_21_22_23_24_25_26_27_28_,NONCLUSTERED,welfareAmt,0,0,0
RM_LOT,_dta_index_RM_LOT_8_686625489__K74_K1_K4_K3_K5_K2_K9_K167_K56_6_7_8_10_11_12_13_14_15_16_17_18_19_20_21_22_23_24_25_26_27_28_,NONCLUSTERED,welfarePer,0,0,0
RM_LOT,_dta_index_RM_LOT_8_686625489__K74_K1_K4_K3_K5_K2_K9_K167_K56_6_7_8_10_11_12_13_14_15_16_17_18_19_20_21_22_23_24_25_26_27_28_,NONCLUSTERED,be_no,0,0,0
RM_LOT,_dta_index_RM_LOT_8_686625489__K74_K1_K4_K3_K5_K2_K9_K167_K56_6_7_8_10_11_12_13_14_15_16_17_18_19_20_21_22_23_24_25_26_27_28_,NONCLUSTERED,be_date,0,0,0
RM_LOT,_dta_index_RM_LOT_8_686625489__K74_K1_K4_K3_K5_K2_K9_K167_K56_6_7_8_10_11_12_13_14_15_16_17_18_19_20_21_22_23_24_25_26_27_28_,NONCLUSTERED,duty_Wt,0,0,0
RM_LOT,_dta_index_RM_LOT_8_686625489__K74_K1_K4_K3_K5_K2_K9_K167_K56_6_7_8_10_11_12_13_14_15_16_17_18_19_20_21_22_23_24_25_26_27_28_,NONCLUSTERED,DutyValue,0,0,0
RM_LOT,_dta_index_RM_LOT_8_686625489__K74_K1_K4_K3_K5_K2_K9_K167_K56_6_7_8_10_11_12_13_14_15_16_17_18_19_20_21_22_23_24_25_26_27_28_,NONCLUSTERED,BillCurrency,0,0,0
RM_LOT,_dta_index_RM_LOT_8_686625489__K74_K1_K4_K3_K5_K2_K9_K167_K56_6_7_8_10_11_12_13_14_15_16_17_18_19_20_21_22_23_24_25_26_27_28_,NONCLUSTERED,ExchangeRate,0,0,0
RM_LOT,_dta_index_RM_LOT_8_686625489__K74_K1_K4_K3_K5_K2_K9_K167_K56_6_7_8_10_11_12_13_14_15_16_17_18_19_20_21_22_23_24_25_26_27_28_,NONCLUSTERED,Comm_Wt,0,0,0
RM_LOT,_dta_index_RM_LOT_8_686625489__K74_K1_K4_K3_K5_K2_K9_K167_K56_6_7_8_10_11_12_13_14_15_16_17_18_19_20_21_22_23_24_25_26_27_28_,NONCLUSTERED,ComWt_Flg,0,0,0
RM_LOT,_dta_index_RM_LOT_8_686625489__K74_K1_K4_K3_K5_K2_K9_K167_K56_6_7_8_10_11_12_13_14_15_16_17_18_19_20_21_22_23_24_25_26_27_28_,NONCLUSTERED,IDPer,0,0,0
RM_LOT,_dta_index_RM_LOT_8_686625489__K74_K1_K4_K3_K5_K2_K9_K167_K56_6_7_8_10_11_12_13_14_15_16_17_18_19_20_21_22_23_24_25_26_27_28_,NONCLUSTERED,IDAmt,0,0,0
RM_LOT,_dta_index_RM_LOT_8_686625489__K74_K1_K4_K3_K5_K2_K9_K167_K56_6_7_8_10_11_12_13_14_15_16_17_18_19_20_21_22_23_24_25_26_27_28_,NONCLUSTERED,PlCode,0,0,0
RM_LOT,_dta_index_RM_LOT_8_686625489__K74_K1_K4_K3_K5_K2_K9_K167_K56_6_7_8_10_11_12_13_14_15_16_17_18_19_20_21_22_23_24_25_26_27_28_,NONCLUSTERED,Gdivcode,0,0,0
RM_LOT,_dta_index_RM_LOT_8_686625489__K74_K1_K4_K3_K5_K2_K9_K167_K56_6_7_8_10_11_12_13_14_15_16_17_18_19_20_21_22_23_24_25_26_27_28_,NONCLUSTERED,CertificateNo2,0,0,0
RM_LOT,_dta_index_RM_LOT_8_686625489__K74_K1_K4_K3_K5_K2_K9_K167_K56_6_7_8_10_11_12_13_14_15_16_17_18_19_20_21_22_23_24_25_26_27_28_,NONCLUSTERED,CertificateDT2,0,0,0
RM_LOT,_dta_index_RM_LOT_8_686625489__K74_K1_K4_K3_K5_K2_K9_K167_K56_6_7_8_10_11_12_13_14_15_16_17_18_19_20_21_22_23_24_25_26_27_28_,NONCLUSTERED,CertificateNo3,0,0,0
RM_LOT,_dta_index_RM_LOT_8_686625489__K74_K1_K4_K3_K5_K2_K9_K167_K56_6_7_8_10_11_12_13_14_15_16_17_18_19_20_21_22_23_24_25_26_27_28_,NONCLUSTERED,CertificateDT3,0,0,0
RM_LOT,_dta_index_RM_LOT_8_686625489__K74_K1_K4_K3_K5_K2_K9_K167_K56_6_7_8_10_11_12_13_14_15_16_17_18_19_20_21_22_23_24_25_26_27_28_,NONCLUSTERED,cgstamt,0,0,0
RM_LOT,_dta_index_RM_LOT_8_686625489__K74_K1_K4_K3_K5_K2_K9_K167_K56_6_7_8_10_11_12_13_14_15_16_17_18_19_20_21_22_23_24_25_26_27_28_,NONCLUSTERED,sgstper,0,0,0
RM_LOT,_dta_index_RM_LOT_8_686625489__K74_K1_K4_K3_K5_K2_K9_K167_K56_6_7_8_10_11_12_13_14_15_16_17_18_19_20_21_22_23_24_25_26_27_28_,NONCLUSTERED,sgstamt,0,0,0
RM_LOT,_dta_index_RM_LOT_8_686625489__K74_K1_K4_K3_K5_K2_K9_K167_K56_6_7_8_10_11_12_13_14_15_16_17_18_19_20_21_22_23_24_25_26_27_28_,NONCLUSTERED,igstper,0,0,0
RM_LOT,_dta_index_RM_LOT_8_686625489__K74_K1_K4_K3_K5_K2_K9_K167_K56_6_7_8_10_11_12_13_14_15_16_17_18_19_20_21_22_23_24_25_26_27_28_,NONCLUSTERED,igstamt,0,0,0
RM_LOT,_dta_index_RM_LOT_8_686625489__K74_K1_K4_K3_K5_K2_K9_K167_K56_6_7_8_10_11_12_13_14_15_16_17_18_19_20_21_22_23_24_25_26_27_28_,NONCLUSTERED,Line_No,0,0,0
RM_LOT,_dta_index_RM_LOT_8_686625489__K74_K1_K4_K3_K5_K2_K9_K167_K56_6_7_8_10_11_12_13_14_15_16_17_18_19_20_21_22_23_24_25_26_27_28_,NONCLUSTERED,ModUSERNAME,0,0,0
RM_LOT,_dta_index_RM_LOT_8_686625489__K74_K1_K4_K3_K5_K2_K9_K167_K56_6_7_8_10_11_12_13_14_15_16_17_18_19_20_21_22_23_24_25_26_27_28_,NONCLUSTERED,SuppBillvalue,0,0,0
RM_LOT,_dta_index_RM_LOT_8_686625489__K74_K1_K4_K3_K5_K2_K9_K167_K56_6_7_8_10_11_12_13_14_15_16_17_18_19_20_21_22_23_24_25_26_27_28_,NONCLUSTERED,SICAAmt,0,0,0
RM_LOT,_dta_index_RM_LOT_8_686625489__K74_K1_K4_K3_K5_K2_K9_K167_K56_6_7_8_10_11_12_13_14_15_16_17_18_19_20_21_22_23_24_25_26_27_28_,NONCLUSTERED,trash_et,0,0,0
RM_LOT,_dta_index_RM_LOT_8_686625489__K74_K1_K4_K3_K5_K2_K9_K167_K56_6_7_8_10_11_12_13_14_15_16_17_18_19_20_21_22_23_24_25_26_27_28_,NONCLUSTERED,HSN,0,0,0
RM_LOT,_dta_index_RM_LOT_8_686625489__K74_K1_K4_K3_K5_K2_K9_K167_K56_6_7_8_10_11_12_13_14_15_16_17_18_19_20_21_22_23_24_25_26_27_28_,NONCLUSTERED,cgstper,0,0,0
RM_LOT,_dta_index_RM_LOT_8_686625489__K74_K1_K4_K3_K5_K2_K9_K167_K56_6_7_8_10_11_12_13_14_15_16_17_18_19_20_21_22_23_24_25_26_27_28_,NONCLUSTERED,faflag,0,0,0
RM_LOT,_dta_index_RM_LOT_8_686625489__K74_K1_K4_K3_K5_K2_K9_K167_K56_6_7_8_10_11_12_13_14_15_16_17_18_19_20_21_22_23_24_25_26_27_28_,NONCLUSTERED,STAPLEN5,0,0,0
RM_LOT,_dta_index_RM_LOT_8_686625489__K74_K1_K4_K3_K5_K2_K9_K167_K56_6_7_8_10_11_12_13_14_15_16_17_18_19_20_21_22_23_24_25_26_27_28_,NONCLUSTERED,brkcomPer,0,0,0
RM_LOT,_dta_index_RM_LOT_8_686625489__K74_K1_K4_K3_K5_K2_K9_K167_K56_6_7_8_10_11_12_13_14_15_16_17_18_19_20_21_22_23_24_25_26_27_28_,NONCLUSTERED,TCS_AMT,0,0,0
RM_LOT,_dta_index_RM_LOT_8_686625489__K74_K1_K4_K3_K5_K2_K9_K167_K56_6_7_8_10_11_12_13_14_15_16_17_18_19_20_21_22_23_24_25_26_27_28_,NONCLUSTERED,APPFLG,0,0,0
RM_LOT,_dta_index_RM_LOT_8_686625489__K74_K1_K4_K3_K5_K2_K9_K167_K56_6_7_8_10_11_12_13_14_15_16_17_18_19_20_21_22_23_24_25_26_27_28_,NONCLUSTERED,ADDUSERNAME,0,0,0
RM_LOT,_dta_index_RM_LOT_8_686625489__K74_K1_K4_K3_K5_K2_K9_K167_K56_6_7_8_10_11_12_13_14_15_16_17_18_19_20_21_22_23_24_25_26_27_28_,NONCLUSTERED,addtaxamount,0,0,0
RM_LOT,_dta_index_RM_LOT_8_686625489__K74_K1_K4_K3_K5_K2_K9_K167_K56_6_7_8_10_11_12_13_14_15_16_17_18_19_20_21_22_23_24_25_26_27_28_,NONCLUSTERED,InsApprovalFlg,0,0,0
RM_LOT,_dta_index_RM_LOT_8_686625489__K74_K1_K4_K3_K5_K2_K9_K167_K56_6_7_8_10_11_12_13_14_15_16_17_18_19_20_21_22_23_24_25_26_27_28_,NONCLUSTERED,favaourablewgt,0,0,0
RM_LOT,_dta_index_RM_LOT_8_686625489__K74_K1_K4_K3_K5_K2_K9_K167_K56_6_7_8_10_11_12_13_14_15_16_17_18_19_20_21_22_23_24_25_26_27_28_,NONCLUSTERED,weightflg,0,0,0
RM_LOT,_dta_index_RM_LOT_8_686625489__K74_K1_K4_K3_K5_K2_K9_K167_K56_6_7_8_10_11_12_13_14_15_16_17_18_19_20_21_22_23_24_25_26_27_28_,NONCLUSTERED,pinvval,0,0,0
RM_LOT,_dta_index_RM_LOT_8_686625489__K74_K1_K4_K3_K5_K2_K9_K167_K56_6_7_8_10_11_12_13_14_15_16_17_18_19_20_21_22_23_24_25_26_27_28_,NONCLUSTERED,SPOTPasser,0,0,0
RM_LOT,_dta_index_RM_LOT_8_686625489__K74_K1_K4_K3_K5_K2_K9_K167_K56_6_7_8_10_11_12_13_14_15_16_17_18_19_20_21_22_23_24_25_26_27_28_,NONCLUSTERED,Rateunit,0,0,0
RM_LOT,_dta_index_RM_LOT_8_686625489__K74_K1_K4_K3_K5_K2_K9_K167_K56_6_7_8_10_11_12_13_14_15_16_17_18_19_20_21_22_23_24_25_26_27_28_,NONCLUSTERED,LOTRECTYPE,0,0,0
RM_LOT,_dta_index_RM_LOT_8_686625489__K74_K1_K4_K3_K5_K2_K9_K167_K56_6_7_8_10_11_12_13_14_15_16_17_18_19_20_21_22_23_24_25_26_27_28_,NONCLUSTERED,DutyPer,0,0,0
RM_LOT,_dta_index_RM_LOT_8_686625489__K74_K1_K4_K3_K5_K2_K9_K167_K56_6_7_8_10_11_12_13_14_15_16_17_18_19_20_21_22_23_24_25_26_27_28_,NONCLUSTERED,DiscountFlg,0,0,0
RM_LOT,_dta_index_RM_LOT_8_686625489__K74_K1_K4_K3_K5_K2_K9_K167_K56_6_7_8_10_11_12_13_14_15_16_17_18_19_20_21_22_23_24_25_26_27_28_,NONCLUSTERED,addtaxcode,0,0,0
RM_LOT,_dta_index_RM_LOT_8_686625489__K74_K1_K4_K3_K5_K2_K9_K167_K56_6_7_8_10_11_12_13_14_15_16_17_18_19_20_21_22_23_24_25_26_27_28_,NONCLUSTERED,addtaxper,0,0,0
RM_LOT,_dta_index_RM_LOT_8_686625489__K74_K1_K4_K3_K5_K2_K9_K167_K56_6_7_8_10_11_12_13_14_15_16_17_18_19_20_21_22_23_24_25_26_27_28_,NONCLUSTERED,fiveper,0,0,0
RM_LOT,_dta_index_RM_LOT_8_686625489__K74_K1_K4_K3_K5_K2_K9_K167_K56_6_7_8_10_11_12_13_14_15_16_17_18_19_20_21_22_23_24_25_26_27_28_,NONCLUSTERED,fine,0,0,0
RM_LOT,_dta_index_RM_LOT_8_686625489__K74_K1_K4_K3_K5_K2_K9_K167_K56_6_7_8_10_11_12_13_14_15_16_17_18_19_20_21_22_23_24_25_26_27_28_,NONCLUSTERED,ifc,0,0,0
RM_LOT,_dta_index_RM_LOT_8_686625489__K74_K1_K4_K3_K5_K2_K9_K167_K56_6_7_8_10_11_12_13_14_15_16_17_18_19_20_21_22_23_24_25_26_27_28_,NONCLUSTERED,mr,0,0,0
RM_LOT,_dta_index_RM_LOT_8_686625489__K74_K1_K4_K3_K5_K2_K9_K167_K56_6_7_8_10_11_12_13_14_15_16_17_18_19_20_21_22_23_24_25_26_27_28_,NONCLUSTERED,plusB,0,0,0
RM_LOT,_dta_index_RM_LOT_8_686625489__K74_K1_K4_K3_K5_K2_K9_K167_K56_6_7_8_10_11_12_13_14_15_16_17_18_19_20_21_22_23_24_25_26_27_28_,NONCLUSTERED,OtherTaxableAmt,0,0,0
RM_LOT,_dta_index_RM_LOT_8_686625489__K74_K1_K4_K3_K5_K2_K9_K167_K56_6_7_8_10_11_12_13_14_15_16_17_18_19_20_21_22_23_24_25_26_27_28_,NONCLUSTERED,scnsize,0,0,0
RM_LOT,_dta_index_RM_LOT_8_686625489__K74_K1_K4_K3_K5_K2_K9_K167_K56_6_7_8_10_11_12_13_14_15_16_17_18_19_20_21_22_23_24_25_26_27_28_,NONCLUSTERED,lw,0,0,0
RM_LOT,_dta_index_RM_LOT_8_686625489__K74_K1_K4_K3_K5_K2_K9_K167_K56_6_7_8_10_11_12_13_14_15_16_17_18_19_20_21_22_23_24_25_26_27_28_,NONCLUSTERED,sfcw,0,0,0
RM_LOT,_dta_index_RM_LOT_8_686625489__K74_K1_K4_K3_K5_K2_K9_K167_K56_6_7_8_10_11_12_13_14_15_16_17_18_19_20_21_22_23_24_25_26_27_28_,NONCLUSTERED,uqlw,0,0,0
RM_LOT,_dta_index_RM_LOT_8_686625489__K74_K1_K4_K3_K5_K2_K9_K167_K56_6_7_8_10_11_12_13_14_15_16_17_18_19_20_21_22_23_24_25_26_27_28_,NONCLUSTERED,ln,0,0,0
RM_LOT,_dta_index_RM_LOT_8_686625489__K74_K1_K4_K3_K5_K2_K9_K167_K56_6_7_8_10_11_12_13_14_15_16_17_18_19_20_21_22_23_24_25_26_27_28_,NONCLUSTERED,sfcn,0,0,0
RM_LOT,_dta_index_RM_LOT_8_686625489__K74_K1_K4_K3_K5_K2_K9_K167_K56_6_7_8_10_11_12_13_14_15_16_17_18_19_20_21_22_23_24_25_26_27_28_,NONCLUSTERED,TPI,0,0,0
RM_LOT,_dta_index_RM_LOT_8_686625489__K74_K1_K4_K3_K5_K2_K9_K167_K56_6_7_8_10_11_12_13_14_15_16_17_18_19_20_21_22_23_24_25_26_27_28_,NONCLUSTERED,YarnStrength,0,0,0
RM_LOT,_dta_index_RM_LOT_8_686625489__K74_K1_K4_K3_K5_K2_K9_K167_K56_6_7_8_10_11_12_13_14_15_16_17_18_19_20_21_22_23_24_25_26_27_28_,NONCLUSTERED,YarnCount,0,0,0
RM_LOT,_dta_index_RM_LOT_8_686625489__K74_K1_K4_K3_K5_K2_K9_K167_K56_6_7_8_10_11_12_13_14_15_16_17_18_19_20_21_22_23_24_25_26_27_28_,NONCLUSTERED,Staple_Hand,0,0,0
RM_LOT,_dta_index_RM_LOT_8_686625489__K74_K1_K4_K3_K5_K2_K9_K167_K56_6_7_8_10_11_12_13_14_15_16_17_18_19_20_21_22_23_24_25_26_27_28_,NONCLUSTERED,nepspergm,0,0,0
RM_LOT,_dta_index_RM_LOT_8_686625489__K74_K1_K4_K3_K5_K2_K9_K167_K56_6_7_8_10_11_12_13_14_15_16_17_18_19_20_21_22_23_24_25_26_27_28_,NONCLUSTERED,NEPSIZE,0,0,0
RM_LOT,_dta_index_RM_LOT_8_686625489__K74_K1_K4_K3_K5_K2_K9_K167_K56_6_7_8_10_11_12_13_14_15_16_17_18_19_20_21_22_23_24_25_26_27_28_,NONCLUSTERED,IM_IND,0,0,0
RM_LOT,_dta_index_RM_LOT_8_686625489__K74_K1_K4_K3_K5_K2_K9_K167_K56_6_7_8_10_11_12_13_14_15_16_17_18_19_20_21_22_23_24_25_26_27_28_,NONCLUSTERED,ALLMIXCOUNT,0,0,0
RM_LOT,_dta_index_RM_LOT_8_686625489__K74_K1_K4_K3_K5_K2_K9_K167_K56_6_7_8_10_11_12_13_14_15_16_17_18_19_20_21_22_23_24_25_26_27_28_,NONCLUSTERED,RECMIXCOUNT,0,0,0
RM_LOT,_dta_index_RM_LOT_8_686625489__K74_K1_K4_K3_K5_K2_K9_K167_K56_6_7_8_10_11_12_13_14_15_16_17_18_19_20_21_22_23_24_25_26_27_28_,NONCLUSTERED,issflg,0,0,0
RM_LOT,_dta_index_RM_LOT_8_686625489__K74_K1_K4_K3_K5_K2_K9_K167_K56_6_7_8_10_11_12_13_14_15_16_17_18_19_20_21_22_23_24_25_26_27_28_,NONCLUSTERED,YarnAppearance,0,0,0
RM_LOT,_dta_index_RM_LOT_8_686625489__K74_K1_K4_K3_K5_K2_K9_K167_K56_6_7_8_10_11_12_13_14_15_16_17_18_19_20_21_22_23_24_25_26_27_28_,NONCLUSTERED,CorrectedStrength,0,0,0
RM_LOT,_dta_index_RM_LOT_8_686625489__K74_K1_K4_K3_K5_K2_K9_K167_K56_6_7_8_10_11_12_13_14_15_16_17_18_19_20_21_22_23_24_25_26_27_28_,NONCLUSTERED,form_type,0,0,0
RM_LOT,_dta_index_RM_LOT_8_686625489__K74_K1_K4_K3_K5_K2_K9_K167_K56_6_7_8_10_11_12_13_14_15_16_17_18_19_20_21_22_23_24_25_26_27_28_,NONCLUSTERED,fissue_flg,0,0,0
RM_LOT,_dta_index_RM_LOT_8_686625489__K74_K1_K4_K3_K5_K2_K9_K167_K56_6_7_8_10_11_12_13_14_15_16_17_18_19_20_21_22_23_24_25_26_27_28_,NONCLUSTERED,inwardno,0,0,0
RM_LOT,_dta_index_RM_LOT_8_686625489__K74_K1_K4_K3_K5_K2_K9_K167_K56_6_7_8_10_11_12_13_14_15_16_17_18_19_20_21_22_23_24_25_26_27_28_,NONCLUSTERED,inwarddate,0,0,0
RM_LOT,_dta_index_RM_LOT_8_686625489__K74_K1_K4_K3_K5_K2_K9_K167_K56_6_7_8_10_11_12_13_14_15_16_17_18_19_20_21_22_23_24_25_26_27_28_,NONCLUSTERED,dutyclaimable,0,0,0
RM_LOT,_dta_index_RM_LOT_8_686625489__K74_K1_K4_K3_K5_K2_K9_K167_K56_6_7_8_10_11_12_13_14_15_16_17_18_19_20_21_22_23_24_25_26_27_28_,NONCLUSTERED,RISI,0,0,0
RM_LOT,_dta_index_RM_LOT_8_686625489__K74_K1_K4_K3_K5_K2_K9_K167_K56_6_7_8_10_11_12_13_14_15_16_17_18_19_20_21_22_23_24_25_26_27_28_,NONCLUSTERED,Rec_Bales,0,0,0
RM_LOT,_dta_index_RM_LOT_8_686625489__K74_K1_K4_K3_K5_K2_K9_K167_K56_6_7_8_10_11_12_13_14_15_16_17_18_19_20_21_22_23_24_25_26_27_28_,NONCLUSTERED,Rec_Kgs,0,0,0
RM_LOT,_dta_index_RM_LOT_8_686625489__K74_K1_K4_K3_K5_K2_K9_K167_K56_6_7_8_10_11_12_13_14_15_16_17_18_19_20_21_22_23_24_25_26_27_28_,NONCLUSTERED,VCATCD,0,0,0
RM_LOT,_dta_index_RM_LOT_8_686625489__K74_K1_K4_K3_K5_K2_K9_K167_K56_6_7_8_10_11_12_13_14_15_16_17_18_19_20_21_22_23_24_25_26_27_28_,NONCLUSTERED,assvalue,0,0,0
RM_LOT,_dta_index_RM_LOT_8_686625489__K74_K1_K4_K3_K5_K2_K9_K167_K56_6_7_8_10_11_12_13_14_15_16_17_18_19_20_21_22_23_24_25_26_27_28_,NONCLUSTERED,shipchrg,0,0,0
RM_LOT,_dta_index_RM_LOT_8_686625489__K74_K1_K4_K3_K5_K2_K9_K167_K56_6_7_8_10_11_12_13_14_15_16_17_18_19_20_21_22_23_24_25_26_27_28_,NONCLUSTERED,weighbridgewt,0,0,0
RM_LOT,_dta_index_RM_LOT_8_686625489__K74_K1_K4_K3_K5_K2_K9_K167_K56_6_7_8_10_11_12_13_14_15_16_17_18_19_20_21_22_23_24_25_26_27_28_,NONCLUSTERED,bb,0,0,0
RM_LOT,_dta_index_RM_LOT_8_686625489__K74_K1_K4_K3_K5_K2_K9_K167_K56_6_7_8_10_11_12_13_14_15_16_17_18_19_20_21_22_23_24_25_26_27_28_,NONCLUSTERED,GRADE,0,0,0
RM_LOT,_dta_index_RM_LOT_8_686625489__K74_K1_K4_K3_K5_K2_K9_K167_K56_6_7_8_10_11_12_13_14_15_16_17_18_19_20_21_22_23_24_25_26_27_28_,NONCLUSTERED,CSP,0,0,0
RM_LOT,_dta_index_RM_LOT_8_686625489__K74_K1_K4_K3_K5_K2_K9_K167_K56_6_7_8_10_11_12_13_14_15_16_17_18_19_20_21_22_23_24_25_26_27_28_,NONCLUSTERED,remarks,0,0,0
RM_LOT,_dta_index_RM_LOT_8_686625489__K74_K1_K4_K3_K5_K2_K9_K167_K56_6_7_8_10_11_12_13_14_15_16_17_18_19_20_21_22_23_24_25_26_27_28_,NONCLUSTERED,Rej_Qty,0,0,0
RM_LOT,_dta_index_RM_LOT_8_686625489__K74_K1_K4_K3_K5_K2_K9_K167_K56_6_7_8_10_11_12_13_14_15_16_17_18_19_20_21_22_23_24_25_26_27_28_,NONCLUSTERED,Rej_Kgs,0,0,0
RM_LOT,_dta_index_RM_LOT_8_686625489__K74_K1_K4_K3_K5_K2_K9_K167_K56_6_7_8_10_11_12_13_14_15_16_17_18_19_20_21_22_23_24_25_26_27_28_,NONCLUSTERED,scneps_micm,0,0,0
RM_LOT,_dta_index_RM_LOT_8_686625489__K74_K1_K4_K3_K5_K2_K9_K167_K56_6_7_8_10_11_12_13_14_15_16_17_18_19_20_21_22_23_24_25_26_27_28_,NONCLUSTERED,totscneps_g,0,0,0
RM_LOT,_dta_index_RM_LOT_8_686625489__K74_K1_K4_K3_K5_K2_K9_K167_K56_6_7_8_10_11_12_13_14_15_16_17_18_19_20_21_22_23_24_25_26_27_28_,NONCLUSTERED,avgscneps_micm,0,0,0
RM_LOT,_dta_index_RM_LOT_8_686625489__K74_K1_K4_K3_K5_K2_K9_K167_K56_6_7_8_10_11_12_13_14_15_16_17_18_19_20_21_22_23_24_25_26_27_28_,NONCLUSTERED,EXNoils,0,0,0
RM_LOT,_dta_index_RM_LOT_8_686625489__K74_K1_K4_K3_K5_K2_K9_K167_K56_6_7_8_10_11_12_13_14_15_16_17_18_19_20_21_22_23_24_25_26_27_28_,NONCLUSTERED,gtex,0,0,0
RM_LOT,_dta_index_RM_LOT_8_686625489__K74_K1_K4_K3_K5_K2_K9_K167_K56_6_7_8_10_11_12_13_14_15_16_17_18_19_20_21_22_23_24_25_26_27_28_,NONCLUSTERED,RD,0,0,0
RM_LOT,_dta_index_RM_LOT_8_686625489__K74_K1_K4_K3_K5_K2_K9_K167_K56_6_7_8_10_11_12_13_14_15_16_17_18_19_20_21_22_23_24_25_26_27_28_,NONCLUSTERED,TRCNT,0,0,0
RM_LOT,_dta_index_RM_LOT_8_686625489__K74_K1_K4_K3_K5_K2_K9_K167_K56_6_7_8_10_11_12_13_14_15_16_17_18_19_20_21_22_23_24_25_26_27_28_,NONCLUSTERED,TRArea,0,0,0
RM_LOT,_dta_index_RM_LOT_8_686625489__K74_K1_K4_K3_K5_K2_K9_K167_K56_6_7_8_10_11_12_13_14_15_16_17_18_19_20_21_22_23_24_25_26_27_28_,NONCLUSTERED,TRGrade,0,0,0
RM_LOT,_dta_index_RM_LOT_8_686625489__K74_K1_K4_K3_K5_K2_K9_K167_K56_6_7_8_10_11_12_13_14_15_16_17_18_19_20_21_22_23_24_25_26_27_28_,NONCLUSTERED,LINT,0,0,0
RM_LOT,_dta_index_RM_LOT_8_686625489__K74_K1_K4_K3_K5_K2_K9_K167_K56_6_7_8_10_11_12_13_14_15_16_17_18_19_20_21_22_23_24_25_26_27_28_,NONCLUSTERED,IVC,0,0,0
RM_LOT,_dta_index_RM_LOT_8_686625489__K74_K1_K4_K3_K5_K2_K9_K167_K56_6_7_8_10_11_12_13_14_15_16_17_18_19_20_21_22_23_24_25_26_27_28_,NONCLUSTERED,scneps_g,0,0,0
RM_LOT,_dta_index_RM_LOT_8_686625489__K74_K1_K4_K3_K5_K2_K9_K167_K56_6_7_8_10_11_12_13_14_15_16_17_18_19_20_21_22_23_24_25_26_27_28_,NONCLUSTERED,alert_raised,0,0,0
RM_LOT,_dta_index_RM_LOT_8_686625489__K74_K1_K4_K3_K5_K2_K9_K167_K56_6_7_8_10_11_12_13_14_15_16_17_18_19_20_21_22_23_24_25_26_27_28_,NONCLUSTERED,LOT_YEAR,0,0,0
RM_LOT,_dta_index_RM_LOT_8_686625489__K74_K1_K4_K3_K5_K2_K9_K167_K56_6_7_8_10_11_12_13_14_15_16_17_18_19_20_21_22_23_24_25_26_27_28_,NONCLUSTERED,TAX_CHOICE,0,0,0
RM_LOT,_dta_index_RM_LOT_8_686625489__K74_K1_K4_K3_K5_K2_K9_K167_K56_6_7_8_10_11_12_13_14_15_16_17_18_19_20_21_22_23_24_25_26_27_28_,NONCLUSTERED,TransferType,0,0,0
RM_LOT,_dta_index_RM_LOT_8_686625489__K74_K1_K4_K3_K5_K2_K9_K167_K56_6_7_8_10_11_12_13_14_15_16_17_18_19_20_21_22_23_24_25_26_27_28_,NONCLUSTERED,sfi,0,0,0
RM_LOT,_dta_index_RM_LOT_8_686625489__K74_K1_K4_K3_K5_K2_K9_K167_K56_6_7_8_10_11_12_13_14_15_16_17_18_19_20_21_22_23_24_25_26_27_28_,NONCLUSTERED,elg,0,0,0
RM_LOT,_dta_index_RM_LOT_8_686625489__K74_K1_K4_K3_K5_K2_K9_K167_K56_6_7_8_10_11_12_13_14_15_16_17_18_19_20_21_22_23_24_25_26_27_28_,NONCLUSTERED,CashDisper,0,0,0
RM_LOT,_dta_index_RM_LOT_8_686625489__K74_K1_K4_K3_K5_K2_K9_K167_K56_6_7_8_10_11_12_13_14_15_16_17_18_19_20_21_22_23_24_25_26_27_28_,NONCLUSTERED,cashdisamt,0,0,0
RM_LOT,_dta_index_RM_LOT_8_686625489__K74_K1_K4_K3_K5_K2_K9_K167_K56_6_7_8_10_11_12_13_14_15_16_17_18_19_20_21_22_23_24_25_26_27_28_,NONCLUSTERED,TradeDisper,0,0,0
RM_LOT,_dta_index_RM_LOT_8_686625489__K74_K1_K4_K3_K5_K2_K9_K167_K56_6_7_8_10_11_12_13_14_15_16_17_18_19_20_21_22_23_24_25_26_27_28_,NONCLUSTERED,tradedisamt,0,0,0
RM_LOT,_dta_index_RM_LOT_8_686625489__K74_K1_K4_K3_K5_K2_K9_K167_K56_6_7_8_10_11_12_13_14_15_16_17_18_19_20_21_22_23_24_25_26_27_28_,NONCLUSTERED,Rebet,0,0,0
RM_LOT,_dta_index_RM_LOT_8_686625489__K74_K1_K4_K3_K5_K2_K9_K167_K56_6_7_8_10_11_12_13_14_15_16_17_18_19_20_21_22_23_24_25_26_27_28_,NONCLUSTERED,rebate,0,0,0
RM_LOT,_dta_index_RM_LOT_8_686625489__K74_K1_K4_K3_K5_K2_K9_K167_K56_6_7_8_10_11_12_13_14_15_16_17_18_19_20_21_22_23_24_25_26_27_28_,NONCLUSTERED,DBTC,0,0,0
RM_LOT,_dta_index_RM_LOT_8_686625489__K74_K1_K4_K3_K5_K2_K9_K167_K56_6_7_8_10_11_12_13_14_15_16_17_18_19_20_21_22_23_24_25_26_27_28_,NONCLUSTERED,STIME,0,0,0
RM_LOT,_dta_index_RM_LOT_8_686625489__K74_K1_K4_K3_K5_K2_K9_K167_K56_6_7_8_10_11_12_13_14_15_16_17_18_19_20_21_22_23_24_25_26_27_28_,NONCLUSTERED,ETIME,0,0,0
RM_LOT,_dta_index_RM_LOT_8_686625489__K74_K1_K4_K3_K5_K2_K9_K167_K56_6_7_8_10_11_12_13_14_15_16_17_18_19_20_21_22_23_24_25_26_27_28_,NONCLUSTERED,TOTHRS,0,0,0
RM_LOT,_dta_index_RM_LOT_8_686625489__K74_K1_K4_K3_K5_K2_K9_K167_K56_6_7_8_10_11_12_13_14_15_16_17_18_19_20_21_22_23_24_25_26_27_28_,NONCLUSTERED,ALLOWANCE,0,0,0
RM_LOT,_dta_index_RM_LOT_8_686625489__K74_K1_K4_K3_K5_K2_K9_K167_K56_6_7_8_10_11_12_13_14_15_16_17_18_19_20_21_22_23_24_25_26_27_28_,NONCLUSTERED,ASno,0,0,0
RM_LOT,_dta_index_RM_LOT_8_686625489__K74_K1_K4_K3_K5_K2_K9_K167_K56_6_7_8_10_11_12_13_14_15_16_17_18_19_20_21_22_23_24_25_26_27_28_,NONCLUSTERED,ARATEKG,0,0,0
RM_LOT,_dta_index_RM_LOT_8_686625489__K74_K1_K4_K3_K5_K2_K9_K167_K56_6_7_8_10_11_12_13_14_15_16_17_18_19_20_21_22_23_24_25_26_27_28_,NONCLUSTERED,DBDT,0,0,0
RM_LOT,_dta_index_RM_LOT_8_686625489__K74_K1_K4_K3_K5_K2_K9_K167_K56_6_7_8_10_11_12_13_14_15_16_17_18_19_20_21_22_23_24_25_26_27_28_,NONCLUSTERED,DBNARR,0,0,0
RM_LOT,_dta_index_RM_LOT_8_686625489__K74_K1_K4_K3_K5_K2_K9_K167_K56_6_7_8_10_11_12_13_14_15_16_17_18_19_20_21_22_23_24_25_26_27_28_,NONCLUSTERED,ABales,0,0,0
RM_LOT,_dta_index_RM_LOT_8_686625489__K74_K1_K4_K3_K5_K2_K9_K167_K56_6_7_8_10_11_12_13_14_15_16_17_18_19_20_21_22_23_24_25_26_27_28_,NONCLUSTERED,ADate,0,0,0
RM_LOT,_dta_index_RM_LOT_8_686625489__K74_K1_K4_K3_K5_K2_K9_K167_K56_6_7_8_10_11_12_13_14_15_16_17_18_19_20_21_22_23_24_25_26_27_28_,NONCLUSTERED,AFRatekg,0,0,0
RM_LOT,_dta_index_RM_LOT_8_686625489__K74_K1_K4_K3_K5_K2_K9_K167_K56_6_7_8_10_11_12_13_14_15_16_17_18_19_20_21_22_23_24_25_26_27_28_,NONCLUSTERED,ALLOWANCEAMT,0,0,0
RM_LOT,_dta_index_RM_LOT_8_686625489__K74_K1_K4_K3_K5_K2_K9_K167_K56_6_7_8_10_11_12_13_14_15_16_17_18_19_20_21_22_23_24_25_26_27_28_,NONCLUSTERED,CUSTOMSDUTYAMT,0,0,0
RM_LOT,_dta_index_RM_LOT_8_686625489__K74_K1_K4_K3_K5_K2_K9_K167_K56_6_7_8_10_11_12_13_14_15_16_17_18_19_20_21_22_23_24_25_26_27_28_,NONCLUSTERED,RATE,0,0,0
RM_LOT,_dta_index_RM_LOT_8_686625489__K74_K1_K4_K3_K5_K2_K9_K167_K56_6_7_8_10_11_12_13_14_15_16_17_18_19_20_21_22_23_24_25_26_27_28_,NONCLUSTERED,moisture_et,0,0,0
RM_LOT,_dta_index_RM_LOT_8_686625489__K74_K1_K4_K3_K5_K2_K9_K167_K56_6_7_8_10_11_12_13_14_15_16_17_18_19_20_21_22_23_24_25_26_27_28_,NONCLUSTERED,awt_flg,0,0,0
RM_LOT,_dta_index_RM_LOT_8_686625489__K74_K1_K4_K3_K5_K2_K9_K167_K56_6_7_8_10_11_12_13_14_15_16_17_18_19_20_21_22_23_24_25_26_27_28_,NONCLUSTERED,ARATECY,0,0,0
RM_LOT,_dta_index_RM_LOT_8_686625489__K74_K1_K4_K3_K5_K2_K9_K167_K56_6_7_8_10_11_12_13_14_15_16_17_18_19_20_21_22_23_24_25_26_27_28_,NONCLUSTERED,LCINTAMT,0,0,0
RM_LOT,_dta_index_RM_LOT_8_686625489__K74_K1_K4_K3_K5_K2_K9_K167_K56_6_7_8_10_11_12_13_14_15_16_17_18_19_20_21_22_23_24_25_26_27_28_,NONCLUSTERED,CHARITYAMT,0,0,0
RM_LOT,_dta_index_RM_LOT_8_686625489__K74_K1_K4_K3_K5_K2_K9_K167_K56_6_7_8_10_11_12_13_14_15_16_17_18_19_20_21_22_23_24_25_26_27_28_,NONCLUSTERED,DAMAGEAMT,0,0,0
RM_LOT,_dta_index_RM_LOT_8_686625489__K74_K1_K4_K3_K5_K2_K9_K167_K56_6_7_8_10_11_12_13_14_15_16_17_18_19_20_21_22_23_24_25_26_27_28_,NONCLUSTERED,WARPAGEAMT,0,0,0
RM_LOT,_dta_index_RM_LOT_8_686625489__K74_K1_K4_K3_K5_K2_K9_K167_K56_6_7_8_10_11_12_13_14_15_16_17_18_19_20_21_22_23_24_25_26_27_28_,NONCLUSTERED,CLEARANCEAMT,0,0,0
RM_LOT,_dta_index_RM_LOT_8_686625489__K74_K1_K4_K3_K5_K2_K9_K167_K56_6_7_8_10_11_12_13_14_15_16_17_18_19_20_21_22_23_24_25_26_27_28_,NONCLUSTERED,OTHERSAMT,0,0,0
RM_LOT,_dta_index_RM_LOT_8_686625489__K74_K1_K4_K3_K5_K2_K9_K167_K56_6_7_8_10_11_12_13_14_15_16_17_18_19_20_21_22_23_24_25_26_27_28_,NONCLUSTERED,RLYFRTPER,0,0,0
RM_LOT,_dta_index_RM_LOT_8_686625489__K74_K1_K4_K3_K5_K2_K9_K167_K56_6_7_8_10_11_12_13_14_15_16_17_18_19_20_21_22_23_24_25_26_27_28_,NONCLUSTERED,RLYFRTAMT,0,0,0
RM_LOT,_dta_index_RM_LOT_8_686625489__K74_K1_K4_K3_K5_K2_K9_K167_K56_6_7_8_10_11_12_13_14_15_16_17_18_19_20_21_22_23_24_25_26_27_28_,NONCLUSTERED,INSPER,0,0,0
RM_LOT,_dta_index_RM_LOT_8_686625489__K74_K1_K4_K3_K5_K2_K9_K167_K56_6_7_8_10_11_12_13_14_15_16_17_18_19_20_21_22_23_24_25_26_27_28_,NONCLUSTERED,COMMPER,0,0,0
RM_LOT,_dta_index_RM_LOT_8_686625489__K74_K1_K4_K3_K5_K2_K9_K167_K56_6_7_8_10_11_12_13_14_15_16_17_18_19_20_21_22_23_24_25_26_27_28_,NONCLUSTERED,COMMAMT,0,0,0
RM_LOT,_dta_index_RM_LOT_8_686625489__K74_K1_K4_K3_K5_K2_K9_K167_K56_6_7_8_10_11_12_13_14_15_16_17_18_19_20_21_22_23_24_25_26_27_28_,NONCLUSTERED,LCINTPER,0,0,0
RM_LOT,_dta_index_RM_LOT_8_686625489__K74_K1_K4_K3_K5_K2_K9_K167_K56_6_7_8_10_11_12_13_14_15_16_17_18_19_20_21_22_23_24_25_26_27_28_,NONCLUSTERED,SCPER,0,0,0
RM_LOT,_dta_index_RM_LOT_8_686625489__K74_K1_K4_K3_K5_K2_K9_K167_K56_6_7_8_10_11_12_13_14_15_16_17_18_19_20_21_22_23_24_25_26_27_28_,NONCLUSTERED,SCAMT,0,0,0
RM_LOT,_dta_index_RM_LOT_8_686625489__K74_K1_K4_K3_K5_K2_K9_K167_K56_6_7_8_10_11_12_13_14_15_16_17_18_19_20_21_22_23_24_25_26_27_28_,NONCLUSTERED,OTHTAXPER,0,0,0
RM_LOT,_dta_index_RM_LOT_8_686625489__K74_K1_K4_K3_K5_K2_K9_K167_K56_6_7_8_10_11_12_13_14_15_16_17_18_19_20_21_22_23_24_25_26_27_28_,NONCLUSTERED,OTHTAXAMT,0,0,0
RM_LOT,_dta_index_RM_LOT_8_686625489__K74_K1_K4_K3_K5_K2_K9_K167_K56_6_7_8_10_11_12_13_14_15_16_17_18_19_20_21_22_23_24_25_26_27_28_,NONCLUSTERED,LRFRTPER,0,0,0
RM_LOT,_dta_index_RM_LOT_8_686625489__K74_K1_K4_K3_K5_K2_K9_K167_K56_6_7_8_10_11_12_13_14_15_16_17_18_19_20_21_22_23_24_25_26_27_28_,NONCLUSTERED,LRFRTAMT,0,0,0
RM_LOT,_dta_index_RM_LOT_8_686625489__K74_K1_K4_K3_K5_K2_K9_K167_K56_6_7_8_10_11_12_13_14_15_16_17_18_19_20_21_22_23_24_25_26_27_28_,NONCLUSTERED,OCTROIAMT,0,0,0
RM_LOT,_dta_index_RM_LOT_8_686625489__K74_K1_K4_K3_K5_K2_K9_K167_K56_6_7_8_10_11_12_13_14_15_16_17_18_19_20_21_22_23_24_25_26_27_28_,NONCLUSTERED,VATPER,0,0,0
RM_LOT,_dta_index_RM_LOT_8_686625489__K74_K1_K4_K3_K5_K2_K9_K167_K56_6_7_8_10_11_12_13_14_15_16_17_18_19_20_21_22_23_24_25_26_27_28_,NONCLUSTERED,CSTPER,0,0,0
RM_LOT,_dta_index_RM_LOT_8_686625489__K74_K1_K4_K3_K5_K2_K9_K167_K56_6_7_8_10_11_12_13_14_15_16_17_18_19_20_21_22_23_24_25_26_27_28_,NONCLUSTERED,CSTAMT,0,0,0
RM_LOT,_dta_index_RM_LOT_8_686625489__K74_K1_K4_K3_K5_K2_K9_K167_K56_6_7_8_10_11_12_13_14_15_16_17_18_19_20_21_22_23_24_25_26_27_28_,NONCLUSTERED,TNGSTPER,0,0,0
RM_LOT,_dta_index_RM_LOT_8_686625489__K74_K1_K4_K3_K5_K2_K9_K167_K56_6_7_8_10_11_12_13_14_15_16_17_18_19_20_21_22_23_24_25_26_27_28_,NONCLUSTERED,TNGSTAMT,0,0,0
RM_LOT,_dta_index_RM_LOT_8_686625489__K74_K1_K4_K3_K5_K2_K9_K167_K56_6_7_8_10_11_12_13_14_15_16_17_18_19_20_21_22_23_24_25_26_27_28_,NONCLUSTERED,SEDPER,0,0,0
RM_LOT,_dta_index_RM_LOT_8_686625489__K74_K1_K4_K3_K5_K2_K9_K167_K56_6_7_8_10_11_12_13_14_15_16_17_18_19_20_21_22_23_24_25_26_27_28_,NONCLUSTERED,SEDAMT,0,0,0
RM_LOT,_dta_index_RM_LOT_8_686625489__K74_K1_K4_K3_K5_K2_K9_K167_K56_6_7_8_10_11_12_13_14_15_16_17_18_19_20_21_22_23_24_25_26_27_28_,NONCLUSTERED,AEDPER,0,0,0
RM_LOT,_dta_index_RM_LOT_8_686625489__K74_K1_K4_K3_K5_K2_K9_K167_K56_6_7_8_10_11_12_13_14_15_16_17_18_19_20_21_22_23_24_25_26_27_28_,NONCLUSTERED,CESSPER,0,0,0
RM_LOT,_dta_index_RM_LOT_8_686625489__K74_K1_K4_K3_K5_K2_K9_K167_K56_6_7_8_10_11_12_13_14_15_16_17_18_19_20_21_22_23_24_25_26_27_28_,NONCLUSTERED,CESSAMT,0,0,0
RM_LOT,_dta_index_RM_LOT_8_686625489__K74_K1_K4_K3_K5_K2_K9_K167_K56_6_7_8_10_11_12_13_14_15_16_17_18_19_20_21_22_23_24_25_26_27_28_,NONCLUSTERED,OCTROIPER,0,0,0
RM_LOT,_dta_index_RM_LOT_8_686625489__K74_K1_K4_K3_K5_K2_K9_K167_K56_6_7_8_10_11_12_13_14_15_16_17_18_19_20_21_22_23_24_25_26_27_28_,NONCLUSTERED,LANDCOSTWITHTAX,0,0,0
RM_LOT,_dta_index_RM_LOT_8_686625489__K74_K1_K4_K3_K5_K2_K9_K167_K56_6_7_8_10_11_12_13_14_15_16_17_18_19_20_21_22_23_24_25_26_27_28_,NONCLUSTERED,VATAMT,0,0,0
RM_LOT,_dta_index_RM_LOT_8_686625489__K74_K1_K4_K3_K5_K2_K9_K167_K56_6_7_8_10_11_12_13_14_15_16_17_18_19_20_21_22_23_24_25_26_27_28_,NONCLUSTERED,quality,0,0,0
RM_LOT,_dta_index_RM_LOT_8_686625489__K74_K1_K4_K3_K5_K2_K9_K167_K56_6_7_8_10_11_12_13_14_15_16_17_18_19_20_21_22_23_24_25_26_27_28_,NONCLUSTERED,BillValue,0,0,0
RM_LOT,_dta_index_RM_LOT_8_686625489__K74_K1_K4_K3_K5_K2_K9_K167_K56_6_7_8_10_11_12_13_14_15_16_17_18_19_20_21_22_23_24_25_26_27_28_,NONCLUSTERED,COLORCODE,0,0,0
RM_LOT,_dta_index_RM_LOT_8_686625489__K74_K1_K4_K3_K5_K2_K9_K167_K56_6_7_8_10_11_12_13_14_15_16_17_18_19_20_21_22_23_24_25_26_27_28_,NONCLUSTERED,BEDPER,0,0,0
RM_LOT,_dta_index_RM_LOT_8_686625489__K74_K1_K4_K3_K5_K2_K9_K167_K56_6_7_8_10_11_12_13_14_15_16_17_18_19_20_21_22_23_24_25_26_27_28_,NONCLUSTERED,DBNO,0,0,0
RM_LOT,_dta_index_RM_LOT_8_686625489__K74_K1_K4_K3_K5_K2_K9_K167_K56_6_7_8_10_11_12_13_14_15_16_17_18_19_20_21_22_23_24_25_26_27_28_,NONCLUSTERED,DBAMT,0,0,0
RM_LOT,_dta_index_RM_LOT_8_686625489__K74_K1_K4_K3_K5_K2_K9_K167_K56_6_7_8_10_11_12_13_14_15_16_17_18_19_20_21_22_23_24_25_26_27_28_,NONCLUSTERED,BANK,0,0,0
RM_LOT,_dta_index_RM_LOT_8_686625489__K74_K1_K4_K3_K5_K2_K9_K167_K56_6_7_8_10_11_12_13_14_15_16_17_18_19_20_21_22_23_24_25_26_27_28_,NONCLUSTERED,moiture,0,0,0
RM_LOT,_dta_index_RM_LOT_8_686625489__K74_K1_K4_K3_K5_K2_K9_K167_K56_6_7_8_10_11_12_13_14_15_16_17_18_19_20_21_22_23_24_25_26_27_28_,NONCLUSTERED,Tax_code,0,0,0
RM_LOT,_dta_index_RM_LOT_8_686625489__K74_K1_K4_K3_K5_K2_K9_K167_K56_6_7_8_10_11_12_13_14_15_16_17_18_19_20_21_22_23_24_25_26_27_28_,NONCLUSTERED,tax_per,0,0,0
RM_LOT,_dta_index_RM_LOT_8_686625489__K74_K1_K4_K3_K5_K2_K9_K167_K56_6_7_8_10_11_12_13_14_15_16_17_18_19_20_21_22_23_24_25_26_27_28_,NONCLUSTERED,FTAREWT,0,0,0
RM_LOT,_dta_index_RM_LOT_8_686625489__K74_K1_K4_K3_K5_K2_K9_K167_K56_6_7_8_10_11_12_13_14_15_16_17_18_19_20_21_22_23_24_25_26_27_28_,NONCLUSTERED,FGROSSWT,0,0,0
RM_LOT,_dta_index_RM_LOT_8_686625489__K74_K1_K4_K3_K5_K2_K9_K167_K56_6_7_8_10_11_12_13_14_15_16_17_18_19_20_21_22_23_24_25_26_27_28_,NONCLUSTERED,FBILLWT,0,0,0
RM_LOT,_dta_index_RM_LOT_8_686625489__K74_K1_K4_K3_K5_K2_K9_K167_K56_6_7_8_10_11_12_13_14_15_16_17_18_19_20_21_22_23_24_25_26_27_28_,NONCLUSTERED,FBILLNO,0,0,0
RM_LOT,_dta_index_RM_LOT_8_686625489__K74_K1_K4_K3_K5_K2_K9_K167_K56_6_7_8_10_11_12_13_14_15_16_17_18_19_20_21_22_23_24_25_26_27_28_,NONCLUSTERED,FBILLDT,0,0,0
RM_LOT,_dta_index_RM_LOT_8_686625489__K74_K1_K4_K3_K5_K2_K9_K167_K56_6_7_8_10_11_12_13_14_15_16_17_18_19_20_21_22_23_24_25_26_27_28_,NONCLUSTERED,adjvalue,0,0,0
RM_LOT,_dta_index_RM_LOT_8_686625489__K74_K1_K4_K3_K5_K2_K9_K167_K56_6_7_8_10_11_12_13_14_15_16_17_18_19_20_21_22_23_24_25_26_27_28_,NONCLUSTERED,pono,0,0,0
RM_LOT,_dta_index_RM_LOT_8_686625489__K74_K1_K4_K3_K5_K2_K9_K167_K56_6_7_8_10_11_12_13_14_15_16_17_18_19_20_21_22_23_24_25_26_27_28_,NONCLUSTERED,podt,0,0,0
RM_LOT,_dta_index_RM_LOT_8_686625489__K74_K1_K4_K3_K5_K2_K9_K167_K56_6_7_8_10_11_12_13_14_15_16_17_18_19_20_21_22_23_24_25_26_27_28_,NONCLUSTERED,NCPFLG,0,0,0
RM_LOT,_dta_index_RM_LOT_8_686625489__K74_K1_K4_K3_K5_K2_K9_K167_K56_6_7_8_10_11_12_13_14_15_16_17_18_19_20_21_22_23_24_25_26_27_28_,NONCLUSTERED,SNO,0,0,0
RM_LOT,_dta_index_RM_LOT_8_686625489__K74_K1_K4_K3_K5_K2_K9_K167_K56_6_7_8_10_11_12_13_14_15_16_17_18_19_20_21_22_23_24_25_26_27_28_,NONCLUSTERED,FBILLVALUE,0,0,0
RM_LOT,_dta_index_RM_LOT_8_686625489__K74_K1_K4_K3_K5_K2_K9_K167_K56_6_7_8_10_11_12_13_14_15_16_17_18_19_20_21_22_23_24_25_26_27_28_,NONCLUSTERED,FNETWT,0,0,0
RM_LOT,_dta_index_RM_LOT_8_686625489__K74_K1_K4_K3_K5_K2_K9_K167_K56_6_7_8_10_11_12_13_14_15_16_17_18_19_20_21_22_23_24_25_26_27_28_,NONCLUSTERED,PBALENO,0,0,0
RM_LOT,_dta_index_RM_LOT_8_686625489__K74_K1_K4_K3_K5_K2_K9_K167_K56_6_7_8_10_11_12_13_14_15_16_17_18_19_20_21_22_23_24_25_26_27_28_,NONCLUSTERED,PGRSWT,0,0,0
RM_LOT,_dta_index_RM_LOT_8_686625489__K74_K1_K4_K3_K5_K2_K9_K167_K56_6_7_8_10_11_12_13_14_15_16_17_18_19_20_21_22_23_24_25_26_27_28_,NONCLUSTERED,PTAREWT,0,0,0
RM_LOT,_dta_index_RM_LOT_8_686625489__K74_K1_K4_K3_K5_K2_K9_K167_K56_6_7_8_10_11_12_13_14_15_16_17_18_19_20_21_22_23_24_25_26_27_28_,NONCLUSTERED,PNETWT,0,0,0
RM_LOT,_dta_index_RM_LOT_8_686625489__K74_K1_K4_K3_K5_K2_K9_K167_K56_6_7_8_10_11_12_13_14_15_16_17_18_19_20_21_22_23_24_25_26_27_28_,NONCLUSTERED,INDENTNO,0,0,0
RM_LOT,_dta_index_RM_LOT_8_686625489__K74_K1_K4_K3_K5_K2_K9_K167_K56_6_7_8_10_11_12_13_14_15_16_17_18_19_20_21_22_23_24_25_26_27_28_,NONCLUSTERED,moisture,0,0,0
RM_LOT,_dta_index_RM_LOT_8_686625489__K74_K1_K4_K3_K5_K2_K9_K167_K56_6_7_8_10_11_12_13_14_15_16_17_18_19_20_21_22_23_24_25_26_27_28_,NONCLUSTERED,REJFLG,0,0,0
RM_LOT,_dta_index_RM_LOT_8_686625489__K74_K1_K4_K3_K5_K2_K9_K167_K56_6_7_8_10_11_12_13_14_15_16_17_18_19_20_21_22_23_24_25_26_27_28_,NONCLUSTERED,REJDT,0,0,0
RM_LOT,_dta_index_RM_LOT_8_686625489__K74_K1_K4_K3_K5_K2_K9_K167_K56_6_7_8_10_11_12_13_14_15_16_17_18_19_20_21_22_23_24_25_26_27_28_,NONCLUSTERED,adjwt,0,0,0
RM_LOT,_dta_index_RM_LOT_8_686625489__K74_K1_K4_K3_K5_K2_K9_K167_K56_6_7_8_10_11_12_13_14_15_16_17_18_19_20_21_22_23_24_25_26_27_28_,NONCLUSTERED,adjust,0,0,0
RM_LOT,_dta_index_RM_LOT_8_686625489__K74_K1_K4_K3_K5_K2_K9_K167_K56_6_7_8_10_11_12_13_14_15_16_17_18_19_20_21_22_23_24_25_26_27_28_,NONCLUSTERED,adjreason,0,0,0
RM_LOT,_dta_index_RM_LOT_8_686625489__K74_K1_K4_K3_K5_K2_K9_K167_K56_6_7_8_10_11_12_13_14_15_16_17_18_19_20_21_22_23_24_25_26_27_28_,NONCLUSTERED,adjdt,0,0,0
RM_LOT,_dta_index_RM_LOT_8_686625489__K74_K1_K4_K3_K5_K2_K9_K167_K56_6_7_8_10_11_12_13_14_15_16_17_18_19_20_21_22_23_24_25_26_27_28_,NONCLUSTERED,FQI,0,0,0
RM_LOT,_dta_index_RM_LOT_8_686625489__K74_K1_K4_K3_K5_K2_K9_K167_K56_6_7_8_10_11_12_13_14_15_16_17_18_19_20_21_22_23_24_25_26_27_28_,NONCLUSTERED,SCI,0,0,0
RM_LOT,_dta_index_RM_LOT_8_686625489__K74_K1_K4_K3_K5_K2_K9_K167_K56_6_7_8_10_11_12_13_14_15_16_17_18_19_20_21_22_23_24_25_26_27_28_,NONCLUSTERED,MATURE,0,0,0
RM_LOT,_dta_index_RM_LOT_8_686625489__K74_K1_K4_K3_K5_K2_K9_K167_K56_6_7_8_10_11_12_13_14_15_16_17_18_19_20_21_22_23_24_25_26_27_28_,NONCLUSTERED,HMATURE,0,0,0
RM_LOT,_dta_index_RM_LOT_8_686625489__K74_K1_K4_K3_K5_K2_K9_K167_K56_6_7_8_10_11_12_13_14_15_16_17_18_19_20_21_22_23_24_25_26_27_28_,NONCLUSTERED,IMATURE,0,0,0
RM_LOT,_dta_index_RM_LOT_8_686625489__K74_K1_K4_K3_K5_K2_K9_K167_K56_6_7_8_10_11_12_13_14_15_16_17_18_19_20_21_22_23_24_25_26_27_28_,NONCLUSTERED,reason,0,0,0
RM_LOT,_dta_index_RM_LOT_8_686625489__K74_K1_K4_K3_K5_K2_K9_K167_K56_6_7_8_10_11_12_13_14_15_16_17_18_19_20_21_22_23_24_25_26_27_28_,NONCLUSTERED,STRENGTH,0,0,0
RM_LOT,_dta_index_RM_LOT_8_686625489__K74_K1_K4_K3_K5_K2_K9_K167_K56_6_7_8_10_11_12_13_14_15_16_17_18_19_20_21_22_23_24_25_26_27_28_,NONCLUSTERED,actisskgs,0,0,0
RM_LOT,_dta_index_RM_LOT_8_686625489__K74_K1_K4_K3_K5_K2_K9_K167_K56_6_7_8_10_11_12_13_14_15_16_17_18_19_20_21_22_23_24_25_26_27_28_,NONCLUSTERED,MODUSERID,0,0,0
RM_LOT,_dta_index_RM_LOT_8_686625489__K74_K1_K4_K3_K5_K2_K9_K167_K56_6_7_8_10_11_12_13_14_15_16_17_18_19_20_21_22_23_24_25_26_27_28_,NONCLUSTERED,MODUSRID,0,0,0
RM_LOT,_dta_index_RM_LOT_8_686625489__K74_K1_K4_K3_K5_K2_K9_K167_K56_6_7_8_10_11_12_13_14_15_16_17_18_19_20_21_22_23_24_25_26_27_28_,NONCLUSTERED,MODDATE,0,0,0
RM_LOT,_dta_index_RM_LOT_8_686625489__K74_K1_K4_K3_K5_K2_K9_K167_K56_6_7_8_10_11_12_13_14_15_16_17_18_19_20_21_22_23_24_25_26_27_28_,NONCLUSTERED,ARRDT,0,0,0
RM_LOT,_dta_index_RM_LOT_8_686625489__K74_K1_K4_K3_K5_K2_K9_K167_K56_6_7_8_10_11_12_13_14_15_16_17_18_19_20_21_22_23_24_25_26_27_28_,NONCLUSTERED,RG23A,0,0,0
RM_LOT,_dta_index_RM_LOT_8_686625489__K74_K1_K4_K3_K5_K2_K9_K167_K56_6_7_8_10_11_12_13_14_15_16_17_18_19_20_21_22_23_24_25_26_27_28_,NONCLUSTERED,dutydocno,0,0,0
RM_LOT,_dta_index_RM_LOT_8_686625489__K74_K1_K4_K3_K5_K2_K9_K167_K56_6_7_8_10_11_12_13_14_15_16_17_18_19_20_21_22_23_24_25_26_27_28_,NONCLUSTERED,PLOTNO,0,0,0
RM_LOT,_dta_index_RM_LOT_8_686625489__K74_K1_K4_K3_K5_K2_K9_K167_K56_6_7_8_10_11_12_13_14_15_16_17_18_19_20_21_22_23_24_25_26_27_28_,NONCLUSTERED,STAPLEN50,0,0,0
RM_LOT,_dta_index_RM_LOT_8_686625489__K74_K1_K4_K3_K5_K2_K9_K167_K56_6_7_8_10_11_12_13_14_15_16_17_18_19_20_21_22_23_24_25_26_27_28_,NONCLUSTERED,UNIRATIO,0,0,0
RM_LOT,_dta_index_RM_LOT_8_686625489__K74_K1_K4_K3_K5_K2_K9_K167_K56_6_7_8_10_11_12_13_14_15_16_17_18_19_20_21_22_23_24_25_26_27_28_,NONCLUSTERED,MCOEFF,0,0,0
RM_LOT,_dta_index_RM_LOT_8_686625489__K74_K1_K4_K3_K5_K2_K9_K167_K56_6_7_8_10_11_12_13_14_15_16_17_18_19_20_21_22_23_24_25_26_27_28_,NONCLUSTERED,ISSWT,0,0,0
RM_LOT,_dta_index_RM_LOT_8_686625489__K74_K1_K4_K3_K5_K2_K9_K167_K56_6_7_8_10_11_12_13_14_15_16_17_18_19_20_21_22_23_24_25_26_27_28_,NONCLUSTERED,PJTC,0,0,0
RM_LOT,_dta_index_RM_LOT_8_686625489__K74_K1_K4_K3_K5_K2_K9_K167_K56_6_7_8_10_11_12_13_14_15_16_17_18_19_20_21_22_23_24_25_26_27_28_,NONCLUSTERED,PJNO,0,0,0
RM_LOT,_dta_index_RM_LOT_8_686625489__K74_K1_K4_K3_K5_K2_K9_K167_K56_6_7_8_10_11_12_13_14_15_16_17_18_19_20_21_22_23_24_25_26_27_28_,NONCLUSTERED,PJDT,0,0,0
RM_LOT,_dta_index_RM_LOT_8_686625489__K74_K1_K4_K3_K5_K2_K9_K167_K56_6_7_8_10_11_12_13_14_15_16_17_18_19_20_21_22_23_24_25_26_27_28_,NONCLUSTERED,PJAMT,0,0,0
RM_LOT,_dta_index_RM_LOT_8_686625489__K74_K1_K4_K3_K5_K2_K9_K167_K56_6_7_8_10_11_12_13_14_15_16_17_18_19_20_21_22_23_24_25_26_27_28_,NONCLUSTERED,PTYPE,0,0,0
RM_LOT,_dta_index_RM_LOT_8_686625489__K74_K1_K4_K3_K5_K2_K9_K167_K56_6_7_8_10_11_12_13_14_15_16_17_18_19_20_21_22_23_24_25_26_27_28_,NONCLUSTERED,LGROUP,0,0,0
RM_LOT,_dta_index_RM_LOT_8_686625489__K74_K1_K4_K3_K5_K2_K9_K167_K56_6_7_8_10_11_12_13_14_15_16_17_18_19_20_21_22_23_24_25_26_27_28_,NONCLUSTERED,STAPLEN,0,0,0
RM_LOT,_dta_index_RM_LOT_8_686625489__K74_K1_K4_K3_K5_K2_K9_K167_K56_6_7_8_10_11_12_13_14_15_16_17_18_19_20_21_22_23_24_25_26_27_28_,NONCLUSTERED,SHORT_FIBRE,0,0,0
RM_LOT,_dta_index_RM_LOT_8_686625489__K74_K1_K4_K3_K5_K2_K9_K167_K56_6_7_8_10_11_12_13_14_15_16_17_18_19_20_21_22_23_24_25_26_27_28_,NONCLUSTERED,MICRONAIRE,0,0,0
RM_LOT,_dta_index_RM_LOT_8_686625489__K74_K1_K4_K3_K5_K2_K9_K167_K56_6_7_8_10_11_12_13_14_15_16_17_18_19_20_21_22_23_24_25_26_27_28_,NONCLUSTERED,TRASH_PER,0,0,0
RM_LOT,_dta_index_RM_LOT_8_686625489__K74_K1_K4_K3_K5_K2_K9_K167_K56_6_7_8_10_11_12_13_14_15_16_17_18_19_20_21_22_23_24_25_26_27_28_,NONCLUSTERED,ISSBAL,0,0,0
RM_LOT,_dta_index_RM_LOT_8_686625489__K74_K1_K4_K3_K5_K2_K9_K167_K56_6_7_8_10_11_12_13_14_15_16_17_18_19_20_21_22_23_24_25_26_27_28_,NONCLUSTERED,NETWT,0,0,0
RM_LOT,_dta_index_RM_LOT_8_686625489__K74_K1_K4_K3_K5_K2_K9_K167_K56_6_7_8_10_11_12_13_14_15_16_17_18_19_20_21_22_23_24_25_26_27_28_,NONCLUSTERED,BBLFLG,0,0,0
RM_LOT,_dta_index_RM_LOT_8_686625489__K74_K1_K4_K3_K5_K2_K9_K167_K56_6_7_8_10_11_12_13_14_15_16_17_18_19_20_21_22_23_24_25_26_27_28_,NONCLUSTERED,BALES,0,0,0
RM_LOT,_dta_index_RM_LOT_8_686625489__K74_K1_K4_K3_K5_K2_K9_K167_K56_6_7_8_10_11_12_13_14_15_16_17_18_19_20_21_22_23_24_25_26_27_28_,NONCLUSTERED,RATEKG,0,0,0
RM_LOT,_dta_index_RM_LOT_8_686625489__K74_K1_K4_K3_K5_K2_K9_K167_K56_6_7_8_10_11_12_13_14_15_16_17_18_19_20_21_22_23_24_25_26_27_28_,NONCLUSTERED,RATECY,0,0,0
RM_LOT,_dta_index_RM_LOT_8_686625489__K74_K1_K4_K3_K5_K2_K9_K167_K56_6_7_8_10_11_12_13_14_15_16_17_18_19_20_21_22_23_24_25_26_27_28_,NONCLUSTERED,GODOWN,0,0,0
RM_LOT,_dta_index_RM_LOT_8_686625489__K74_K1_K4_K3_K5_K2_K9_K167_K56_6_7_8_10_11_12_13_14_15_16_17_18_19_20_21_22_23_24_25_26_27_28_,NONCLUSTERED,BEDAMT,0,0,0
RM_LOT,_dta_index_RM_LOT_8_686625489__K74_K1_K4_K3_K5_K2_K9_K167_K56_6_7_8_10_11_12_13_14_15_16_17_18_19_20_21_22_23_24_25_26_27_28_,NONCLUSTERED,AEDAMT,0,0,0
RM_LOT,_dta_index_RM_LOT_8_686625489__K74_K1_K4_K3_K5_K2_K9_K167_K56_6_7_8_10_11_12_13_14_15_16_17_18_19_20_21_22_23_24_25_26_27_28_,NONCLUSTERED,TOTLANDCOST,0,0,0
RM_LOT,_dta_index_RM_LOT_8_686625489__K74_K1_K4_K3_K5_K2_K9_K167_K56_6_7_8_10_11_12_13_14_15_16_17_18_19_20_21_22_23_24_25_26_27_28_,NONCLUSTERED,GRSWGT,0,0,0
RM_LOT,_dta_index_RM_LOT_8_686625489__K74_K1_K4_K3_K5_K2_K9_K167_K56_6_7_8_10_11_12_13_14_15_16_17_18_19_20_21_22_23_24_25_26_27_28_,NONCLUSTERED,TAREWT,0,0,0
RM_LOT,_dta_index_RM_LOT_8_686625489__K74_K1_K4_K3_K5_K2_K9_K167_K56_6_7_8_10_11_12_13_14_15_16_17_18_19_20_21_22_23_24_25_26_27_28_,NONCLUSTERED,SAMPWT,0,0,0
RM_LOT,_dta_index_RM_LOT_8_686625489__K74_K1_K4_K3_K5_K2_K9_K167_K56_6_7_8_10_11_12_13_14_15_16_17_18_19_20_21_22_23_24_25_26_27_28_,NONCLUSTERED,BRKCOM,0,0,0
RM_LOT,_dta_index_RM_LOT_8_686625489__K74_K1_K4_K3_K5_K2_K9_K167_K56_6_7_8_10_11_12_13_14_15_16_17_18_19_20_21_22_23_24_25_26_27_28_,NONCLUSTERED,CARCHG,0,0,0
RM_LOT,_dta_index_RM_LOT_8_686625489__K74_K1_K4_K3_K5_K2_K9_K167_K56_6_7_8_10_11_12_13_14_15_16_17_18_19_20_21_22_23_24_25_26_27_28_,NONCLUSTERED,DNAMT1,0,0,0
RM_LOT,_dta_index_RM_LOT_8_686625489__K74_K1_K4_K3_K5_K2_K9_K167_K56_6_7_8_10_11_12_13_14_15_16_17_18_19_20_21_22_23_24_25_26_27_28_,NONCLUSTERED,DNAMT2,0,0,0
RM_LOT,_dta_index_RM_LOT_8_686625489__K74_K1_K4_K3_K5_K2_K9_K167_K56_6_7_8_10_11_12_13_14_15_16_17_18_19_20_21_22_23_24_25_26_27_28_,NONCLUSTERED,SPOTEXP,0,0,0
RM_LOT,_dta_index_RM_LOT_8_686625489__K74_K1_K4_K3_K5_K2_K9_K167_K56_6_7_8_10_11_12_13_14_15_16_17_18_19_20_21_22_23_24_25_26_27_28_,NONCLUSTERED,INSAMT,0,0,0
RM_LOT,_dta_index_RM_LOT_8_686625489__K74_K1_K4_K3_K5_K2_K9_K167_K56_6_7_8_10_11_12_13_14_15_16_17_18_19_20_21_22_23_24_25_26_27_28_,NONCLUSTERED,ODINT,0,0,0
RM_LOT,_dta_index_RM_LOT_8_686625489__K74_K1_K4_K3_K5_K2_K9_K167_K56_6_7_8_10_11_12_13_14_15_16_17_18_19_20_21_22_23_24_25_26_27_28_,NONCLUSTERED,FPARTY,0,0,0
RM_LOT,_dta_index_RM_LOT_8_686625489__K74_K1_K4_K3_K5_K2_K9_K167_K56_6_7_8_10_11_12_13_14_15_16_17_18_19_20_21_22_23_24_25_26_27_28_,NONCLUSTERED,FREGHT,0,0,0
RM_LOT,_dta_index_RM_LOT_8_686625489__K74_K1_K4_K3_K5_K2_K9_K167_K56_6_7_8_10_11_12_13_14_15_16_17_18_19_20_21_22_23_24_25_26_27_28_,NONCLUSTERED,RLYFRT,0,0,0
RM_LOT,_dta_index_RM_LOT_8_686625489__K74_K1_K4_K3_K5_K2_K9_K167_K56_6_7_8_10_11_12_13_14_15_16_17_18_19_20_21_22_23_24_25_26_27_28_,NONCLUSTERED,LDGULG,0,0,0
RM_LOT,_dta_index_RM_LOT_8_686625489__K74_K1_K4_K3_K5_K2_K9_K167_K56_6_7_8_10_11_12_13_14_15_16_17_18_19_20_21_22_23_24_25_26_27_28_,NONCLUSTERED,BRKRRT,0,0,0
RM_LOT,_dta_index_RM_LOT_8_686625489__K74_K1_K4_K3_K5_K2_K9_K167_K56_6_7_8_10_11_12_13_14_15_16_17_18_19_20_21_22_23_24_25_26_27_28_,NONCLUSTERED,ARRNO,0,0,0
RM_LOT,_dta_index_RM_LOT_8_686625489__K74_K1_K4_K3_K5_K2_K9_K167_K56_6_7_8_10_11_12_13_14_15_16_17_18_19_20_21_22_23_24_25_26_27_28_,NONCLUSTERED,BILLNO,0,0,0
RM_LOT,_dta_index_RM_LOT_8_686625489__K74_K1_K4_K3_K5_K2_K9_K167_K56_6_7_8_10_11_12_13_14_15_16_17_18_19_20_21_22_23_24_25_26_27_28_,NONCLUSTERED,BILLDT,0,0,0
RM_LOT,_dta_index_RM_LOT_8_686625489__K74_K1_K4_K3_K5_K2_K9_K167_K56_6_7_8_10_11_12_13_14_15_16_17_18_19_20_21_22_23_24_25_26_27_28_,NONCLUSTERED,PTYWGT,0,0,0
RM_LOT,_dta_index_RM_LOT_8_686625489__K74_K1_K4_K3_K5_K2_K9_K167_K56_6_7_8_10_11_12_13_14_15_16_17_18_19_20_21_22_23_24_25_26_27_28_,NONCLUSTERED,TAXAMT,0,0,0
RM_LOT,_dta_index_RM_LOT_8_686625489__K74_K1_K4_K3_K5_K2_K9_K167_K56_6_7_8_10_11_12_13_14_15_16_17_18_19_20_21_22_23_24_25_26_27_28_,NONCLUSTERED,BNKCHG,0,0,0
RM_LOT,_dta_index_RM_LOT_8_686625489__K74_K1_K4_K3_K5_K2_K9_K167_K56_6_7_8_10_11_12_13_14_15_16_17_18_19_20_21_22_23_24_25_26_27_28_,NONCLUSTERED,LOTYEAR,1,0,0
RM_LOT,_dta_index_RM_LOT_8_686625489__K74_K1_K4_K3_K5_K2_K9_K167_K56_6_7_8_10_11_12_13_14_15_16_17_18_19_20_21_22_23_24_25_26_27_28_,NONCLUSTERED,DIVCODE,2,0,0
RM_LOT,_dta_index_RM_LOT_8_686625489__K74_K1_K4_K3_K5_K2_K9_K167_K56_6_7_8_10_11_12_13_14_15_16_17_18_19_20_21_22_23_24_25_26_27_28_,NONCLUSTERED,LOTDT,3,0,0
RM_LOT,_dta_index_RM_LOT_8_686625489__K74_K1_K4_K3_K5_K2_K9_K167_K56_6_7_8_10_11_12_13_14_15_16_17_18_19_20_21_22_23_24_25_26_27_28_,NONCLUSTERED,LOTNO,4,0,0
RM_LOT,_dta_index_RM_LOT_8_686625489__K74_K1_K4_K3_K5_K2_K9_K167_K56_6_7_8_10_11_12_13_14_15_16_17_18_19_20_21_22_23_24_25_26_27_28_,NONCLUSTERED,LOTTYPE,5,0,0
RM_LOT,_dta_index_RM_LOT_8_686625489__K74_K1_K4_K3_K5_K2_K9_K167_K56_6_7_8_10_11_12_13_14_15_16_17_18_19_20_21_22_23_24_25_26_27_28_,NONCLUSTERED,CATCD,6,0,0
RM_LOT,_dta_index_RM_LOT_8_686625489__K74_K1_K4_K3_K5_K2_K9_K167_K56_6_7_8_10_11_12_13_14_15_16_17_18_19_20_21_22_23_24_25_26_27_28_,NONCLUSTERED,VARCODE,7,0,0
RM_LOT,_dta_index_RM_LOT_8_686625489__K74_K1_K4_K3_K5_K2_K9_K167_K56_6_7_8_10_11_12_13_14_15_16_17_18_19_20_21_22_23_24_25_26_27_28_,NONCLUSTERED,ins_flg,8,0,0
RM_LOT,_dta_index_RM_LOT_8_686625489__K74_K1_K4_K3_K5_K2_K9_K167_K56_6_7_8_10_11_12_13_14_15_16_17_18_19_20_21_22_23_24_25_26_27_28_,NONCLUSTERED,OPFLG,9,0,0
RM_LOT,_dta_index_RM_LOT_c_5_1720232749__K2_K3_K4,CLUSTERED,CATCD,1,0,0
RM_LOT,_dta_index_RM_LOT_c_5_1720232749__K2_K3_K4,CLUSTERED,LOTNO,2,0,0
RM_LOT,_dta_index_RM_LOT_c_5_1720232749__K2_K3_K4,CLUSTERED,LOTDT,3,0,0
RM_LOT,KSL_RMI2,NONCLUSTERED,ARRNO,0,0,0
RM_LOT,KSL_RMI2,NONCLUSTERED,DIVCODE,1,0,0
RM_LOT,KSL_RMI2,NONCLUSTERED,LOTTYPE,2,0,0
RM_LOT,KSL_RMI2,NONCLUSTERED,OPFLG,3,0,0
RM_LOT,KSL_RMI2,NONCLUSTERED,LOTDT,4,0,0
RM_LOT,KSL_RMI2,NONCLUSTERED,ISSBAL,5,0,0
RM_LOT,KSL_RMI2,NONCLUSTERED,ISSWT,6,0,0
RM_LOT,ksp_index2,NONCLUSTERED,RATEKG,0,0,0
RM_LOT,ksp_index2,NONCLUSTERED,DIVCODE,1,0,0
RM_LOT,ksp_index2,NONCLUSTERED,LOTNO,2,0,0
RM_LOT,ksp_index2,NONCLUSTERED,LOTDT,3,0,0
RM_LOT,ksp_index2,NONCLUSTERED,VARCODE,4,0,0
RM_LOT,ksp_index2,NONCLUSTERED,LOTYEAR,5,0,0
RM_LOT,KSP_JTCL_idx1,NONCLUSTERED,LOTNO,0,0,0
RM_LOT,KSP_JTCL_idx1,NONCLUSTERED,LOTDT,0,0,0
RM_LOT,KSP_JTCL_idx1,NONCLUSTERED,VARCODE,0,0,0
RM_LOT,KSP_JTCL_idx1,NONCLUSTERED,RATEKG,0,0,0
RM_LOT,KSP_JTCL_idx1,NONCLUSTERED,DIVCODE,1,0,0
RM_LOT,KSP_JTCL_idx1,NONCLUSTERED,LOTYEAR,2,0,0
RM_LOT,PK_RM_LOT,NONCLUSTERED,DIVCODE,1,1,1
RM_LOT,PK_RM_LOT,NONCLUSTERED,CATCD,2,1,1
RM_LOT,PK_RM_LOT,NONCLUSTERED,LOTNO,3,1,1
RM_LOT,PK_RM_LOT,NONCLUSTERED,LOTDT,4,1,1
RM_LOT,PK_RM_LOT,NONCLUSTERED,LOTTYPE,5,1,1
RM_LOT,PK_RM_LOT,NONCLUSTERED,VARCODE,6,1,1
RM_LOT,PK_RM_LOT,NONCLUSTERED,GODOWN,7,1,1
RM_LOT,PK_RM_LOT,NONCLUSTERED,LOTYEAR,8,1,1
RM_MIXGRP,PK__RM_MIXGRP__25A1343B,CLUSTERED,MIXGRPCD,1,1,1
RM_MIXGRP,PK__RM_MIXGRP__25A1343B,CLUSTERED,DIVCODE,2,1,1
RM_SustainRMType,PK_RM_SustainRMType,CLUSTERED,Code,1,1,1
RM_VAR,PK__RM_VAR__1960B67E,CLUSTERED,VARCODE,1,1,1
RM_WEIGHNMENT,PK_RM_WEIGHNMENT,CLUSTERED,CODE,1,1,1
